order_id,customer_id,order_date,total_amount,coupon_code
ORD00001,CUST00410,2026-02-27,784000,DISC 50
ORD00002,CUST03658,2026-05-06,167000,NONE
ORD00003,CUST08936,2026-02-22,114000,NONE
ORD00004,CUST00521,2026-08-05,55000,DISC10
ORD00005,CUST03812,2026-04-22,542000,NONE
ORD00006,CUST09196,2026-01-14,228000,NONE
ORD00007,CUST03612,2026-08-03,484000,NONE
ORD00008,CUST00107,2026-05-23,802000,DISCC20
ORD00009,CUST05575,2026-08-05,309000,DISCC20
ORD00010,CUST05515,2026-04-21,129000,DISC10
ORD00011,CUST01585,2026-07-14,392000,DISC 50
ORD00012,CUST00712,2026-05-16,772000,NONE
ORD00013,CUST06202,2026-03-05,105000,NONE
ORD00014,CUST05926,2026-05-31,616000,DISCC20
ORD00015,CUST00751,2026-02-05,702000,DISCC20
ORD00016,CUST01308,2026-05-29,900000,DISCC20
ORD00017,CUST06228,2026-02-21,309000,NONE
ORD00018,CUST02665,2026-07-06,404000,DISC 50
ORD00019,CUST04375,2026-04-18,743000,NONE
ORD00020,CUST09981,2026-02-06,675000,DISCC20
ORD00021,CUST04011,2026-10-01,192000,NONE
ORD00022,CUST04423,2026-07-14,972000,NONE
ORD00023,CUST05314,2026-04-23,888000,DISC10
ORD00024,CUST00526,2026-04-28,849000,DISC 50
ORD00025,CUST04387,2026-07-25,92000,DISCC20
ORD00026,CUST03484,2026-06-11,696000,NONE
ORD00027,CUST07518,2026-07-22,171000,DISC 50
ORD00028,CUST04041,2026-03-13,787000,NONE
ORD00029,CUST09578,2026-05-15,463000,NONE
ORD00030,CUST05931,2026-07-24,249000,DISCC20
ORD00031,CUST08086,2026-09-18,118000,DISC10
ORD00032,CUST02505,2026-02-26,667000,DISCC20
ORD00033,CUST09772,2026-08-05,90000,NONE
ORD00034,CUST09764,2026-07-15,504000,NONE
ORD00035,CUST09065,2026-05-09,906000,DISC10
ORD00036,CUST08798,2026-02-28,793000,DISC 50
ORD00037,CUST01828,2026-06-24,325000,NONE
ORD00038,CUST07434,2026-03-22,28000,NONE
ORD00039,CUST08202,2026-05-15,805000,DISCC20
ORD00040,CUST01744,2026-09-17,916000,NONE
ORD00041,CUST08318,2026-06-02,648000,DISCC20
ORD00042,CUST06127,2026-03-20,805000,DISCC20
ORD00043,CUST00010,2026-09-29,638000,DISC 50
ORD00044,CUST00320,2026-09-08,139000,DISC 50
ORD00045,CUST03924,2026-06-07,84000,DISCC20
ORD00046,CUST01404,2026-02-10,774000,NONE
ORD00047,CUST08728,2026-02-05,809000,DISCC20
ORD00048,CUST07788,2026-03-07,994000,NONE
ORD00049,CUST04343,2026-03-26,565000,NONE
ORD00050,CUST03471,2026-08-05,976000,NONE
ORD00051,CUST05108,2026-04-13,433000,NONE
ORD00052,CUST07178,2026-07-11,946000,NONE
ORD00053,CUST01983,2026-08-20,278000,DISCC20
ORD00054,CUST05540,2026-02-02,46000,NONE
ORD00055,CUST09642,2026-04-28,250000,DISC10
ORD00056,CUST00965,2026-02-06,259000,DISC10
ORD00057,CUST05414,2026-01-17,97000,NONE
ORD00058,CUST04563,2026-05-02,710000,NONE
ORD00059,CUST08835,2026-04-20,160000,NONE
ORD00060,CUST03982,2026-08-31,828000,NONE
ORD00061,CUST03120,2026-07-28,121000,DISC10
ORD00062,CUST05805,2026-08-09,458000,NONE
ORD00063,CUST00888,2026-08-28,714000,NONE
ORD00064,CUST00994,2026-02-20,437000,NONE
ORD00065,CUST01791,2026-06-23,279000,DISCC20
ORD00066,CUST08787,2026-04-08,484000,DISCC20
ORD00067,CUST03007,2026-08-05,310000,NONE
ORD00068,CUST01236,2026-05-08,478000,NONE
ORD00069,CUST00829,2026-02-20,692000,NONE
ORD00070,CUST01529,2026-01-08,973000,DISCC20
ORD00071,CUST06659,2026-03-27,522000,NONE
ORD00072,CUST06571,2026-04-20,949000,DISC10
ORD00073,CUST06210,2026-03-26,27000,NONE
ORD00074,CUST07455,2026-05-16,317000,NONE
ORD00075,CUST02537,2026-09-07,219000,DISC 50
ORD00076,CUST00959,2026-04-22,618000,NONE
ORD00077,CUST05139,2026-02-01,83000,DISC10
ORD00078,CUST08239,2026-09-02,966000,NONE
ORD00079,CUST00932,2026-03-22,545000,DISC10
ORD00080,CUST01123,2026-04-06,634000,DISC10
ORD00081,CUST06616,2026-05-01,147000,NONE
ORD00082,CUST09486,2026-05-07,633000,DISC10
ORD00083,CUST06869,2026-02-11,698000,NONE
ORD00084,CUST05184,2026-09-25,982000,DISC 50
ORD00085,CUST05148,2026-04-15,269000,DISC 50
ORD00086,CUST02145,2026-07-22,712000,NONE
ORD00087,CUST07492,2026-06-03,348000,DISC10
ORD00088,CUST07509,2026-01-05,661000,NONE
ORD00089,CUST01201,2026-02-21,575000,DISCC20
ORD00090,CUST04346,2026-09-17,160000,DISC 50
ORD00091,CUST04003,2026-02-05,403000,DISC 50
ORD00092,CUST07180,2026-03-22,878000,NONE
ORD00093,CUST08667,2026-06-04,33000,NONE
ORD00094,CUST01698,2026-06-03,986000,DISCC20
ORD00095,CUST01892,2026-05-16,936000,DISC10
ORD00096,CUST04463,2026-03-21,313000,NONE
ORD00097,CUST05618,2026-04-18,233000,NONE
ORD00098,CUST08281,2026-05-16,525000,DISC 50
ORD00099,CUST01513,2026-01-27,674000,NONE
ORD00100,CUST00723,2026-05-22,28000,DISC 50
ORD00101,CUST04292,2026-03-08,190000,NONE
ORD00102,CUST09039,2026-08-15,747000,NONE
ORD00103,CUST01833,2026-01-05,102000,NONE
ORD00104,CUST08939,2026-03-18,61000,DISC 50
ORD00105,CUST07042,2026-03-17,155000,DISC10
ORD00106,CUST05975,2026-06-07,945000,DISC10
ORD00107,CUST03442,2026-07-03,723000,DISCC20
ORD00108,CUST05795,2026-02-22,823000,NONE
ORD00109,CUST02533,2026-07-28,972000,DISCC20
ORD00110,CUST02901,2026-03-25,927000,NONE
ORD00111,CUST02939,2026-01-13,779000,DISC 50
ORD00112,CUST04066,2026-07-30,298000,DISCC20
ORD00113,CUST06268,2026-02-25,918000,DISC10
ORD00114,CUST03645,2026-08-29,229000,NONE
ORD00115,CUST05001,2026-06-29,865000,DISCC20
ORD00116,CUST00388,2026-04-25,700000,DISCC20
ORD00117,CUST05379,2026-07-24,310000,DISC10
ORD00118,CUST05754,2026-05-23,681000,NONE
ORD00119,CUST08786,2026-07-24,364000,DISC10
ORD00120,CUST04280,2026-03-01,207000,NONE
ORD00121,CUST00627,2026-05-16,136000,NONE
ORD00122,CUST05664,2026-08-11,771000,DISC 50
ORD00123,CUST09933,2026-08-12,548000,DISC10
ORD00124,CUST09447,2026-07-17,219000,DISC 50
ORD00125,CUST07145,2026-01-23,26000,NONE
ORD00126,CUST05968,2026-04-11,466000,DISC10
ORD00127,CUST05144,2026-06-19,704000,DISC10
ORD00128,CUST08309,2026-06-03,341000,NONE
ORD00129,CUST05345,2026-07-29,437000,NONE
ORD00130,CUST09084,2026-06-01,155000,DISCC20
ORD00131,CUST06212,2026-08-04,718000,NONE
ORD00132,CUST09325,2026-03-31,333000,NONE
ORD00133,CUST04979,2026-01-01,318000,DISCC20
ORD00134,CUST09503,2026-08-09,646000,NONE
ORD00135,CUST07619,2026-06-14,477000,NONE
ORD00136,CUST08376,2026-04-20,509000,NONE
ORD00137,CUST01390,2026-03-28,315000,NONE
ORD00138,CUST01531,2026-06-21,863000,DISCC20
ORD00139,CUST03681,2026-06-08,850000,DISCC20
ORD00140,CUST00401,2026-03-17,72000,DISCC20
ORD00141,CUST01194,2026-09-01,491000,NONE
ORD00142,CUST06292,2026-04-10,531000,NONE
ORD00143,CUST02418,2026-05-05,696000,NONE
ORD00144,CUST01747,2026-01-03,822000,NONE
ORD00145,CUST02882,2026-04-23,848000,NONE
ORD00146,CUST07612,2026-09-23,76000,NONE
ORD00147,CUST01989,2026-05-08,492000,DISCC20
ORD00148,CUST08703,2026-08-26,597000,NONE
ORD00149,CUST07252,2026-06-12,652000,NONE
ORD00150,CUST06992,2026-09-16,875000,NONE
ORD00151,CUST02608,2026-08-17,786000,NONE
ORD00152,CUST04247,2026-08-19,794000,DISCC20
ORD00153,CUST08541,2026-05-22,521000,NONE
ORD00154,CUST04500,2026-05-03,475000,DISC10
ORD00155,CUST03842,2026-05-27,303000,DISC 50
ORD00156,CUST08850,2026-06-13,107000,DISCC20
ORD00157,CUST03789,2026-03-19,417000,NONE
ORD00158,CUST03506,2026-03-20,90000,NONE
ORD00159,CUST05422,2026-07-28,580000,NONE
ORD00160,CUST01021,2026-08-01,236000,NONE
ORD00161,CUST09570,2026-07-19,993000,NONE
ORD00162,CUST09433,2026-01-11,414000,NONE
ORD00163,CUST05764,2026-01-04,330000,NONE
ORD00164,CUST08819,2026-08-03,790000,NONE
ORD00165,CUST08000,2026-04-23,249000,DISC 50
ORD00166,CUST07957,2026-08-12,54000,NONE
ORD00167,CUST06625,2026-06-22,766000,DISCC20
ORD00168,CUST02092,2026-08-28,662000,NONE
ORD00169,CUST06456,2026-01-14,631000,NONE
ORD00170,CUST01376,2026-01-14,683000,NONE
ORD00171,CUST07565,2026-03-11,211000,DISC10
ORD00172,CUST06212,2026-05-14,360000,DISCC20
ORD00173,CUST05356,2026-08-21,370000,NONE
ORD00174,CUST06907,2026-05-23,283000,DISC10
ORD00175,CUST00318,2026-08-29,792000,NONE
ORD00176,CUST05734,2026-01-27,254000,NONE
ORD00177,CUST00660,2026-02-05,797000,DISC10
ORD00178,CUST03267,2026-05-07,884000,DISC10
ORD00179,CUST03909,2026-03-20,154000,NONE
ORD00180,CUST09241,2026-02-28,995000,DISCC20
ORD00181,CUST04199,2026-08-27,810000,DISC 50
ORD00182,CUST09927,2026-03-27,646000,NONE
ORD00183,CUST02684,2026-02-28,343000,DISC10
ORD00184,CUST05112,2026-01-14,614000,NONE
ORD00185,CUST06499,2026-07-12,989000,NONE
ORD00186,CUST01246,2026-04-12,631000,NONE
ORD00187,CUST01670,2026-05-05,738000,DISC 50
ORD00188,CUST09273,2026-03-03,826000,DISC10
ORD00189,CUST08729,2026-06-27,463000,NONE
ORD00190,CUST01130,2026-07-09,543000,NONE
ORD00191,CUST00208,2026-06-24,894000,NONE
ORD00192,CUST01730,2026-09-08,468000,DISC 50
ORD00193,CUST02507,2026-08-24,470000,DISCC20
ORD00194,CUST04426,2026-09-25,655000,NONE
ORD00195,CUST07617,2026-09-05,471000,NONE
ORD00196,CUST05281,2026-05-18,897000,DISCC20
ORD00197,CUST04570,2026-02-14,927000,NONE
ORD00198,CUST07614,2026-05-05,608000,NONE
ORD00199,CUST05512,2026-07-14,54000,NONE
ORD00200,CUST02980,2026-06-16,524000,DISCC20
ORD00201,CUST04233,2026-07-01,373000,DISC 50
ORD00202,CUST09107,2026-05-22,35000,NONE
ORD00203,CUST01403,2026-04-08,272000,NONE
ORD00204,CUST08005,2026-07-28,593000,DISCC20
ORD00205,CUST08042,2026-09-01,483000,DISC10
ORD00206,CUST04821,2026-02-17,251000,NONE
ORD00207,CUST05017,2026-05-05,704000,NONE
ORD00208,CUST07754,2026-07-08,591000,NONE
ORD00209,CUST06972,2026-06-26,788000,NONE
ORD00210,CUST05765,2026-06-19,744000,NONE
ORD00211,CUST05024,2026-05-19,282000,DISCC20
ORD00212,CUST03156,2026-03-03,348000,DISC10
ORD00213,CUST03139,2026-04-05,246000,NONE
ORD00214,CUST04531,2026-09-05,766000,NONE
ORD00215,CUST09778,2026-09-26,314000,DISC10
ORD00216,CUST04854,2026-04-10,257000,DISC 50
ORD00217,CUST04953,2026-04-02,39000,NONE
ORD00218,CUST02074,2026-10-01,305000,DISC10
ORD00219,CUST09067,2026-01-28,324000,NONE
ORD00220,CUST08043,2026-03-06,130000,DISC10
ORD00221,CUST07691,2026-05-26,515000,NONE
ORD00222,CUST03021,2026-06-24,77000,DISC 50
ORD00223,CUST01870,2026-09-02,866000,DISC10
ORD00224,CUST08057,2026-07-25,100000,NONE
ORD00225,CUST02486,2026-01-28,177000,NONE
ORD00226,CUST01396,2026-06-05,279000,DISC10
ORD00227,CUST09934,2026-08-02,635000,NONE
ORD00228,CUST08562,2026-04-26,414000,NONE
ORD00229,CUST04872,2026-08-15,905000,NONE
ORD00230,CUST05004,2026-08-08,607000,NONE
ORD00231,CUST09989,2026-01-31,782000,DISC10
ORD00232,CUST03458,2026-04-17,295000,NONE
ORD00233,CUST02574,2026-02-11,270000,DISCC20
ORD00234,CUST02565,2026-02-08,27000,NONE
ORD00235,CUST09730,2026-08-19,506000,DISC 50
ORD00236,CUST03793,2026-01-17,320000,NONE
ORD00237,CUST07439,2026-05-25,97000,NONE
ORD00238,CUST04335,2026-04-30,831000,NONE
ORD00239,CUST06966,2026-04-12,142000,NONE
ORD00240,CUST02442,2026-04-26,955000,DISC 50
ORD00241,CUST01170,2026-03-14,86000,DISCC20
ORD00242,CUST09750,2026-06-07,791000,NONE
ORD00243,CUST07196,2026-05-28,152000,NONE
ORD00244,CUST06595,2026-06-05,990000,DISC 50
ORD00245,CUST08848,2026-09-14,530000,NONE
ORD00246,CUST09799,2026-02-11,65000,NONE
ORD00247,CUST09892,2026-06-15,281000,DISC10
ORD00248,CUST03751,2026-02-16,715000,NONE
ORD00249,CUST04416,2026-01-11,615000,DISC10
ORD00250,CUST07709,2026-03-31,556000,NONE
ORD00251,CUST04558,2026-08-15,210000,NONE
ORD00252,CUST08057,2026-08-12,118000,NONE
ORD00253,CUST06691,2026-06-28,366000,DISC 50
ORD00254,CUST02635,2026-02-23,362000,NONE
ORD00255,CUST04723,2026-09-11,703000,NONE
ORD00256,CUST07452,2026-01-19,115000,DISC 50
ORD00257,CUST05297,2026-05-10,143000,NONE
ORD00258,CUST00019,2026-09-21,698000,NONE
ORD00259,CUST06771,2026-08-25,80000,DISCC20
ORD00260,CUST05928,2026-09-23,662000,NONE
ORD00261,CUST00846,2026-08-15,233000,DISC 50
ORD00262,CUST04720,2026-03-09,473000,NONE
ORD00263,CUST01990,2026-09-06,54000,NONE
ORD00264,CUST02595,2026-05-03,343000,NONE
ORD00265,CUST09049,2026-01-08,442000,DISC10
ORD00266,CUST01859,2026-04-26,497000,DISC10
ORD00267,CUST08166,2026-03-20,980000,NONE
ORD00268,CUST08338,2026-05-30,747000,DISC 50
ORD00269,CUST07906,2026-08-01,508000,DISCC20
ORD00270,CUST09032,2026-08-22,173000,NONE
ORD00271,CUST09821,2026-04-08,545000,NONE
ORD00272,CUST01144,2026-03-11,307000,NONE
ORD00273,CUST08319,2026-06-24,298000,DISC10
ORD00274,CUST04892,2026-05-25,882000,NONE
ORD00275,CUST02435,2026-09-08,482000,NONE
ORD00276,CUST05655,2026-09-05,365000,NONE
ORD00277,CUST07461,2026-07-13,980000,DISC 50
ORD00278,CUST03913,2026-04-07,610000,NONE
ORD00279,CUST06731,2026-04-30,69000,DISC 50
ORD00280,CUST06247,2026-08-31,420000,NONE
ORD00281,CUST08116,2026-03-19,62000,DISCC20
ORD00282,CUST09670,2026-09-15,364000,DISC10
ORD00283,CUST01634,2026-08-14,563000,NONE
ORD00284,CUST02362,2026-01-08,444000,NONE
ORD00285,CUST01226,2026-03-21,505000,DISC 50
ORD00286,CUST06513,2026-06-23,690000,DISC10
ORD00287,CUST08743,2026-06-18,414000,DISC 50
ORD00288,CUST08865,2026-09-07,61000,NONE
ORD00289,CUST03847,2026-02-05,671000,NONE
ORD00290,CUST03728,2026-05-28,789000,DISC10
ORD00291,CUST01613,2026-08-11,803000,NONE
ORD00292,CUST07270,2026-02-21,195000,NONE
ORD00293,CUST00475,2026-06-03,72000,DISC 50
ORD00294,CUST04807,2026-01-29,392000,DISC 50
ORD00295,CUST02386,2026-08-09,275000,NONE
ORD00296,CUST09273,2026-07-30,723000,DISCC20
ORD00297,CUST02869,2026-03-29,105000,NONE
ORD00298,CUST03946,2026-07-15,534000,NONE
ORD00299,CUST03805,2026-03-15,497000,NONE
ORD00300,CUST07530,2026-05-11,286000,NONE
ORD00301,CUST07623,2026-01-05,947000,DISC 50
ORD00302,CUST01211,2026-03-22,477000,DISC 50
ORD00303,CUST06952,2026-06-03,731000,DISC 50
ORD00304,CUST04950,2026-08-22,228000,NONE
ORD00305,CUST01748,2026-09-05,267000,NONE
ORD00306,CUST09418,2026-07-03,327000,NONE
ORD00307,CUST00360,2026-06-01,874000,NONE
ORD00308,CUST04498,2026-07-22,33000,NONE
ORD00309,CUST09936,2026-01-26,788000,NONE
ORD00310,CUST03771,2026-05-27,646000,DISC 50
ORD00311,CUST03116,2026-04-23,660000,DISC 50
ORD00312,CUST01592,2026-03-12,950000,NONE
ORD00313,CUST05062,2026-01-21,832000,NONE
ORD00314,CUST09496,2026-01-18,398000,NONE
ORD00315,CUST01477,2026-03-09,956000,DISC 50
ORD00316,CUST06808,2026-06-17,204000,DISCC20
ORD00317,CUST08838,2026-03-09,922000,DISC 50
ORD00318,CUST08222,2026-09-29,960000,DISC 50
ORD00319,CUST04211,2026-03-26,960000,NONE
ORD00320,CUST05550,2026-06-01,848000,DISC10
ORD00321,CUST01234,2026-08-28,169000,DISCC20
ORD00322,CUST09132,2026-07-23,399000,DISC10
ORD00323,CUST00229,2026-07-22,295000,NONE
ORD00324,CUST07452,2026-03-05,402000,NONE
ORD00325,CUST09578,2026-05-15,415000,NONE
ORD00326,CUST01776,2026-07-10,716000,DISCC20
ORD00327,CUST00411,2026-08-30,659000,NONE
ORD00328,CUST09996,2026-06-17,251000,NONE
ORD00329,CUST07607,2026-02-02,956000,NONE
ORD00330,CUST06690,2026-06-04,144000,DISCC20
ORD00331,CUST00610,2026-01-24,336000,NONE
ORD00332,CUST01593,2026-03-01,265000,NONE
ORD00333,CUST06368,2026-03-11,489000,DISC 50
ORD00334,CUST09623,2026-08-03,785000,NONE
ORD00335,CUST06798,2026-03-21,695000,DISC10
ORD00336,CUST06687,2026-09-08,986000,DISC 50
ORD00337,CUST06071,2026-01-17,247000,NONE
ORD00338,CUST03869,2026-08-16,900000,DISC 50
ORD00339,CUST06019,2026-02-20,582000,NONE
ORD00340,CUST00993,2026-07-03,432000,DISC 50
ORD00341,CUST02002,2026-04-08,996000,NONE
ORD00342,CUST03476,2026-02-16,682000,NONE
ORD00343,CUST00829,2026-01-11,830000,DISC 50
ORD00344,CUST02064,2026-05-05,830000,NONE
ORD00345,CUST01125,2026-04-16,874000,NONE
ORD00346,CUST09608,2026-04-17,246000,DISCC20
ORD00347,CUST02418,2026-06-18,832000,NONE
ORD00348,CUST04543,2026-01-02,904000,DISCC20
ORD00349,CUST08851,2026-03-08,281000,DISCC20
ORD00350,CUST00423,2026-02-26,159000,DISC10
ORD00351,CUST03899,2026-07-03,627000,DISC 50
ORD00352,CUST02855,2026-01-09,296000,DISC10
ORD00353,CUST06898,2026-03-06,563000,DISC10
ORD00354,CUST07803,2026-02-02,484000,DISC 50
ORD00355,CUST09727,2026-09-20,136000,NONE
ORD00356,CUST03630,2026-09-15,993000,NONE
ORD00357,CUST08544,2026-01-23,333000,NONE
ORD00358,CUST00997,2026-01-16,515000,NONE
ORD00359,CUST01769,2026-08-07,527000,NONE
ORD00360,CUST01205,2026-08-16,945000,DISC10
ORD00361,CUST09967,2026-06-14,176000,DISC10
ORD00362,CUST04506,2026-03-06,664000,NONE
ORD00363,CUST06241,2026-06-16,636000,NONE
ORD00364,CUST07434,2026-05-31,542000,NONE
ORD00365,CUST01625,2026-08-09,837000,NONE
ORD00366,CUST09034,2026-02-28,763000,DISCC20
ORD00367,CUST07399,2026-08-09,934000,DISCC20
ORD00368,CUST05554,2026-07-31,872000,NONE
ORD00369,CUST06816,2026-07-24,772000,DISC10
ORD00370,CUST06993,2026-06-10,345000,NONE
ORD00371,CUST06133,2026-05-11,181000,NONE
ORD00372,CUST01100,2026-08-31,118000,DISC10
ORD00373,CUST07076,2026-02-17,123000,NONE
ORD00374,CUST02132,2026-07-10,594000,DISC10
ORD00375,CUST02003,2026-06-18,445000,DISC 50
ORD00376,CUST00843,2026-08-05,319000,NONE
ORD00377,CUST05762,2026-06-09,131000,NONE
ORD00378,CUST03486,2026-09-17,183000,NONE
ORD00379,CUST03675,2026-09-04,892000,DISC10
ORD00380,CUST09114,2026-06-29,401000,DISC10
ORD00381,CUST09407,2026-05-23,256000,NONE
ORD00382,CUST09978,2026-01-14,976000,NONE
ORD00383,CUST00475,2026-05-17,209000,DISC 50
ORD00384,CUST05568,2026-06-08,384000,DISC10
ORD00385,CUST02348,2026-04-03,604000,NONE
ORD00386,CUST01141,2026-07-25,170000,NONE
ORD00387,CUST01504,2026-01-16,789000,NONE
ORD00388,CUST06164,2026-04-21,454000,NONE
ORD00389,CUST02579,2026-06-24,403000,DISC 50
ORD00390,CUST09300,2026-06-16,635000,DISC10
ORD00391,CUST02550,2026-01-27,186000,NONE
ORD00392,CUST01337,2026-01-26,303000,NONE
ORD00393,CUST07958,2026-08-06,646000,NONE
ORD00394,CUST04476,2026-08-01,245000,NONE
ORD00395,CUST05656,2026-02-28,465000,DISC10
ORD00396,CUST09718,2026-05-26,523000,NONE
ORD00397,CUST00745,2026-06-07,250000,NONE
ORD00398,CUST00126,2026-01-29,234000,DISC 50
ORD00399,CUST02249,2026-04-19,807000,DISC 50
ORD00400,CUST05376,2026-05-29,147000,DISC10
ORD00401,CUST07056,2026-09-12,204000,DISCC20
ORD00402,CUST08726,2026-07-14,745000,DISCC20
ORD00403,CUST09155,2026-09-14,878000,NONE
ORD00404,CUST01181,2026-07-01,431000,NONE
ORD00405,CUST07148,2026-01-22,44000,NONE
ORD00406,CUST05130,2026-02-09,614000,NONE
ORD00407,CUST06844,2026-07-27,321000,DISC10
ORD00408,CUST00342,2026-07-27,357000,DISCC20
ORD00409,CUST05929,2026-08-24,115000,NONE
ORD00410,CUST03987,2026-02-24,471000,NONE
ORD00411,CUST08585,2026-07-25,105000,NONE
ORD00412,CUST05563,2026-06-08,251000,DISC 50
ORD00413,CUST01252,2026-03-28,547000,NONE
ORD00414,CUST08694,2026-02-28,547000,DISCC20
ORD00415,CUST05753,2026-06-28,769000,NONE
ORD00416,CUST03872,2026-03-17,130000,DISCC20
ORD00417,CUST03233,2026-05-12,202000,NONE
ORD00418,CUST01235,2026-03-20,206000,NONE
ORD00419,CUST07602,2026-09-10,797000,NONE
ORD00420,CUST09249,2026-08-18,683000,NONE
ORD00421,CUST05180,2026-06-15,179000,NONE
ORD00422,CUST07683,2026-02-04,477000,NONE
ORD00423,CUST04501,2026-06-05,630000,DISC10
ORD00424,CUST08313,2026-06-30,100000,DISC 50
ORD00425,CUST07405,2026-08-25,63000,DISC10
ORD00426,CUST04704,2026-07-08,103000,NONE
ORD00427,CUST09734,2026-02-16,544000,NONE
ORD00428,CUST09509,2026-08-25,592000,NONE
ORD00429,CUST07369,2026-01-22,955000,NONE
ORD00430,CUST05268,2026-04-07,644000,NONE
ORD00431,CUST02472,2026-09-14,88000,NONE
ORD00432,CUST05627,2026-02-22,756000,DISC10
ORD00433,CUST02828,2026-09-16,65000,DISCC20
ORD00434,CUST07200,2026-08-13,561000,NONE
ORD00435,CUST05963,2026-03-23,406000,DISC 50
ORD00436,CUST06698,2026-07-18,818000,DISC 50
ORD00437,CUST05483,2026-01-27,92000,DISC 50
ORD00438,CUST09142,2026-02-18,719000,NONE
ORD00439,CUST04129,2026-05-26,766000,NONE
ORD00440,CUST05462,2026-03-18,108000,NONE
ORD00441,CUST05732,2026-03-14,342000,NONE
ORD00442,CUST02113,2026-07-20,634000,NONE
ORD00443,CUST05073,2026-02-13,597000,NONE
ORD00444,CUST02094,2026-06-18,711000,NONE
ORD00445,CUST01532,2026-09-27,686000,NONE
ORD00446,CUST08332,2026-08-05,395000,DISC10
ORD00447,CUST05061,2026-07-05,209000,DISCC20
ORD00448,CUST07968,2026-06-24,221000,DISCC20
ORD00449,CUST02539,2026-03-12,104000,DISC 50
ORD00450,CUST08318,2026-02-21,814000,NONE
ORD00451,CUST00619,2026-09-27,702000,DISC 50
ORD00452,CUST09786,2026-03-09,410000,DISCC20
ORD00453,CUST02963,2026-03-25,876000,NONE
ORD00454,CUST07171,2026-03-26,69000,NONE
ORD00455,CUST03892,2026-07-06,479000,NONE
ORD00456,CUST07356,2026-05-26,264000,NONE
ORD00457,CUST05071,2026-05-03,853000,NONE
ORD00458,CUST06027,2026-04-10,719000,NONE
ORD00459,CUST07565,2026-08-14,812000,DISC 50
ORD00460,CUST08240,2026-07-15,565000,NONE
ORD00461,CUST03272,2026-03-24,845000,NONE
ORD00462,CUST04097,2026-03-12,78000,NONE
ORD00463,CUST06082,2026-09-04,592000,DISC10
ORD00464,CUST02043,2026-09-22,316000,DISC10
ORD00465,CUST04470,2026-03-24,485000,NONE
ORD00466,CUST07168,2026-03-17,118000,DISCC20
ORD00467,CUST05728,2026-08-19,977000,DISC10
ORD00468,CUST00873,2026-08-01,430000,NONE
ORD00469,CUST03863,2026-07-11,420000,DISC10
ORD00470,CUST03679,2026-07-11,53000,DISC 50
ORD00471,CUST05494,2026-02-20,835000,DISCC20
ORD00472,CUST00628,2026-03-12,318000,NONE
ORD00473,CUST07686,2026-03-13,484000,NONE
ORD00474,CUST01299,2026-01-03,44000,DISC 50
ORD00475,CUST02450,2026-04-21,586000,NONE
ORD00476,CUST06935,2026-09-28,138000,DISC 50
ORD00477,CUST04935,2026-05-02,149000,DISC10
ORD00478,CUST06879,2026-05-03,679000,NONE
ORD00479,CUST01030,2026-08-23,138000,NONE
ORD00480,CUST08444,2026-01-09,613000,DISCC20
ORD00481,CUST04773,2026-03-15,464000,DISC10
ORD00482,CUST03942,2026-06-30,609000,NONE
ORD00483,CUST01403,2026-04-06,561000,DISC 50
ORD00484,CUST08619,2026-02-04,582000,NONE
ORD00485,CUST09080,2026-09-17,45000,NONE
ORD00486,CUST00714,2026-08-29,675000,NONE
ORD00487,CUST04156,2026-07-11,790000,DISC10
ORD00488,CUST01107,2026-07-02,378000,DISCC20
ORD00489,CUST09534,2026-02-23,777000,DISC 50
ORD00490,CUST00727,2026-03-10,385000,NONE
ORD00491,CUST02869,2026-06-23,875000,NONE
ORD00492,CUST07841,2026-08-26,671000,DISCC20
ORD00493,CUST01034,2026-03-11,758000,NONE
ORD00494,CUST04808,2026-01-19,231000,DISC10
ORD00495,CUST00687,2026-04-13,348000,DISC 50
ORD00496,CUST06525,2026-09-21,859000,NONE
ORD00497,CUST04151,2026-08-31,62000,NONE
ORD00498,CUST04688,2026-04-08,390000,DISC10
ORD00499,CUST04477,2026-06-19,152000,DISC 50
ORD00500,CUST06554,2026-08-12,786000,NONE
ORD00501,CUST05555,2026-07-17,216000,NONE
ORD00502,CUST06019,2026-09-12,971000,NONE
ORD00503,CUST01354,2026-05-17,769000,NONE
ORD00504,CUST07056,2026-02-10,641000,DISCC20
ORD00505,CUST05263,2026-05-31,130000,DISC10
ORD00506,CUST04844,2026-06-17,338000,NONE
ORD00507,CUST02731,2026-08-07,731000,NONE
ORD00508,CUST07326,2026-06-29,68000,NONE
ORD00509,CUST07127,2026-06-30,306000,NONE
ORD00510,CUST01230,2026-01-30,712000,NONE
ORD00511,CUST05953,2026-07-27,550000,NONE
ORD00512,CUST00511,2026-03-23,171000,NONE
ORD00513,CUST00571,2026-08-13,154000,DISC10
ORD00514,CUST06002,2026-05-01,395000,NONE
ORD00515,CUST09914,2026-01-17,182000,NONE
ORD00516,CUST06078,2026-08-19,405000,NONE
ORD00517,CUST09404,2026-02-09,165000,NONE
ORD00518,CUST06522,2026-07-07,346000,NONE
ORD00519,CUST04090,2026-05-23,141000,DISC10
ORD00520,CUST08177,2026-04-06,555000,NONE
ORD00521,CUST04289,2026-03-02,818000,DISC 50
ORD00522,CUST03516,2026-08-17,651000,DISC 50
ORD00523,CUST03280,2026-09-09,150000,DISCC20
ORD00524,CUST07407,2026-02-07,201000,NONE
ORD00525,CUST01439,2026-08-16,854000,NONE
ORD00526,CUST05693,2026-06-13,751000,DISC10
ORD00527,CUST04915,2026-05-29,896000,DISCC20
ORD00528,CUST05923,2026-03-31,545000,DISCC20
ORD00529,CUST03293,2026-03-04,836000,DISCC20
ORD00530,CUST08095,2026-05-02,51000,DISC 50
ORD00531,CUST07658,2026-07-08,847000,NONE
ORD00532,CUST01413,2026-03-08,92000,DISC 50
ORD00533,CUST07843,2026-07-23,563000,NONE
ORD00534,CUST09420,2026-07-29,100000,DISCC20
ORD00535,CUST01216,2026-06-12,485000,NONE
ORD00536,CUST05645,2026-09-22,156000,NONE
ORD00537,CUST02115,2026-04-04,468000,NONE
ORD00538,CUST02035,2026-01-29,555000,DISCC20
ORD00539,CUST02698,2026-06-05,190000,DISC 50
ORD00540,CUST05670,2026-04-26,995000,NONE
ORD00541,CUST01293,2026-05-26,281000,DISCC20
ORD00542,CUST02051,2026-05-21,665000,DISC 50
ORD00543,CUST01531,2026-10-01,539000,NONE
ORD00544,CUST09697,2026-03-28,989000,NONE
ORD00545,CUST02805,2026-03-20,699000,NONE
ORD00546,CUST09235,2026-06-22,67000,DISC10
ORD00547,CUST00745,2026-02-11,996000,NONE
ORD00548,CUST03454,2026-05-16,810000,NONE
ORD00549,CUST00497,2026-08-02,534000,NONE
ORD00550,CUST04950,2026-05-29,519000,DISCC20
ORD00551,CUST04874,2026-07-27,489000,DISC10
ORD00552,CUST02590,2026-01-31,475000,NONE
ORD00553,CUST07610,2026-09-05,233000,DISC 50
ORD00554,CUST05122,2026-03-15,907000,NONE
ORD00555,CUST05659,2026-06-13,433000,DISCC20
ORD00556,CUST08438,2026-07-09,600000,DISC10
ORD00557,CUST03961,2026-06-13,502000,DISC10
ORD00558,CUST07367,2026-05-17,278000,DISCC20
ORD00559,CUST00830,2026-02-19,322000,NONE
ORD00560,CUST04068,2026-08-03,911000,DISCC20
ORD00561,CUST09465,2026-06-17,763000,DISC 50
ORD00562,CUST02611,2026-04-08,535000,NONE
ORD00563,CUST08172,2026-08-28,925000,DISC 50
ORD00564,CUST00380,2026-09-12,117000,NONE
ORD00565,CUST07492,2026-09-16,271000,DISCC20
ORD00566,CUST00798,2026-06-30,76000,DISC 50
ORD00567,CUST09790,2026-09-11,928000,NONE
ORD00568,CUST04682,2026-08-29,574000,DISC10
ORD00569,CUST07061,2026-02-25,162000,DISC 50
ORD00570,CUST06607,2026-07-07,399000,DISC10
ORD00571,CUST00839,2026-07-25,608000,NONE
ORD00572,CUST05940,2026-04-10,591000,DISC 50
ORD00573,CUST06330,2026-02-07,541000,NONE
ORD00574,CUST01947,2026-05-24,156000,DISC10
ORD00575,CUST06115,2026-07-21,838000,DISC 50
ORD00576,CUST02364,2026-07-07,228000,NONE
ORD00577,CUST06577,2026-09-18,537000,DISC10
ORD00578,CUST00638,2026-01-24,165000,NONE
ORD00579,CUST07762,2026-06-20,556000,NONE
ORD00580,CUST09933,2026-03-18,939000,NONE
ORD00581,CUST05374,2026-03-13,978000,NONE
ORD00582,CUST02663,2026-06-13,427000,NONE
ORD00583,CUST09728,2026-06-03,369000,NONE
ORD00584,CUST08722,2026-09-18,526000,NONE
ORD00585,CUST07781,2026-06-03,860000,DISC10
ORD00586,CUST05428,2026-07-08,714000,DISC10
ORD00587,CUST09564,2026-08-02,340000,NONE
ORD00588,CUST09780,2026-01-14,510000,DISC 50
ORD00589,CUST00842,2026-04-27,622000,NONE
ORD00590,CUST08590,2026-03-29,669000,NONE
ORD00591,CUST02422,2026-07-14,866000,NONE
ORD00592,CUST00518,2026-05-05,611000,NONE
ORD00593,CUST03126,2026-02-26,44000,NONE
ORD00594,CUST06862,2026-06-10,180000,NONE
ORD00595,CUST06724,2026-04-15,538000,NONE
ORD00596,CUST01021,2026-08-30,747000,DISCC20
ORD00597,CUST03398,2026-09-23,599000,DISC 50
ORD00598,CUST08610,2026-09-02,410000,DISC 50
ORD00599,CUST07532,2026-03-30,959000,NONE
ORD00600,CUST08951,2026-06-25,387000,NONE
ORD00601,CUST09996,2026-05-16,520000,DISCC20
ORD00602,CUST04572,2026-05-07,596000,DISC 50
ORD00603,CUST04877,2026-04-26,814000,DISC 50
ORD00604,CUST08012,2026-04-17,349000,NONE
ORD00605,CUST09184,2026-06-28,981000,NONE
ORD00606,CUST04716,2026-05-21,149000,NONE
ORD00607,CUST06465,2026-07-14,863000,DISC 50
ORD00608,CUST04759,2026-03-16,68000,DISC 50
ORD00609,CUST05675,2026-02-10,971000,NONE
ORD00610,CUST07850,2026-05-12,244000,DISCC20
ORD00611,CUST09209,2026-05-19,737000,DISC 50
ORD00612,CUST01790,2026-03-12,655000,NONE
ORD00613,CUST03973,2026-05-03,76000,NONE
ORD00614,CUST03698,2026-09-29,678000,DISCC20
ORD00615,CUST01642,2026-01-27,448000,DISC 50
ORD00616,CUST01648,2026-08-30,722000,DISCC20
ORD00617,CUST09017,2026-01-03,976000,DISCC20
ORD00618,CUST07794,2026-07-28,513000,NONE
ORD00619,CUST04707,2026-04-13,353000,DISC 50
ORD00620,CUST01466,2026-01-31,692000,NONE
ORD00621,CUST08768,2026-04-29,781000,NONE
ORD00622,CUST02869,2026-01-20,452000,DISCC20
ORD00623,CUST06505,2026-01-19,831000,NONE
ORD00624,CUST04743,2026-04-06,922000,DISC10
ORD00625,CUST04889,2026-01-05,606000,NONE
ORD00626,CUST05490,2026-02-24,316000,NONE
ORD00627,CUST08093,2026-09-26,935000,DISCC20
ORD00628,CUST07669,2026-09-16,304000,DISCC20
ORD00629,CUST05418,2026-02-27,191000,NONE
ORD00630,CUST04216,2026-08-23,760000,DISCC20
ORD00631,CUST05524,2026-01-08,834000,DISC 50
ORD00632,CUST02876,2026-04-09,650000,NONE
ORD00633,CUST07008,2026-07-27,552000,DISC 50
ORD00634,CUST06568,2026-02-14,710000,DISC10
ORD00635,CUST02304,2026-04-05,513000,DISC 50
ORD00636,CUST00112,2026-05-08,292000,NONE
ORD00637,CUST07320,2026-05-01,796000,DISC 50
ORD00638,CUST04948,2026-06-18,621000,NONE
ORD00639,CUST04286,2026-01-06,694000,DISC 50
ORD00640,CUST01018,2026-05-01,708000,DISC10
ORD00641,CUST05027,2026-08-27,188000,NONE
ORD00642,CUST05096,2026-09-15,731000,DISC10
ORD00643,CUST06022,2026-06-01,654000,DISCC20
ORD00644,CUST02189,2026-04-23,514000,DISCC20
ORD00645,CUST09925,2026-08-21,407000,NONE
ORD00646,CUST08807,2026-08-30,846000,NONE
ORD00647,CUST04055,2026-04-22,721000,NONE
ORD00648,CUST08610,2026-02-11,482000,NONE
ORD00649,CUST01280,2026-07-05,964000,NONE
ORD00650,CUST01012,2026-02-27,873000,NONE
ORD00651,CUST03313,2026-09-16,611000,NONE
ORD00652,CUST02696,2026-03-18,360000,NONE
ORD00653,CUST01905,2026-08-15,721000,DISCC20
ORD00654,CUST01490,2026-09-08,945000,NONE
ORD00655,CUST00912,2026-08-17,489000,DISCC20
ORD00656,CUST06807,2026-09-20,492000,NONE
ORD00657,CUST09156,2026-01-30,498000,NONE
ORD00658,CUST00357,2026-06-07,430000,DISC 50
ORD00659,CUST03571,2026-01-02,617000,DISC10
ORD00660,CUST06942,2026-01-24,377000,NONE
ORD00661,CUST08867,2026-02-02,86000,DISC10
ORD00662,CUST00520,2026-08-30,318000,NONE
ORD00663,CUST02219,2026-04-03,809000,NONE
ORD00664,CUST06136,2026-08-04,937000,NONE
ORD00665,CUST06185,2026-08-18,409000,DISC10
ORD00666,CUST05698,2026-03-10,146000,DISCC20
ORD00667,CUST08665,2026-07-21,155000,NONE
ORD00668,CUST00057,2026-04-25,799000,DISC10
ORD00669,CUST07586,2026-06-02,714000,NONE
ORD00670,CUST08716,2026-08-06,413000,DISCC20
ORD00671,CUST07547,2026-05-07,379000,DISCC20
ORD00672,CUST03089,2026-05-22,984000,NONE
ORD00673,CUST00528,2026-02-27,853000,NONE
ORD00674,CUST00257,2026-08-03,271000,DISCC20
ORD00675,CUST01654,2026-02-04,633000,DISC10
ORD00676,CUST09795,2026-08-17,713000,NONE
ORD00677,CUST04010,2026-01-25,783000,DISC10
ORD00678,CUST07192,2026-07-25,264000,NONE
ORD00679,CUST00925,2026-04-22,168000,NONE
ORD00680,CUST03837,2026-05-29,860000,NONE
ORD00681,CUST09462,2026-06-13,637000,NONE
ORD00682,CUST03882,2026-06-14,334000,DISCC20
ORD00683,CUST03622,2026-09-24,448000,DISC 50
ORD00684,CUST00999,2026-05-21,595000,NONE
ORD00685,CUST07000,2026-03-31,594000,NONE
ORD00686,CUST05643,2026-01-25,989000,NONE
ORD00687,CUST08593,2026-07-15,351000,NONE
ORD00688,CUST06689,2026-08-02,177000,DISC 50
ORD00689,CUST03013,2026-07-12,797000,NONE
ORD00690,CUST03949,2026-08-31,894000,DISCC20
ORD00691,CUST02366,2026-06-03,850000,NONE
ORD00692,CUST09215,2026-01-30,447000,NONE
ORD00693,CUST02197,2026-09-29,422000,DISCC20
ORD00694,CUST03332,2026-05-11,363000,NONE
ORD00695,CUST07370,2026-02-10,892000,DISC 50
ORD00696,CUST08776,2026-02-17,766000,DISCC20
ORD00697,CUST04399,2026-01-27,411000,NONE
ORD00698,CUST01193,2026-01-21,217000,NONE
ORD00699,CUST07855,2026-04-22,238000,DISC 50
ORD00700,CUST00252,2026-06-05,241000,DISCC20
ORD00701,CUST07847,2026-03-02,961000,DISCC20
ORD00702,CUST06499,2026-04-15,962000,DISCC20
ORD00703,CUST04638,2026-06-14,414000,NONE
ORD00704,CUST05887,2026-10-01,340000,DISC 50
ORD00705,CUST08402,2026-07-04,928000,NONE
ORD00706,CUST01616,2026-08-27,847000,NONE
ORD00707,CUST05247,2026-08-29,961000,DISCC20
ORD00708,CUST05127,2026-07-09,448000,DISC10
ORD00709,CUST02391,2026-04-24,41000,DISC 50
ORD00710,CUST04837,2026-08-02,181000,DISCC20
ORD00711,CUST03769,2026-06-18,413000,NONE
ORD00712,CUST08181,2026-05-06,588000,NONE
ORD00713,CUST04217,2026-06-22,806000,NONE
ORD00714,CUST07551,2026-09-09,197000,NONE
ORD00715,CUST02774,2026-06-30,168000,NONE
ORD00716,CUST03016,2026-09-08,963000,NONE
ORD00717,CUST08585,2026-01-31,59000,DISC10
ORD00718,CUST00105,2026-01-25,447000,DISCC20
ORD00719,CUST01114,2026-04-29,749000,DISCC20
ORD00720,CUST03584,2026-01-05,542000,NONE
ORD00721,CUST00991,2026-07-11,657000,NONE
ORD00722,CUST07994,2026-09-05,41000,DISC10
ORD00723,CUST09039,2026-09-30,446000,DISC10
ORD00724,CUST08674,2026-01-09,764000,DISC 50
ORD00725,CUST00281,2026-05-27,539000,NONE
ORD00726,CUST02938,2026-08-09,134000,DISC10
ORD00727,CUST02440,2026-09-26,271000,DISCC20
ORD00728,CUST04136,2026-09-27,859000,DISC 50
ORD00729,CUST06503,2026-05-17,105000,DISC 50
ORD00730,CUST07521,2026-07-27,603000,DISCC20
ORD00731,CUST04915,2026-04-26,725000,DISC10
ORD00732,CUST01532,2026-01-17,440000,NONE
ORD00733,CUST09056,2026-07-13,512000,DISC10
ORD00734,CUST02808,2026-01-05,109000,NONE
ORD00735,CUST05428,2026-08-11,604000,DISC10
ORD00736,CUST00698,2026-09-28,260000,DISCC20
ORD00737,CUST04442,2026-09-01,72000,DISC10
ORD00738,CUST08898,2026-05-24,602000,NONE
ORD00739,CUST02939,2026-01-17,976000,DISC 50
ORD00740,CUST03395,2026-01-09,626000,DISCC20
ORD00741,CUST01261,2026-07-23,331000,DISCC20
ORD00742,CUST09285,2026-05-04,879000,NONE
ORD00743,CUST06289,2026-06-19,798000,NONE
ORD00744,CUST01285,2026-03-13,537000,NONE
ORD00745,CUST00880,2026-06-27,125000,NONE
ORD00746,CUST01246,2026-04-29,373000,NONE
ORD00747,CUST05348,2026-07-23,55000,NONE
ORD00748,CUST07382,2026-05-20,527000,DISCC20
ORD00749,CUST09061,2026-07-02,988000,NONE
ORD00750,CUST03044,2026-08-10,721000,NONE
ORD00751,CUST01405,2026-07-14,815000,NONE
ORD00752,CUST04038,2026-06-01,755000,DISC10
ORD00753,CUST04391,2026-02-12,182000,NONE
ORD00754,CUST06384,2026-03-20,349000,DISC 50
ORD00755,CUST01500,2026-02-24,30000,DISC 50
ORD00756,CUST05897,2026-08-16,804000,DISC 50
ORD00757,CUST02171,2026-02-22,114000,DISCC20
ORD00758,CUST07354,2026-08-09,595000,NONE
ORD00759,CUST06686,2026-09-20,130000,DISC10
ORD00760,CUST05799,2026-02-15,592000,DISC10
ORD00761,CUST06312,2026-06-16,37000,DISC 50
ORD00762,CUST06354,2026-07-31,822000,DISC10
ORD00763,CUST09371,2026-05-05,558000,DISCC20
ORD00764,CUST02778,2026-07-14,167000,DISC 50
ORD00765,CUST04398,2026-06-04,529000,DISCC20
ORD00766,CUST02740,2026-02-02,470000,DISC 50
ORD00767,CUST04912,2026-08-04,520000,DISC10
ORD00768,CUST04124,2026-07-04,991000,DISCC20
ORD00769,CUST09729,2026-09-11,656000,DISCC20
ORD00770,CUST01753,2026-08-23,163000,DISC 50
ORD00771,CUST06484,2026-01-04,365000,NONE
ORD00772,CUST05400,2026-07-14,475000,DISC 50
ORD00773,CUST09739,2026-08-09,164000,DISC 50
ORD00774,CUST09884,2026-06-14,995000,NONE
ORD00775,CUST07849,2026-04-13,346000,DISCC20
ORD00776,CUST05229,2026-07-23,323000,NONE
ORD00777,CUST09436,2026-09-09,825000,DISCC20
ORD00778,CUST06162,2026-06-16,312000,NONE
ORD00779,CUST01866,2026-07-06,979000,NONE
ORD00780,CUST09704,2026-04-13,583000,DISCC20
ORD00781,CUST07564,2026-01-14,990000,NONE
ORD00782,CUST07184,2026-04-18,841000,DISC 50
ORD00783,CUST06704,2026-02-05,714000,NONE
ORD00784,CUST04962,2026-03-13,272000,DISC 50
ORD00785,CUST06933,2026-03-20,833000,NONE
ORD00786,CUST07358,2026-02-07,637000,NONE
ORD00787,CUST08756,2026-07-25,543000,NONE
ORD00788,CUST08908,2026-08-03,62000,DISC 50
ORD00789,CUST01792,2026-02-13,812000,DISCC20
ORD00790,CUST02726,2026-07-01,687000,NONE
ORD00791,CUST09228,2026-01-23,685000,NONE
ORD00792,CUST05433,2026-07-24,840000,NONE
ORD00793,CUST00173,2026-02-24,125000,DISC 50
ORD00794,CUST08367,2026-04-24,789000,NONE
ORD00795,CUST07304,2026-04-24,408000,NONE
ORD00796,CUST09644,2026-08-26,732000,NONE
ORD00797,CUST05652,2026-03-19,50000,NONE
ORD00798,CUST04841,2026-02-23,450000,DISC10
ORD00799,CUST02322,2026-03-01,381000,DISC 50
ORD00800,CUST07461,2026-06-25,828000,DISCC20
ORD00801,CUST07913,2026-09-24,381000,NONE
ORD00802,CUST07179,2026-02-19,764000,NONE
ORD00803,CUST05226,2026-08-20,93000,DISC 50
ORD00804,CUST01886,2026-01-23,48000,DISC 50
ORD00805,CUST02693,2026-02-25,977000,NONE
ORD00806,CUST08455,2026-05-05,203000,NONE
ORD00807,CUST05423,2026-03-23,598000,NONE
ORD00808,CUST03799,2026-08-25,841000,NONE
ORD00809,CUST03054,2026-04-05,680000,NONE
ORD00810,CUST06482,2026-08-10,54000,NONE
ORD00811,CUST07366,2026-04-12,631000,NONE
ORD00812,CUST00073,2026-07-19,746000,DISCC20
ORD00813,CUST04561,2026-04-16,795000,NONE
ORD00814,CUST09460,2026-02-02,129000,NONE
ORD00815,CUST05994,2026-04-06,358000,DISCC20
ORD00816,CUST01868,2026-08-23,293000,NONE
ORD00817,CUST08647,2026-09-08,679000,DISC 50
ORD00818,CUST06432,2026-07-18,626000,DISC10
ORD00819,CUST05767,2026-06-28,890000,NONE
ORD00820,CUST04874,2026-03-30,965000,NONE
ORD00821,CUST02195,2026-02-13,345000,DISC10
ORD00822,CUST05004,2026-05-03,144000,DISCC20
ORD00823,CUST02317,2026-07-11,548000,NONE
ORD00824,CUST09772,2026-08-03,166000,NONE
ORD00825,CUST06932,2026-07-16,215000,NONE
ORD00826,CUST09092,2026-03-30,195000,NONE
ORD00827,CUST02299,2026-05-28,216000,DISC 50
ORD00828,CUST00879,2026-08-19,911000,DISC 50
ORD00829,CUST07940,2026-01-05,164000,DISCC20
ORD00830,CUST09201,2026-07-16,542000,NONE
ORD00831,CUST06704,2026-09-11,726000,NONE
ORD00832,CUST07273,2026-08-01,525000,DISCC20
ORD00833,CUST09264,2026-02-12,56000,DISCC20
ORD00834,CUST00536,2026-05-30,306000,DISCC20
ORD00835,CUST02756,2026-05-28,824000,NONE
ORD00836,CUST09007,2026-09-11,548000,DISC10
ORD00837,CUST04390,2026-02-28,818000,NONE
ORD00838,CUST08881,2026-07-07,867000,DISC10
ORD00839,CUST08952,2026-08-14,248000,NONE
ORD00840,CUST04056,2026-02-22,329000,DISC10
ORD00841,CUST04306,2026-08-19,381000,DISC10
ORD00842,CUST01924,2026-08-13,819000,DISCC20
ORD00843,CUST09633,2026-04-18,730000,DISC 50
ORD00844,CUST02720,2026-08-08,655000,DISCC20
ORD00845,CUST03391,2026-04-16,849000,DISC10
ORD00846,CUST08721,2026-06-29,312000,NONE
ORD00847,CUST05303,2026-03-28,745000,DISC 50
ORD00848,CUST09384,2026-05-29,298000,NONE
ORD00849,CUST02222,2026-02-18,793000,NONE
ORD00850,CUST04544,2026-01-31,912000,NONE
ORD00851,CUST02175,2026-03-06,280000,DISCC20
ORD00852,CUST04056,2026-06-14,804000,NONE
ORD00853,CUST08020,2026-07-21,170000,NONE
ORD00854,CUST06787,2026-05-18,409000,NONE
ORD00855,CUST01526,2026-02-08,437000,NONE
ORD00856,CUST06047,2026-05-23,490000,NONE
ORD00857,CUST09535,2026-06-17,27000,NONE
ORD00858,CUST07512,2026-02-17,675000,NONE
ORD00859,CUST01038,2026-07-03,839000,NONE
ORD00860,CUST03569,2026-07-23,464000,DISCC20
ORD00861,CUST04400,2026-09-11,355000,DISC 50
ORD00862,CUST08968,2026-06-22,616000,DISCC20
ORD00863,CUST05632,2026-09-06,940000,NONE
ORD00864,CUST00753,2026-01-25,126000,NONE
ORD00865,CUST00267,2026-08-24,152000,DISCC20
ORD00866,CUST07480,2026-08-14,25000,NONE
ORD00867,CUST02162,2026-04-14,928000,NONE
ORD00868,CUST02605,2026-06-04,920000,DISC 50
ORD00869,CUST05906,2026-02-17,281000,DISC10
ORD00870,CUST02712,2026-07-10,78000,NONE
ORD00871,CUST03837,2026-06-06,464000,NONE
ORD00872,CUST01560,2026-02-16,26000,DISCC20
ORD00873,CUST01277,2026-09-02,160000,NONE
ORD00874,CUST08511,2026-04-26,721000,NONE
ORD00875,CUST00133,2026-01-05,737000,DISC 50
ORD00876,CUST06920,2026-03-03,735000,DISCC20
ORD00877,CUST01161,2026-09-02,259000,NONE
ORD00878,CUST01679,2026-02-15,130000,DISC 50
ORD00879,CUST04903,2026-07-08,165000,NONE
ORD00880,CUST02341,2026-03-10,95000,NONE
ORD00881,CUST10000,2026-01-05,690000,DISCC20
ORD00882,CUST05754,2026-08-14,764000,DISCC20
ORD00883,CUST06746,2026-03-19,655000,NONE
ORD00884,CUST03560,2026-08-15,113000,DISC10
ORD00885,CUST02018,2026-03-13,628000,NONE
ORD00886,CUST05760,2026-07-16,464000,DISC 50
ORD00887,CUST04060,2026-03-13,308000,NONE
ORD00888,CUST04066,2026-02-13,591000,NONE
ORD00889,CUST00440,2026-05-26,893000,NONE
ORD00890,CUST03367,2026-06-04,555000,NONE
ORD00891,CUST03091,2026-09-18,790000,NONE
ORD00892,CUST00895,2026-06-01,827000,DISCC20
ORD00893,CUST06323,2026-09-11,140000,DISCC20
ORD00894,CUST09731,2026-09-13,97000,NONE
ORD00895,CUST05917,2026-01-07,981000,DISC 50
ORD00896,CUST06338,2026-03-09,906000,NONE
ORD00897,CUST05987,2026-08-04,584000,NONE
ORD00898,CUST07718,2026-03-30,813000,DISC10
ORD00899,CUST09624,2026-01-09,94000,DISC10
ORD00900,CUST03535,2026-05-15,65000,DISC10
ORD00901,CUST08301,2026-07-23,318000,NONE
ORD00902,CUST06807,2026-09-14,458000,NONE
ORD00903,CUST01351,2026-07-25,680000,NONE
ORD00904,CUST04547,2026-03-20,110000,DISC 50
ORD00905,CUST08378,2026-02-10,968000,DISCC20
ORD00906,CUST08789,2026-03-21,359000,NONE
ORD00907,CUST05082,2026-02-03,740000,NONE
ORD00908,CUST00949,2026-05-03,275000,DISC10
ORD00909,CUST01901,2026-08-11,489000,NONE
ORD00910,CUST05068,2026-01-29,707000,NONE
ORD00911,CUST01957,2026-03-31,37000,NONE
ORD00912,CUST00186,2026-03-12,192000,NONE
ORD00913,CUST08569,2026-06-27,554000,NONE
ORD00914,CUST02736,2026-05-13,405000,DISCC20
ORD00915,CUST01935,2026-05-18,814000,DISC10
ORD00916,CUST07035,2026-06-21,303000,NONE
ORD00917,CUST04309,2026-02-02,754000,NONE
ORD00918,CUST08129,2026-02-09,491000,NONE
ORD00919,CUST00909,2026-07-04,536000,NONE
ORD00920,CUST06025,2026-03-27,186000,DISC 50
ORD00921,CUST09403,2026-02-22,715000,NONE
ORD00922,CUST03743,2026-03-01,783000,NONE
ORD00923,CUST00722,2026-01-02,904000,DISC10
ORD00924,CUST00754,2026-05-06,508000,DISC 50
ORD00925,CUST02459,2026-07-16,208000,DISC10
ORD00926,CUST03679,2026-08-03,354000,DISCC20
ORD00927,CUST05242,2026-08-02,302000,DISC10
ORD00928,CUST01957,2026-07-10,539000,NONE
ORD00929,CUST02939,2026-01-27,253000,NONE
ORD00930,CUST06569,2026-01-24,95000,NONE
ORD00931,CUST05091,2026-05-25,360000,DISC10
ORD00932,CUST00131,2026-08-22,402000,DISCC20
ORD00933,CUST09238,2026-05-30,828000,DISC 50
ORD00934,CUST07601,2026-05-05,402000,NONE
ORD00935,CUST03202,2026-09-10,775000,NONE
ORD00936,CUST02467,2026-05-06,31000,NONE
ORD00937,CUST03818,2026-01-13,579000,DISC 50
ORD00938,CUST05489,2026-01-05,26000,NONE
ORD00939,CUST05039,2026-07-12,131000,DISCC20
ORD00940,CUST03903,2026-09-29,454000,NONE
ORD00941,CUST02333,2026-01-31,753000,DISC 50
ORD00942,CUST00720,2026-02-17,968000,DISCC20
ORD00943,CUST06768,2026-09-24,742000,DISC 50
ORD00944,CUST01392,2026-08-23,619000,DISC10
ORD00945,CUST02188,2026-09-16,677000,NONE
ORD00946,CUST09698,2026-02-08,606000,DISC10
ORD00947,CUST02142,2026-08-11,267000,DISC 50
ORD00948,CUST05162,2026-05-14,973000,NONE
ORD00949,CUST05212,2026-06-17,488000,DISC 50
ORD00950,CUST01224,2026-04-30,991000,DISCC20
ORD00951,CUST09580,2026-03-11,136000,DISCC20
ORD00952,CUST02694,2026-02-24,485000,NONE
ORD00953,CUST06661,2026-06-10,148000,NONE
ORD00954,CUST03402,2026-07-03,487000,DISC 50
ORD00955,CUST04342,2026-08-26,897000,DISC10
ORD00956,CUST02583,2026-02-16,851000,NONE
ORD00957,CUST09885,2026-06-05,66000,DISCC20
ORD00958,CUST02431,2026-06-17,118000,NONE
ORD00959,CUST05829,2026-05-08,430000,NONE
ORD00960,CUST04897,2026-01-26,291000,DISCC20
ORD00961,CUST06626,2026-01-16,900000,NONE
ORD00962,CUST01552,2026-05-08,498000,DISC10
ORD00963,CUST01990,2026-03-13,37000,DISC10
ORD00964,CUST02142,2026-04-24,227000,NONE
ORD00965,CUST01377,2026-07-10,621000,NONE
ORD00966,CUST01229,2026-05-13,47000,DISC10
ORD00967,CUST07266,2026-04-12,853000,DISCC20
ORD00968,CUST05433,2026-02-17,150000,DISC10
ORD00969,CUST00830,2026-08-25,197000,NONE
ORD00970,CUST06472,2026-08-10,533000,DISC10
ORD00971,CUST06991,2026-07-15,201000,DISC 50
ORD00972,CUST03067,2026-04-20,306000,DISC 50
ORD00973,CUST02436,2026-08-17,60000,NONE
ORD00974,CUST04836,2026-05-06,535000,NONE
ORD00975,CUST01000,2026-09-03,114000,DISC 50
ORD00976,CUST02249,2026-07-16,454000,DISCC20
ORD00977,CUST04083,2026-09-27,670000,NONE
ORD00978,CUST06267,2026-01-10,825000,NONE
ORD00979,CUST07860,2026-07-03,582000,NONE
ORD00980,CUST09268,2026-06-26,539000,DISC 50
ORD00981,CUST04431,2026-07-18,209000,DISC10
ORD00982,CUST09784,2026-06-13,249000,DISC10
ORD00983,CUST00960,2026-05-24,853000,NONE
ORD00984,CUST05857,2026-09-29,810000,NONE
ORD00985,CUST02616,2026-04-30,127000,DISCC20
ORD00986,CUST04367,2026-05-04,571000,NONE
ORD00987,CUST03595,2026-01-29,614000,NONE
ORD00988,CUST02847,2026-07-01,205000,DISCC20
ORD00989,CUST05879,2026-06-12,960000,NONE
ORD00990,CUST05762,2026-01-15,995000,NONE
ORD00991,CUST09226,2026-03-14,996000,DISCC20
ORD00992,CUST08883,2026-09-10,341000,DISCC20
ORD00993,CUST00622,2026-09-09,117000,DISC10
ORD00994,CUST09858,2026-04-30,249000,DISC10
ORD00995,CUST07832,2026-09-27,25000,DISC 50
ORD00996,CUST02138,2026-04-14,373000,NONE
ORD00997,CUST05302,2026-04-01,85000,DISC10
ORD00998,CUST09612,2026-03-17,746000,DISCC20
ORD00999,CUST08623,2026-02-26,906000,DISC 50
ORD01000,CUST06121,2026-02-07,746000,NONE
ORD01001,CUST09602,2026-07-22,128000,DISC 50
ORD01002,CUST05286,2026-06-04,164000,DISCC20
ORD01003,CUST07983,2026-08-12,689000,DISC 50
ORD01004,CUST09208,2026-03-31,735000,NONE
ORD01005,CUST03658,2026-07-02,706000,NONE
ORD01006,CUST06200,2026-03-31,339000,NONE
ORD01007,CUST02087,2026-05-31,206000,NONE
ORD01008,CUST09386,2026-01-01,425000,NONE
ORD01009,CUST02984,2026-01-17,641000,DISC 50
ORD01010,CUST09266,2026-04-24,131000,NONE
ORD01011,CUST05426,2026-03-14,788000,DISC10
ORD01012,CUST05683,2026-05-02,352000,DISCC20
ORD01013,CUST05501,2026-02-15,482000,DISC10
ORD01014,CUST03436,2026-05-16,280000,NONE
ORD01015,CUST05743,2026-02-04,287000,DISC10
ORD01016,CUST00789,2026-01-01,420000,NONE
ORD01017,CUST02726,2026-08-03,930000,NONE
ORD01018,CUST06205,2026-09-10,384000,NONE
ORD01019,CUST01662,2026-07-12,873000,NONE
ORD01020,CUST02665,2026-04-26,487000,DISC10
ORD01021,CUST04832,2026-01-18,45000,DISC 50
ORD01022,CUST01716,2026-05-14,100000,DISC 50
ORD01023,CUST06152,2026-03-29,189000,NONE
ORD01024,CUST08963,2026-02-08,989000,DISC10
ORD01025,CUST09733,2026-06-23,653000,NONE
ORD01026,CUST07067,2026-01-16,990000,NONE
ORD01027,CUST09951,2026-03-26,936000,NONE
ORD01028,CUST00878,2026-03-22,128000,DISC 50
ORD01029,CUST03113,2026-04-16,444000,NONE
ORD01030,CUST04613,2026-05-16,329000,DISCC20
ORD01031,CUST00814,2026-02-19,427000,NONE
ORD01032,CUST02517,2026-09-09,80000,DISC 50
ORD01033,CUST07006,2026-01-02,114000,DISC 50
ORD01034,CUST03272,2026-09-03,124000,DISC10
ORD01035,CUST02799,2026-04-16,678000,DISC 50
ORD01036,CUST07759,2026-02-11,889000,DISC10
ORD01037,CUST06513,2026-06-07,507000,NONE
ORD01038,CUST01494,2026-05-16,682000,NONE
ORD01039,CUST03030,2026-07-18,404000,NONE
ORD01040,CUST03057,2026-07-09,481000,DISC10
ORD01041,CUST07205,2026-05-15,501000,DISC 50
ORD01042,CUST04401,2026-04-26,602000,DISC10
ORD01043,CUST01585,2026-03-19,112000,NONE
ORD01044,CUST08872,2026-06-26,448000,NONE
ORD01045,CUST09071,2026-04-27,87000,NONE
ORD01046,CUST06859,2026-09-25,573000,NONE
ORD01047,CUST09384,2026-09-01,927000,DISCC20
ORD01048,CUST04897,2026-09-01,105000,NONE
ORD01049,CUST08227,2026-01-18,609000,NONE
ORD01050,CUST01971,2026-03-17,997000,NONE
ORD01051,CUST02739,2026-03-30,241000,DISCC20
ORD01052,CUST00700,2026-03-06,458000,DISC10
ORD01053,CUST03309,2026-08-11,867000,NONE
ORD01054,CUST09750,2026-03-17,289000,DISC 50
ORD01055,CUST01426,2026-02-04,422000,NONE
ORD01056,CUST09045,2026-07-23,358000,DISC 50
ORD01057,CUST07507,2026-09-24,964000,DISC10
ORD01058,CUST06875,2026-09-25,140000,NONE
ORD01059,CUST02429,2026-03-18,605000,NONE
ORD01060,CUST01731,2026-02-21,601000,DISC10
ORD01061,CUST08776,2026-05-27,926000,DISC 50
ORD01062,CUST04328,2026-07-30,417000,NONE
ORD01063,CUST09373,2026-09-06,648000,NONE
ORD01064,CUST02822,2026-01-20,307000,NONE
ORD01065,CUST09973,2026-03-15,722000,NONE
ORD01066,CUST00636,2026-07-25,430000,DISC 50
ORD01067,CUST00808,2026-05-02,788000,NONE
ORD01068,CUST06103,2026-05-18,45000,DISC 50
ORD01069,CUST05095,2026-06-05,312000,NONE
ORD01070,CUST03735,2026-02-20,162000,DISC 50
ORD01071,CUST05258,2026-08-15,300000,NONE
ORD01072,CUST09912,2026-08-02,686000,DISC10
ORD01073,CUST07238,2026-04-07,241000,NONE
ORD01074,CUST08463,2026-09-06,913000,DISC 50
ORD01075,CUST08443,2026-01-29,835000,DISCC20
ORD01076,CUST05098,2026-02-03,751000,NONE
ORD01077,CUST02223,2026-07-26,824000,NONE
ORD01078,CUST02847,2026-01-15,222000,DISCC20
ORD01079,CUST04088,2026-01-30,58000,NONE
ORD01080,CUST05905,2026-01-26,746000,DISCC20
ORD01081,CUST06036,2026-05-21,868000,NONE
ORD01082,CUST06504,2026-09-16,675000,DISC10
ORD01083,CUST03964,2026-01-16,406000,NONE
ORD01084,CUST02910,2026-08-17,916000,NONE
ORD01085,CUST05641,2026-06-29,192000,DISC 50
ORD01086,CUST04671,2026-02-16,53000,NONE
ORD01087,CUST02670,2026-01-26,899000,NONE
ORD01088,CUST03627,2026-04-20,687000,DISCC20
ORD01089,CUST04409,2026-04-16,692000,NONE
ORD01090,CUST00329,2026-09-20,910000,NONE
ORD01091,CUST07768,2026-01-05,958000,DISCC20
ORD01092,CUST09850,2026-03-30,845000,DISC10
ORD01093,CUST04136,2026-04-25,647000,DISC 50
ORD01094,CUST06944,2026-05-21,941000,NONE
ORD01095,CUST07521,2026-06-28,283000,DISCC20
ORD01096,CUST04951,2026-08-27,718000,NONE
ORD01097,CUST09577,2026-07-23,129000,DISC10
ORD01098,CUST06132,2026-09-19,599000,NONE
ORD01099,CUST04891,2026-05-25,725000,DISC10
ORD01100,CUST01046,2026-09-04,369000,DISC 50
ORD01101,CUST04537,2026-06-16,292000,NONE
ORD01102,CUST03087,2026-06-02,178000,NONE
ORD01103,CUST00931,2026-05-04,849000,NONE
ORD01104,CUST05237,2026-07-26,722000,DISCC20
ORD01105,CUST08149,2026-01-14,327000,DISC 50
ORD01106,CUST06629,2026-08-03,422000,NONE
ORD01107,CUST09553,2026-01-19,750000,NONE
ORD01108,CUST05623,2026-04-08,768000,NONE
ORD01109,CUST08760,2026-04-24,678000,NONE
ORD01110,CUST08312,2026-07-03,332000,DISCC20
ORD01111,CUST04814,2026-04-03,124000,NONE
ORD01112,CUST04238,2026-03-07,767000,NONE
ORD01113,CUST05500,2026-04-04,695000,DISC10
ORD01114,CUST05821,2026-04-24,253000,NONE
ORD01115,CUST06890,2026-06-07,832000,DISC 50
ORD01116,CUST04270,2026-07-10,624000,DISC 50
ORD01117,CUST01930,2026-08-26,506000,DISC10
ORD01118,CUST07737,2026-02-06,935000,DISCC20
ORD01119,CUST01964,2026-09-14,913000,NONE
ORD01120,CUST08681,2026-07-15,330000,NONE
ORD01121,CUST02471,2026-01-28,165000,DISCC20
ORD01122,CUST06705,2026-06-25,608000,NONE
ORD01123,CUST05184,2026-03-15,908000,NONE
ORD01124,CUST01325,2026-04-03,524000,DISC 50
ORD01125,CUST05135,2026-04-01,674000,DISC10
ORD01126,CUST07407,2026-01-03,305000,DISCC20
ORD01127,CUST09442,2026-03-28,807000,DISCC20
ORD01128,CUST01443,2026-09-08,157000,NONE
ORD01129,CUST07036,2026-08-11,438000,NONE
ORD01130,CUST06281,2026-09-02,29000,DISC10
ORD01131,CUST03268,2026-10-01,773000,DISC 50
ORD01132,CUST05280,2026-01-08,800000,NONE
ORD01133,CUST00294,2026-04-08,717000,DISC10
ORD01134,CUST03708,2026-05-08,735000,DISC 50
ORD01135,CUST02113,2026-06-09,130000,NONE
ORD01136,CUST09645,2026-09-15,338000,DISCC20
ORD01137,CUST00750,2026-02-03,330000,DISC 50
ORD01138,CUST08525,2026-08-22,635000,NONE
ORD01139,CUST07106,2026-06-22,934000,NONE
ORD01140,CUST05616,2026-03-10,948000,NONE
ORD01141,CUST03088,2026-07-03,193000,NONE
ORD01142,CUST03743,2026-01-10,254000,NONE
ORD01143,CUST03461,2026-03-09,776000,DISC10
ORD01144,CUST02769,2026-09-16,151000,DISC 50
ORD01145,CUST06148,2026-01-20,922000,NONE
ORD01146,CUST08762,2026-05-11,663000,DISC10
ORD01147,CUST01772,2026-01-25,694000,DISC10
ORD01148,CUST01898,2026-01-25,451000,NONE
ORD01149,CUST02025,2026-07-14,585000,DISC 50
ORD01150,CUST02509,2026-08-31,235000,NONE
ORD01151,CUST04934,2026-01-05,455000,NONE
ORD01152,CUST08525,2026-02-21,301000,NONE
ORD01153,CUST06863,2026-03-12,875000,DISC10
ORD01154,CUST01929,2026-09-19,314000,DISC10
ORD01155,CUST08155,2026-02-24,228000,NONE
ORD01156,CUST04309,2026-04-13,876000,NONE
ORD01157,CUST05865,2026-04-14,745000,NONE
ORD01158,CUST02628,2026-06-01,65000,NONE
ORD01159,CUST03403,2026-09-12,729000,NONE
ORD01160,CUST03843,2026-06-19,27000,DISC10
ORD01161,CUST01810,2026-02-15,880000,NONE
ORD01162,CUST02444,2026-09-10,997000,DISC10
ORD01163,CUST01230,2026-09-19,765000,NONE
ORD01164,CUST04193,2026-02-21,684000,DISCC20
ORD01165,CUST04851,2026-08-22,295000,NONE
ORD01166,CUST01636,2026-01-26,857000,DISCC20
ORD01167,CUST04761,2026-01-21,393000,NONE
ORD01168,CUST06980,2026-06-10,781000,DISC10
ORD01169,CUST00752,2026-02-18,34000,DISCC20
ORD01170,CUST05385,2026-03-29,391000,NONE
ORD01171,CUST01523,2026-05-18,406000,DISC 50
ORD01172,CUST01866,2026-04-04,435000,NONE
ORD01173,CUST04454,2026-08-22,880000,NONE
ORD01174,CUST06910,2026-09-02,689000,DISCC20
ORD01175,CUST02172,2026-02-27,737000,NONE
ORD01176,CUST02612,2026-01-31,131000,NONE
ORD01177,CUST09322,2026-09-05,719000,NONE
ORD01178,CUST06222,2026-04-03,822000,DISC 50
ORD01179,CUST02141,2026-01-15,519000,NONE
ORD01180,CUST06739,2026-02-27,476000,DISC10
ORD01181,CUST04287,2026-02-02,695000,DISC 50
ORD01182,CUST08599,2026-01-07,810000,NONE
ORD01183,CUST05543,2026-04-25,556000,NONE
ORD01184,CUST07092,2026-02-18,702000,NONE
ORD01185,CUST07896,2026-05-08,379000,NONE
ORD01186,CUST02436,2026-07-17,884000,NONE
ORD01187,CUST00191,2026-01-28,683000,DISCC20
ORD01188,CUST07689,2026-09-16,897000,NONE
ORD01189,CUST01227,2026-03-26,794000,NONE
ORD01190,CUST03947,2026-06-14,363000,DISC 50
ORD01191,CUST08306,2026-01-26,253000,NONE
ORD01192,CUST06608,2026-07-13,861000,DISCC20
ORD01193,CUST07522,2026-02-10,479000,NONE
ORD01194,CUST01443,2026-08-18,902000,NONE
ORD01195,CUST05179,2026-08-17,146000,NONE
ORD01196,CUST01682,2026-01-10,438000,NONE
ORD01197,CUST09129,2026-01-19,587000,DISC10
ORD01198,CUST09900,2026-02-16,658000,NONE
ORD01199,CUST08329,2026-06-05,600000,DISCC20
ORD01200,CUST05585,2026-08-22,397000,DISC10
ORD01201,CUST07446,2026-04-25,364000,NONE
ORD01202,CUST05953,2026-08-31,758000,NONE
ORD01203,CUST01597,2026-02-28,802000,NONE
ORD01204,CUST00036,2026-04-24,374000,DISC 50
ORD01205,CUST08974,2026-05-30,559000,DISC 50
ORD01206,CUST00751,2026-02-24,943000,DISCC20
ORD01207,CUST02302,2026-09-10,866000,NONE
ORD01208,CUST01753,2026-07-29,285000,NONE
ORD01209,CUST03073,2026-04-11,148000,NONE
ORD01210,CUST07489,2026-04-21,869000,DISCC20
ORD01211,CUST01766,2026-06-23,800000,NONE
ORD01212,CUST09648,2026-01-24,151000,NONE
ORD01213,CUST09656,2026-08-23,541000,DISCC20
ORD01214,CUST00072,2026-09-13,568000,NONE
ORD01215,CUST09065,2026-01-25,982000,NONE
ORD01216,CUST08329,2026-09-05,824000,DISCC20
ORD01217,CUST02104,2026-03-30,131000,NONE
ORD01218,CUST08260,2026-06-14,927000,NONE
ORD01219,CUST09978,2026-08-03,962000,NONE
ORD01220,CUST04483,2026-05-08,432000,DISC 50
ORD01221,CUST07420,2026-05-31,849000,DISCC20
ORD01222,CUST06763,2026-03-12,641000,NONE
ORD01223,CUST04898,2026-09-20,888000,NONE
ORD01224,CUST09070,2026-06-10,672000,DISCC20
ORD01225,CUST03436,2026-04-13,664000,NONE
ORD01226,CUST05658,2026-05-29,968000,NONE
ORD01227,CUST02914,2026-03-09,540000,NONE
ORD01228,CUST01891,2026-06-15,804000,DISC 50
ORD01229,CUST09549,2026-09-03,609000,NONE
ORD01230,CUST08748,2026-08-02,317000,NONE
ORD01231,CUST08565,2026-01-07,134000,DISC10
ORD01232,CUST02382,2026-07-15,79000,NONE
ORD01233,CUST03276,2026-01-29,298000,DISCC20
ORD01234,CUST04106,2026-05-27,174000,DISC10
ORD01235,CUST03343,2026-06-01,796000,NONE
ORD01236,CUST05877,2026-01-17,858000,NONE
ORD01237,CUST09206,2026-02-22,910000,DISCC20
ORD01238,CUST03893,2026-07-19,548000,NONE
ORD01239,CUST00770,2026-05-28,973000,NONE
ORD01240,CUST06826,2026-07-18,832000,NONE
ORD01241,CUST09047,2026-06-10,80000,DISC10
ORD01242,CUST03328,2026-05-09,660000,NONE
ORD01243,CUST06026,2026-04-26,798000,NONE
ORD01244,CUST03171,2026-04-11,326000,NONE
ORD01245,CUST01221,2026-04-01,216000,DISCC20
ORD01246,CUST01956,2026-09-21,411000,DISC10
ORD01247,CUST04573,2026-08-08,594000,DISC 50
ORD01248,CUST02637,2026-03-08,623000,DISC 50
ORD01249,CUST05416,2026-01-03,502000,NONE
ORD01250,CUST00655,2026-03-21,182000,DISC 50
ORD01251,CUST04935,2026-01-27,527000,NONE
ORD01252,CUST01195,2026-07-03,827000,NONE
ORD01253,CUST08609,2026-06-12,250000,DISCC20
ORD01254,CUST01118,2026-09-24,830000,NONE
ORD01255,CUST06815,2026-03-23,581000,NONE
ORD01256,CUST01507,2026-07-26,382000,DISCC20
ORD01257,CUST05438,2026-04-20,364000,DISC 50
ORD01258,CUST03580,2026-05-31,998000,NONE
ORD01259,CUST07781,2026-09-29,599000,NONE
ORD01260,CUST01880,2026-01-05,709000,DISC 50
ORD01261,CUST03938,2026-08-17,951000,NONE
ORD01262,CUST00654,2026-05-05,723000,DISC 50
ORD01263,CUST01858,2026-07-15,420000,DISC 50
ORD01264,CUST00405,2026-05-25,958000,NONE
ORD01265,CUST08427,2026-07-11,847000,NONE
ORD01266,CUST07976,2026-08-17,69000,DISC 50
ORD01267,CUST05249,2026-04-09,551000,DISC10
ORD01268,CUST02743,2026-02-19,816000,NONE
ORD01269,CUST00121,2026-10-01,666000,DISC10
ORD01270,CUST03493,2026-04-18,910000,NONE
ORD01271,CUST01703,2026-08-06,235000,NONE
ORD01272,CUST01182,2026-08-11,789000,NONE
ORD01273,CUST00390,2026-03-20,495000,NONE
ORD01274,CUST00621,2026-06-19,114000,DISC10
ORD01275,CUST02917,2026-01-28,838000,DISC 50
ORD01276,CUST09421,2026-02-06,866000,DISCC20
ORD01277,CUST06679,2026-05-13,422000,NONE
ORD01278,CUST07095,2026-07-27,348000,DISC10
ORD01279,CUST01939,2026-07-19,572000,DISC10
ORD01280,CUST09595,2026-02-02,71000,NONE
ORD01281,CUST05861,2026-02-07,975000,NONE
ORD01282,CUST04749,2026-02-24,830000,NONE
ORD01283,CUST09938,2026-06-04,113000,DISC 50
ORD01284,CUST06250,2026-08-13,429000,NONE
ORD01285,CUST07766,2026-01-16,185000,NONE
ORD01286,CUST02235,2026-04-23,789000,NONE
ORD01287,CUST02361,2026-06-01,330000,NONE
ORD01288,CUST00183,2026-07-11,591000,NONE
ORD01289,CUST02020,2026-03-14,67000,DISC10
ORD01290,CUST08801,2026-07-21,585000,DISC10
ORD01291,CUST03442,2026-06-06,791000,NONE
ORD01292,CUST03470,2026-06-26,447000,NONE
ORD01293,CUST02334,2026-09-20,189000,DISCC20
ORD01294,CUST04141,2026-04-24,223000,DISC10
ORD01295,CUST09295,2026-04-03,897000,DISC10
ORD01296,CUST09006,2026-08-25,99000,DISC 50
ORD01297,CUST04108,2026-02-04,125000,DISCC20
ORD01298,CUST05421,2026-09-07,390000,DISCC20
ORD01299,CUST01640,2026-05-01,316000,NONE
ORD01300,CUST03171,2026-02-05,350000,NONE
ORD01301,CUST05380,2026-08-19,656000,NONE
ORD01302,CUST09572,2026-06-06,181000,NONE
ORD01303,CUST05183,2026-07-06,463000,DISCC20
ORD01304,CUST05132,2026-01-03,277000,DISCC20
ORD01305,CUST04534,2026-08-12,885000,DISC 50
ORD01306,CUST05433,2026-03-10,923000,NONE
ORD01307,CUST07297,2026-08-25,392000,DISC 50
ORD01308,CUST09039,2026-09-07,136000,DISCC20
ORD01309,CUST04598,2026-02-11,904000,DISCC20
ORD01310,CUST04313,2026-04-11,776000,NONE
ORD01311,CUST01236,2026-02-09,938000,DISC10
ORD01312,CUST00512,2026-09-17,857000,NONE
ORD01313,CUST09668,2026-07-27,242000,DISC10
ORD01314,CUST08905,2026-05-14,940000,NONE
ORD01315,CUST02436,2026-08-30,399000,NONE
ORD01316,CUST09661,2026-04-25,775000,DISC 50
ORD01317,CUST07614,2026-03-10,538000,NONE
ORD01318,CUST06501,2026-02-16,397000,NONE
ORD01319,CUST03914,2026-01-06,893000,NONE
ORD01320,CUST08424,2026-03-26,168000,NONE
ORD01321,CUST02936,2026-03-23,604000,NONE
ORD01322,CUST07922,2026-03-16,986000,DISC 50
ORD01323,CUST03586,2026-01-21,804000,NONE
ORD01324,CUST01030,2026-04-29,295000,DISC 50
ORD01325,CUST00702,2026-04-30,709000,DISCC20
ORD01326,CUST05919,2026-09-23,422000,NONE
ORD01327,CUST00761,2026-08-21,65000,NONE
ORD01328,CUST01692,2026-06-15,745000,NONE
ORD01329,CUST04315,2026-05-21,617000,NONE
ORD01330,CUST06172,2026-03-31,694000,NONE
ORD01331,CUST09629,2026-07-07,694000,DISC10
ORD01332,CUST04122,2026-09-22,410000,DISCC20
ORD01333,CUST06650,2026-09-22,386000,DISC 50
ORD01334,CUST07899,2026-09-07,933000,NONE
ORD01335,CUST08223,2026-01-04,928000,DISCC20
ORD01336,CUST02714,2026-08-14,260000,DISC10
ORD01337,CUST04601,2026-09-21,241000,DISCC20
ORD01338,CUST02579,2026-04-06,395000,NONE
ORD01339,CUST03774,2026-03-02,449000,DISC 50
ORD01340,CUST07890,2026-02-28,716000,NONE
ORD01341,CUST03453,2026-09-03,629000,DISCC20
ORD01342,CUST00368,2026-07-30,274000,DISC10
ORD01343,CUST09397,2026-03-07,631000,DISCC20
ORD01344,CUST08400,2026-03-10,65000,NONE
ORD01345,CUST00917,2026-03-17,195000,DISC 50
ORD01346,CUST08465,2026-04-03,440000,NONE
ORD01347,CUST04645,2026-01-10,994000,DISC10
ORD01348,CUST07360,2026-04-21,646000,NONE
ORD01349,CUST02795,2026-09-04,249000,NONE
ORD01350,CUST09547,2026-03-15,865000,DISCC20
ORD01351,CUST04334,2026-09-19,196000,NONE
ORD01352,CUST07430,2026-06-25,635000,NONE
ORD01353,CUST03766,2026-02-05,412000,NONE
ORD01354,CUST01779,2026-03-09,41000,DISCC20
ORD01355,CUST08264,2026-09-25,725000,NONE
ORD01356,CUST09921,2026-03-18,123000,DISCC20
ORD01357,CUST09828,2026-09-01,64000,NONE
ORD01358,CUST01926,2026-09-15,120000,NONE
ORD01359,CUST09888,2026-03-08,577000,DISC10
ORD01360,CUST08554,2026-08-09,455000,DISC 50
ORD01361,CUST08681,2026-01-23,464000,DISCC20
ORD01362,CUST06247,2026-09-04,383000,NONE
ORD01363,CUST06972,2026-02-20,162000,DISC 50
ORD01364,CUST03810,2026-09-02,956000,DISC10
ORD01365,CUST09803,2026-05-26,922000,NONE
ORD01366,CUST04224,2026-07-29,218000,DISC10
ORD01367,CUST09470,2026-01-04,560000,DISC10
ORD01368,CUST00118,2026-09-24,409000,NONE
ORD01369,CUST05176,2026-04-16,443000,DISC 50
ORD01370,CUST02536,2026-02-24,461000,NONE
ORD01371,CUST04282,2026-05-10,900000,NONE
ORD01372,CUST09252,2026-08-05,399000,NONE
ORD01373,CUST06512,2026-05-22,798000,DISCC20
ORD01374,CUST09046,2026-07-31,827000,NONE
ORD01375,CUST02929,2026-09-05,404000,NONE
ORD01376,CUST04158,2026-09-05,339000,NONE
ORD01377,CUST06523,2026-06-26,778000,DISCC20
ORD01378,CUST03765,2026-03-02,482000,NONE
ORD01379,CUST01643,2026-03-24,244000,NONE
ORD01380,CUST05545,2026-07-25,845000,NONE
ORD01381,CUST02634,2026-01-27,423000,NONE
ORD01382,CUST01493,2026-01-03,868000,DISCC20
ORD01383,CUST09835,2026-08-30,470000,DISC10
ORD01384,CUST04311,2026-02-02,252000,DISC 50
ORD01385,CUST09979,2026-02-10,63000,NONE
ORD01386,CUST06565,2026-07-16,653000,NONE
ORD01387,CUST04694,2026-09-24,753000,NONE
ORD01388,CUST02872,2026-01-30,680000,NONE
ORD01389,CUST00176,2026-08-13,231000,NONE
ORD01390,CUST04686,2026-09-23,224000,DISC10
ORD01391,CUST08452,2026-09-19,740000,DISCC20
ORD01392,CUST00591,2026-03-28,393000,DISCC20
ORD01393,CUST02580,2026-01-01,113000,DISC 50
ORD01394,CUST05786,2026-07-24,710000,NONE
ORD01395,CUST09603,2026-07-27,230000,NONE
ORD01396,CUST01125,2026-01-08,966000,DISC10
ORD01397,CUST09161,2026-05-26,961000,NONE
ORD01398,CUST05694,2026-06-28,860000,DISC 50
ORD01399,CUST09935,2026-04-26,224000,NONE
ORD01400,CUST09420,2026-07-26,29000,DISC 50
ORD01401,CUST06671,2026-03-31,543000,DISC10
ORD01402,CUST08244,2026-02-07,326000,DISC 50
ORD01403,CUST08410,2026-03-01,288000,NONE
ORD01404,CUST07255,2026-05-09,411000,NONE
ORD01405,CUST03986,2026-09-05,800000,DISC 50
ORD01406,CUST07549,2026-08-23,943000,NONE
ORD01407,CUST07897,2026-01-15,144000,DISC 50
ORD01408,CUST06270,2026-02-04,673000,DISCC20
ORD01409,CUST05173,2026-04-28,447000,DISC 50
ORD01410,CUST08777,2026-09-22,34000,NONE
ORD01411,CUST04068,2026-05-15,319000,DISC10
ORD01412,CUST05604,2026-07-24,102000,NONE
ORD01413,CUST07808,2026-04-02,346000,DISC 50
ORD01414,CUST09400,2026-04-22,300000,DISCC20
ORD01415,CUST08176,2026-04-08,779000,DISCC20
ORD01416,CUST03966,2026-05-01,918000,DISC 50
ORD01417,CUST03756,2026-04-16,232000,DISCC20
ORD01418,CUST02556,2026-07-02,822000,DISC10
ORD01419,CUST01286,2026-03-03,717000,NONE
ORD01420,CUST00109,2026-09-10,807000,NONE
ORD01421,CUST07902,2026-01-22,405000,NONE
ORD01422,CUST08067,2026-06-11,944000,NONE
ORD01423,CUST08042,2026-05-21,212000,NONE
ORD01424,CUST06519,2026-05-24,252000,NONE
ORD01425,CUST00888,2026-03-07,563000,NONE
ORD01426,CUST08860,2026-09-02,58000,NONE
ORD01427,CUST06451,2026-06-27,906000,NONE
ORD01428,CUST07491,2026-03-31,148000,NONE
ORD01429,CUST07538,2026-09-23,348000,NONE
ORD01430,CUST00194,2026-01-05,715000,DISCC20
ORD01431,CUST09520,2026-07-14,128000,DISC 50
ORD01432,CUST04255,2026-07-05,216000,NONE
ORD01433,CUST03886,2026-05-15,300000,NONE
ORD01434,CUST05996,2026-06-25,213000,NONE
ORD01435,CUST03450,2026-08-06,454000,NONE
ORD01436,CUST05982,2026-07-10,899000,NONE
ORD01437,CUST07385,2026-05-24,209000,NONE
ORD01438,CUST09436,2026-03-09,727000,DISCC20
ORD01439,CUST04423,2026-02-21,848000,DISCC20
ORD01440,CUST06241,2026-08-10,225000,DISCC20
ORD01441,CUST07750,2026-03-18,850000,DISC10
ORD01442,CUST06907,2026-04-01,536000,DISCC20
ORD01443,CUST08749,2026-09-22,762000,DISC 50
ORD01444,CUST04916,2026-09-07,281000,NONE
ORD01445,CUST06528,2026-01-25,126000,NONE
ORD01446,CUST00984,2026-03-25,245000,DISC 50
ORD01447,CUST01578,2026-09-01,485000,NONE
ORD01448,CUST04257,2026-06-21,394000,DISC 50
ORD01449,CUST05639,2026-05-12,45000,NONE
ORD01450,CUST05753,2026-03-04,913000,NONE
ORD01451,CUST09452,2026-04-12,614000,NONE
ORD01452,CUST04664,2026-03-31,388000,DISC 50
ORD01453,CUST07988,2026-09-19,818000,NONE
ORD01454,CUST01285,2026-08-17,415000,NONE
ORD01455,CUST07599,2026-05-27,671000,DISCC20
ORD01456,CUST05528,2026-03-27,456000,NONE
ORD01457,CUST01169,2026-07-27,106000,DISCC20
ORD01458,CUST03740,2026-06-25,346000,DISC 50
ORD01459,CUST04383,2026-05-30,644000,NONE
ORD01460,CUST04445,2026-07-22,933000,NONE
ORD01461,CUST09617,2026-07-05,558000,NONE
ORD01462,CUST02742,2026-07-31,213000,DISC10
ORD01463,CUST03845,2026-03-06,702000,DISC 50
ORD01464,CUST03451,2026-02-10,195000,NONE
ORD01465,CUST01566,2026-02-22,90000,NONE
ORD01466,CUST00432,2026-01-28,814000,NONE
ORD01467,CUST01364,2026-09-26,131000,DISC 50
ORD01468,CUST01382,2026-03-21,695000,NONE
ORD01469,CUST03758,2026-06-08,278000,NONE
ORD01470,CUST07261,2026-05-26,666000,DISCC20
ORD01471,CUST08631,2026-03-09,883000,DISCC20
ORD01472,CUST00576,2026-01-15,704000,DISC 50
ORD01473,CUST07802,2026-06-16,503000,NONE
ORD01474,CUST08988,2026-05-20,480000,DISCC20
ORD01475,CUST09681,2026-04-01,636000,NONE
ORD01476,CUST08577,2026-08-11,680000,NONE
ORD01477,CUST05074,2026-10-01,955000,DISC 50
ORD01478,CUST08842,2026-09-04,257000,DISC10
ORD01479,CUST05045,2026-08-15,399000,NONE
ORD01480,CUST02552,2026-05-14,335000,DISC10
ORD01481,CUST08575,2026-01-01,859000,DISCC20
ORD01482,CUST04699,2026-06-26,505000,NONE
ORD01483,CUST08060,2026-01-05,994000,NONE
ORD01484,CUST00150,2026-06-03,809000,NONE
ORD01485,CUST09782,2026-05-30,261000,DISC10
ORD01486,CUST03090,2026-07-11,446000,NONE
ORD01487,CUST06468,2026-08-12,280000,DISCC20
ORD01488,CUST06200,2026-07-19,250000,DISC 50
ORD01489,CUST06918,2026-02-10,665000,DISCC20
ORD01490,CUST04455,2026-09-22,316000,NONE
ORD01491,CUST04405,2026-09-30,447000,DISCC20
ORD01492,CUST02989,2026-02-05,164000,DISC 50
ORD01493,CUST07461,2026-02-26,657000,NONE
ORD01494,CUST08061,2026-05-20,217000,DISC 50
ORD01495,CUST02493,2026-01-10,75000,NONE
ORD01496,CUST03047,2026-01-12,129000,DISC 50
ORD01497,CUST02049,2026-05-18,757000,NONE
ORD01498,CUST03815,2026-01-05,117000,DISCC20
ORD01499,CUST08087,2026-01-08,247000,DISC 50
ORD01500,CUST05105,2026-08-04,829000,NONE
ORD01501,CUST07598,2026-07-10,738000,DISC10
ORD01502,CUST01315,2026-06-19,888000,DISCC20
ORD01503,CUST04367,2026-01-29,819000,NONE
ORD01504,CUST08900,2026-02-06,506000,DISCC20
ORD01505,CUST04098,2026-04-09,861000,NONE
ORD01506,CUST01999,2026-01-07,811000,NONE
ORD01507,CUST06305,2026-05-08,814000,NONE
ORD01508,CUST00550,2026-05-07,228000,NONE
ORD01509,CUST08539,2026-02-18,706000,DISCC20
ORD01510,CUST06376,2026-08-31,722000,DISC 50
ORD01511,CUST02599,2026-06-15,669000,NONE
ORD01512,CUST09005,2026-01-22,558000,DISC10
ORD01513,CUST07885,2026-05-10,678000,DISC 50
ORD01514,CUST05906,2026-04-12,933000,DISC10
ORD01515,CUST01851,2026-04-22,266000,NONE
ORD01516,CUST05317,2026-08-11,40000,DISCC20
ORD01517,CUST09580,2026-05-22,147000,NONE
ORD01518,CUST00147,2026-05-05,68000,NONE
ORD01519,CUST09769,2026-09-01,183000,DISC 50
ORD01520,CUST04076,2026-02-15,186000,NONE
ORD01521,CUST05545,2026-02-16,978000,NONE
ORD01522,CUST00980,2026-01-31,389000,NONE
ORD01523,CUST08788,2026-03-20,835000,DISC10
ORD01524,CUST07993,2026-03-06,263000,DISC 50
ORD01525,CUST07188,2026-06-27,775000,DISCC20
ORD01526,CUST06190,2026-01-11,391000,NONE
ORD01527,CUST04108,2026-03-10,945000,DISC10
ORD01528,CUST07169,2026-09-06,597000,DISC 50
ORD01529,CUST03110,2026-09-08,605000,DISCC20
ORD01530,CUST05304,2026-06-28,774000,NONE
ORD01531,CUST09809,2026-05-21,961000,NONE
ORD01532,CUST01129,2026-03-24,568000,DISCC20
ORD01533,CUST04845,2026-08-19,864000,DISC 50
ORD01534,CUST07440,2026-07-07,25000,NONE
ORD01535,CUST06211,2026-09-17,776000,DISCC20
ORD01536,CUST05966,2026-01-10,819000,NONE
ORD01537,CUST05255,2026-05-03,763000,DISC10
ORD01538,CUST03111,2026-07-18,561000,NONE
ORD01539,CUST09036,2026-09-12,182000,NONE
ORD01540,CUST05286,2026-05-25,444000,NONE
ORD01541,CUST01810,2026-06-14,123000,NONE
ORD01542,CUST00718,2026-02-04,880000,DISCC20
ORD01543,CUST00513,2026-04-02,231000,DISC10
ORD01544,CUST03140,2026-09-06,126000,DISC10
ORD01545,CUST08027,2026-07-18,563000,NONE
ORD01546,CUST00805,2026-05-12,400000,DISCC20
ORD01547,CUST00215,2026-02-06,977000,DISCC20
ORD01548,CUST01311,2026-09-09,504000,NONE
ORD01549,CUST05914,2026-02-01,596000,NONE
ORD01550,CUST06047,2026-08-01,838000,NONE
ORD01551,CUST04356,2026-01-30,566000,DISC10
ORD01552,CUST04980,2026-02-06,104000,DISCC20
ORD01553,CUST01592,2026-09-23,128000,NONE
ORD01554,CUST08711,2026-04-29,419000,DISCC20
ORD01555,CUST08622,2026-04-09,697000,DISCC20
ORD01556,CUST09150,2026-04-02,792000,NONE
ORD01557,CUST01729,2026-08-01,809000,NONE
ORD01558,CUST07516,2026-07-03,744000,NONE
ORD01559,CUST01706,2026-08-07,195000,DISCC20
ORD01560,CUST08269,2026-07-25,370000,NONE
ORD01561,CUST08748,2026-03-22,639000,NONE
ORD01562,CUST05164,2026-06-30,588000,DISC 50
ORD01563,CUST06756,2026-07-10,807000,NONE
ORD01564,CUST05300,2026-08-09,648000,DISCC20
ORD01565,CUST06146,2026-04-20,809000,NONE
ORD01566,CUST05899,2026-05-11,488000,NONE
ORD01567,CUST00004,2026-07-23,768000,DISC10
ORD01568,CUST09761,2026-05-26,41000,NONE
ORD01569,CUST04946,2026-03-11,31000,DISC 50
ORD01570,CUST03520,2026-04-24,901000,DISC 50
ORD01571,CUST04522,2026-01-12,966000,NONE
ORD01572,CUST09115,2026-09-19,609000,NONE
ORD01573,CUST01545,2026-03-21,63000,NONE
ORD01574,CUST02558,2026-07-02,166000,DISC 50
ORD01575,CUST09539,2026-07-07,280000,DISCC20
ORD01576,CUST04921,2026-05-12,119000,NONE
ORD01577,CUST09324,2026-07-24,964000,DISCC20
ORD01578,CUST05320,2026-02-09,836000,NONE
ORD01579,CUST08000,2026-03-30,870000,NONE
ORD01580,CUST09753,2026-02-18,682000,DISC 50
ORD01581,CUST09442,2026-01-20,415000,DISC10
ORD01582,CUST05479,2026-01-29,381000,NONE
ORD01583,CUST01975,2026-08-02,915000,DISCC20
ORD01584,CUST06267,2026-01-06,80000,DISC 50
ORD01585,CUST00675,2026-09-26,351000,NONE
ORD01586,CUST05355,2026-03-18,539000,NONE
ORD01587,CUST02510,2026-04-24,76000,NONE
ORD01588,CUST07301,2026-07-21,795000,NONE
ORD01589,CUST01476,2026-09-16,252000,NONE
ORD01590,CUST06461,2026-05-29,176000,DISCC20
ORD01591,CUST01353,2026-06-22,512000,NONE
ORD01592,CUST08981,2026-01-26,433000,DISC 50
ORD01593,CUST06530,2026-02-13,538000,NONE
ORD01594,CUST02210,2026-03-08,517000,NONE
ORD01595,CUST07994,2026-04-12,429000,NONE
ORD01596,CUST09195,2026-04-11,655000,NONE
ORD01597,CUST04035,2026-09-26,273000,DISC10
ORD01598,CUST07047,2026-05-17,356000,NONE
ORD01599,CUST01844,2026-02-15,712000,NONE
ORD01600,CUST05985,2026-08-05,381000,DISCC20
ORD01601,CUST05645,2026-06-14,633000,NONE
ORD01602,CUST04995,2026-01-13,198000,DISC 50
ORD01603,CUST02390,2026-08-15,476000,DISC10
ORD01604,CUST03272,2026-04-30,726000,DISC 50
ORD01605,CUST01406,2026-03-21,140000,NONE
ORD01606,CUST03983,2026-01-28,996000,NONE
ORD01607,CUST04714,2026-03-17,39000,DISC 50
ORD01608,CUST05000,2026-02-26,485000,NONE
ORD01609,CUST05438,2026-01-12,239000,NONE
ORD01610,CUST03340,2026-04-19,584000,NONE
ORD01611,CUST08992,2026-05-13,519000,NONE
ORD01612,CUST00302,2026-03-14,410000,NONE
ORD01613,CUST00713,2026-09-27,286000,DISCC20
ORD01614,CUST04654,2026-01-31,230000,NONE
ORD01615,CUST00870,2026-05-19,501000,NONE
ORD01616,CUST01092,2026-01-05,422000,NONE
ORD01617,CUST05902,2026-05-19,910000,DISC10
ORD01618,CUST04793,2026-01-10,913000,NONE
ORD01619,CUST03788,2026-07-17,414000,NONE
ORD01620,CUST05169,2026-02-20,521000,NONE
ORD01621,CUST01443,2026-09-30,215000,DISCC20
ORD01622,CUST07504,2026-09-14,599000,NONE
ORD01623,CUST00652,2026-01-12,278000,NONE
ORD01624,CUST05466,2026-06-06,526000,NONE
ORD01625,CUST00302,2026-03-22,380000,NONE
ORD01626,CUST05823,2026-06-30,665000,DISC 50
ORD01627,CUST08213,2026-05-01,307000,DISC10
ORD01628,CUST06344,2026-05-12,936000,DISC10
ORD01629,CUST03696,2026-05-24,180000,DISC 50
ORD01630,CUST02249,2026-07-21,114000,NONE
ORD01631,CUST08532,2026-07-15,719000,NONE
ORD01632,CUST06838,2026-04-27,271000,NONE
ORD01633,CUST06988,2026-03-20,344000,NONE
ORD01634,CUST07360,2026-06-18,580000,DISCC20
ORD01635,CUST02271,2026-04-16,619000,NONE
ORD01636,CUST02263,2026-04-14,341000,NONE
ORD01637,CUST02216,2026-09-26,465000,DISCC20
ORD01638,CUST05202,2026-03-22,94000,NONE
ORD01639,CUST01940,2026-09-30,213000,DISC 50
ORD01640,CUST00484,2026-03-16,808000,DISC 50
ORD01641,CUST06738,2026-07-31,335000,NONE
ORD01642,CUST02490,2026-05-21,822000,DISCC20
ORD01643,CUST02156,2026-02-24,214000,DISC10
ORD01644,CUST09923,2026-05-17,605000,NONE
ORD01645,CUST09771,2026-04-29,262000,DISCC20
ORD01646,CUST05887,2026-01-14,106000,NONE
ORD01647,CUST02197,2026-09-02,539000,NONE
ORD01648,CUST06127,2026-08-29,213000,NONE
ORD01649,CUST07764,2026-09-09,165000,DISCC20
ORD01650,CUST03708,2026-04-09,58000,NONE
ORD01651,CUST04422,2026-01-08,998000,NONE
ORD01652,CUST03324,2026-04-24,800000,DISCC20
ORD01653,CUST02902,2026-02-03,974000,NONE
ORD01654,CUST05324,2026-09-08,912000,NONE
ORD01655,CUST07006,2026-05-07,439000,DISC10
ORD01656,CUST05127,2026-07-14,428000,NONE
ORD01657,CUST00631,2026-09-26,558000,DISC10
ORD01658,CUST07486,2026-08-20,871000,DISC10
ORD01659,CUST08499,2026-05-06,575000,NONE
ORD01660,CUST09138,2026-01-21,421000,NONE
ORD01661,CUST03111,2026-01-26,323000,NONE
ORD01662,CUST04990,2026-07-23,817000,DISC 50
ORD01663,CUST02728,2026-08-25,457000,DISC 50
ORD01664,CUST08471,2026-01-28,950000,DISCC20
ORD01665,CUST07401,2026-08-26,117000,NONE
ORD01666,CUST01855,2026-09-14,209000,NONE
ORD01667,CUST06441,2026-03-11,448000,DISC 50
ORD01668,CUST00409,2026-08-19,208000,NONE
ORD01669,CUST07450,2026-04-14,117000,DISC 50
ORD01670,CUST02687,2026-06-15,760000,NONE
ORD01671,CUST01495,2026-03-05,141000,NONE
ORD01672,CUST05947,2026-08-19,112000,NONE
ORD01673,CUST08384,2026-07-16,651000,DISCC20
ORD01674,CUST09017,2026-07-13,414000,DISC10
ORD01675,CUST05492,2026-03-29,604000,NONE
ORD01676,CUST02657,2026-03-18,914000,DISCC20
ORD01677,CUST00841,2026-04-02,454000,DISC 50
ORD01678,CUST07312,2026-06-08,320000,NONE
ORD01679,CUST01927,2026-04-03,945000,DISCC20
ORD01680,CUST00058,2026-04-14,662000,DISC 50
ORD01681,CUST07515,2026-01-07,534000,NONE
ORD01682,CUST09962,2026-01-03,928000,NONE
ORD01683,CUST03554,2026-05-02,627000,NONE
ORD01684,CUST07435,2026-09-01,444000,NONE
ORD01685,CUST09851,2026-02-10,639000,DISC10
ORD01686,CUST08968,2026-05-06,309000,NONE
ORD01687,CUST00802,2026-04-17,214000,DISCC20
ORD01688,CUST05719,2026-01-29,62000,DISCC20
ORD01689,CUST09472,2026-01-17,883000,NONE
ORD01690,CUST05425,2026-06-02,967000,DISC10
ORD01691,CUST01785,2026-01-26,451000,DISCC20
ORD01692,CUST04660,2026-03-24,650000,NONE
ORD01693,CUST07461,2026-04-01,792000,NONE
ORD01694,CUST00588,2026-07-04,120000,DISC 50
ORD01695,CUST06039,2026-06-15,944000,NONE
ORD01696,CUST07002,2026-02-04,888000,NONE
ORD01697,CUST04798,2026-02-03,507000,DISCC20
ORD01698,CUST04497,2026-03-04,362000,NONE
ORD01699,CUST08596,2026-07-31,239000,NONE
ORD01700,CUST00954,2026-04-18,136000,NONE
ORD01701,CUST01437,2026-09-28,520000,NONE
ORD01702,CUST06997,2026-05-28,648000,DISC 50
ORD01703,CUST08609,2026-05-13,613000,NONE
ORD01704,CUST02126,2026-07-01,654000,NONE
ORD01705,CUST08515,2026-09-12,771000,NONE
ORD01706,CUST08070,2026-09-12,852000,DISCC20
ORD01707,CUST04760,2026-04-30,223000,DISC10
ORD01708,CUST00393,2026-03-02,501000,NONE
ORD01709,CUST03397,2026-03-02,843000,NONE
ORD01710,CUST06784,2026-08-01,71000,DISC 50
ORD01711,CUST09182,2026-06-29,850000,NONE
ORD01712,CUST00186,2026-04-19,680000,DISCC20
ORD01713,CUST04169,2026-05-25,834000,DISC10
ORD01714,CUST04920,2026-06-07,543000,NONE
ORD01715,CUST00101,2026-06-15,141000,NONE
ORD01716,CUST05593,2026-06-20,430000,NONE
ORD01717,CUST02878,2026-01-15,223000,DISC 50
ORD01718,CUST07850,2026-06-23,963000,NONE
ORD01719,CUST02225,2026-01-19,518000,DISCC20
ORD01720,CUST08798,2026-08-24,942000,DISC 50
ORD01721,CUST06783,2026-08-25,975000,NONE
ORD01722,CUST08538,2026-01-29,331000,NONE
ORD01723,CUST09097,2026-06-11,573000,DISC10
ORD01724,CUST09461,2026-04-17,726000,DISC 50
ORD01725,CUST01085,2026-07-01,177000,DISC 50
ORD01726,CUST05557,2026-01-16,409000,NONE
ORD01727,CUST02720,2026-10-01,609000,NONE
ORD01728,CUST03071,2026-07-19,634000,DISC10
ORD01729,CUST05153,2026-06-07,751000,DISC10
ORD01730,CUST06781,2026-05-20,113000,NONE
ORD01731,CUST06089,2026-05-02,487000,DISC 50
ORD01732,CUST08604,2026-04-21,334000,DISCC20
ORD01733,CUST06132,2026-02-27,828000,DISC10
ORD01734,CUST01518,2026-04-14,479000,NONE
ORD01735,CUST07908,2026-01-13,951000,NONE
ORD01736,CUST03117,2026-03-20,373000,NONE
ORD01737,CUST05085,2026-09-26,819000,DISC 50
ORD01738,CUST01610,2026-03-15,866000,NONE
ORD01739,CUST03362,2026-03-09,766000,DISC10
ORD01740,CUST06351,2026-08-24,755000,NONE
ORD01741,CUST00068,2026-03-01,343000,DISC10
ORD01742,CUST05461,2026-02-14,503000,DISC10
ORD01743,CUST08530,2026-02-22,809000,NONE
ORD01744,CUST00369,2026-06-09,616000,DISC 50
ORD01745,CUST05258,2026-04-18,230000,DISCC20
ORD01746,CUST04533,2026-05-27,570000,DISC 50
ORD01747,CUST01928,2026-08-14,304000,DISCC20
ORD01748,CUST04484,2026-03-22,142000,DISC10
ORD01749,CUST01678,2026-09-21,236000,NONE
ORD01750,CUST09001,2026-06-29,351000,DISC 50
ORD01751,CUST04642,2026-03-14,612000,DISCC20
ORD01752,CUST01168,2026-03-29,343000,NONE
ORD01753,CUST08857,2026-06-23,479000,DISC10
ORD01754,CUST00476,2026-03-08,507000,NONE
ORD01755,CUST01736,2026-01-26,417000,DISC10
ORD01756,CUST06988,2026-02-14,426000,DISCC20
ORD01757,CUST05827,2026-08-17,344000,DISC 50
ORD01758,CUST08741,2026-04-12,105000,NONE
ORD01759,CUST01523,2026-03-09,857000,NONE
ORD01760,CUST01594,2026-08-28,491000,DISC 50
ORD01761,CUST07710,2026-08-27,262000,DISCC20
ORD01762,CUST04228,2026-03-15,959000,DISC 50
ORD01763,CUST03005,2026-07-20,741000,NONE
ORD01764,CUST05321,2026-06-19,489000,NONE
ORD01765,CUST01071,2026-01-16,511000,DISC10
ORD01766,CUST07843,2026-06-29,497000,DISCC20
ORD01767,CUST05712,2026-05-25,643000,NONE
ORD01768,CUST08323,2026-03-07,130000,NONE
ORD01769,CUST05340,2026-02-24,594000,NONE
ORD01770,CUST04950,2026-02-06,570000,NONE
ORD01771,CUST09676,2026-07-25,448000,DISCC20
ORD01772,CUST08978,2026-05-05,187000,NONE
ORD01773,CUST01083,2026-07-16,373000,DISCC20
ORD01774,CUST07133,2026-08-09,605000,DISC 50
ORD01775,CUST02836,2026-05-01,703000,NONE
ORD01776,CUST09408,2026-02-09,881000,NONE
ORD01777,CUST09703,2026-02-28,635000,NONE
ORD01778,CUST09095,2026-06-16,124000,NONE
ORD01779,CUST05047,2026-04-01,440000,DISC10
ORD01780,CUST09772,2026-02-25,814000,NONE
ORD01781,CUST08099,2026-06-17,685000,NONE
ORD01782,CUST01484,2026-02-01,247000,DISCC20
ORD01783,CUST02404,2026-01-01,701000,DISCC20
ORD01784,CUST08705,2026-08-20,323000,NONE
ORD01785,CUST03206,2026-08-17,235000,NONE
ORD01786,CUST04911,2026-06-12,608000,NONE
ORD01787,CUST07123,2026-06-05,760000,DISC 50
ORD01788,CUST09548,2026-02-15,33000,NONE
ORD01789,CUST06623,2026-09-19,892000,DISCC20
ORD01790,CUST01023,2026-05-31,403000,NONE
ORD01791,CUST00014,2026-01-28,745000,NONE
ORD01792,CUST01798,2026-07-03,906000,DISC 50
ORD01793,CUST03855,2026-01-16,467000,NONE
ORD01794,CUST05213,2026-07-21,753000,NONE
ORD01795,CUST06252,2026-07-27,470000,NONE
ORD01796,CUST02842,2026-04-19,511000,DISCC20
ORD01797,CUST09101,2026-04-07,418000,DISC 50
ORD01798,CUST02528,2026-08-02,320000,NONE
ORD01799,CUST02201,2026-03-06,36000,DISC10
ORD01800,CUST02360,2026-01-09,763000,NONE
ORD01801,CUST02225,2026-08-12,111000,DISCC20
ORD01802,CUST07472,2026-08-01,940000,NONE
ORD01803,CUST02946,2026-08-06,490000,NONE
ORD01804,CUST09045,2026-08-06,864000,NONE
ORD01805,CUST05822,2026-07-16,256000,DISCC20
ORD01806,CUST09906,2026-08-06,32000,NONE
ORD01807,CUST03879,2026-09-13,754000,NONE
ORD01808,CUST06732,2026-05-18,973000,NONE
ORD01809,CUST00549,2026-07-07,63000,NONE
ORD01810,CUST06039,2026-09-05,140000,NONE
ORD01811,CUST01312,2026-09-04,170000,NONE
ORD01812,CUST04579,2026-09-27,501000,NONE
ORD01813,CUST08575,2026-02-10,936000,NONE
ORD01814,CUST04018,2026-02-15,508000,NONE
ORD01815,CUST08835,2026-02-09,842000,NONE
ORD01816,CUST00865,2026-06-09,950000,DISC 50
ORD01817,CUST00177,2026-10-01,505000,NONE
ORD01818,CUST07688,2026-09-20,612000,NONE
ORD01819,CUST06898,2026-06-19,386000,DISC 50
ORD01820,CUST02745,2026-05-29,61000,NONE
ORD01821,CUST09236,2026-06-05,291000,DISC10
ORD01822,CUST09473,2026-08-31,198000,NONE
ORD01823,CUST04781,2026-01-27,853000,NONE
ORD01824,CUST04700,2026-01-14,521000,DISC10
ORD01825,CUST08284,2026-03-06,103000,DISC 50
ORD01826,CUST02172,2026-05-10,655000,DISC 50
ORD01827,CUST04210,2026-05-21,39000,NONE
ORD01828,CUST09894,2026-02-27,203000,NONE
ORD01829,CUST07318,2026-03-19,403000,DISCC20
ORD01830,CUST03870,2026-05-14,521000,DISCC20
ORD01831,CUST00543,2026-09-28,376000,DISC10
ORD01832,CUST09758,2026-03-16,981000,DISCC20
ORD01833,CUST06766,2026-09-11,813000,NONE
ORD01834,CUST07212,2026-05-02,768000,NONE
ORD01835,CUST03455,2026-03-27,616000,NONE
ORD01836,CUST00891,2026-06-26,682000,DISC 50
ORD01837,CUST00861,2026-03-01,196000,NONE
ORD01838,CUST07803,2026-07-24,333000,NONE
ORD01839,CUST03829,2026-09-30,413000,NONE
ORD01840,CUST07776,2026-07-19,293000,DISCC20
ORD01841,CUST07123,2026-09-29,37000,DISC 50
ORD01842,CUST06259,2026-08-18,719000,DISC 50
ORD01843,CUST00673,2026-09-29,124000,NONE
ORD01844,CUST07075,2026-07-01,650000,NONE
ORD01845,CUST05489,2026-05-20,301000,DISC 50
ORD01846,CUST04184,2026-02-20,695000,NONE
ORD01847,CUST07555,2026-07-20,816000,NONE
ORD01848,CUST09646,2026-05-04,813000,DISCC20
ORD01849,CUST05529,2026-09-24,718000,NONE
ORD01850,CUST05133,2026-04-03,585000,DISC10
ORD01851,CUST01114,2026-01-05,37000,NONE
ORD01852,CUST08606,2026-02-20,131000,NONE
ORD01853,CUST05760,2026-08-17,249000,NONE
ORD01854,CUST04128,2026-05-26,222000,DISC10
ORD01855,CUST01507,2026-01-13,83000,NONE
ORD01856,CUST09821,2026-04-22,678000,DISC10
ORD01857,CUST01416,2026-03-03,901000,NONE
ORD01858,CUST06160,2026-03-08,697000,NONE
ORD01859,CUST01817,2026-04-05,737000,DISCC20
ORD01860,CUST04827,2026-05-10,503000,NONE
ORD01861,CUST07430,2026-02-08,969000,DISC 50
ORD01862,CUST05299,2026-08-07,288000,DISCC20
ORD01863,CUST04544,2026-02-07,820000,DISC10
ORD01864,CUST06367,2026-07-15,365000,DISC10
ORD01865,CUST04337,2026-05-13,207000,NONE
ORD01866,CUST08057,2026-02-05,975000,DISCC20
ORD01867,CUST02924,2026-07-21,685000,NONE
ORD01868,CUST02358,2026-02-25,578000,NONE
ORD01869,CUST01741,2026-04-22,959000,NONE
ORD01870,CUST01693,2026-05-13,60000,DISC10
ORD01871,CUST09361,2026-02-06,770000,DISC 50
ORD01872,CUST00308,2026-08-17,943000,NONE
ORD01873,CUST00015,2026-03-18,980000,DISC10
ORD01874,CUST04366,2026-07-19,180000,NONE
ORD01875,CUST06412,2026-06-18,613000,DISC10
ORD01876,CUST08040,2026-09-21,514000,NONE
ORD01877,CUST01149,2026-07-26,578000,DISCC20
ORD01878,CUST06299,2026-01-02,730000,NONE
ORD01879,CUST09294,2026-03-04,573000,DISC 50
ORD01880,CUST04962,2026-06-20,435000,DISC10
ORD01881,CUST05986,2026-02-16,572000,DISC 50
ORD01882,CUST07531,2026-02-11,803000,DISC 50
ORD01883,CUST02894,2026-04-14,592000,DISC10
ORD01884,CUST03130,2026-07-16,331000,NONE
ORD01885,CUST01750,2026-07-19,670000,NONE
ORD01886,CUST07971,2026-07-03,111000,NONE
ORD01887,CUST03105,2026-08-13,168000,DISC10
ORD01888,CUST00416,2026-04-09,762000,NONE
ORD01889,CUST08016,2026-05-03,423000,DISC10
ORD01890,CUST08187,2026-06-07,571000,NONE
ORD01891,CUST00607,2026-01-09,372000,DISC10
ORD01892,CUST00702,2026-06-22,440000,DISC10
ORD01893,CUST08571,2026-04-19,494000,NONE
ORD01894,CUST09493,2026-03-18,263000,DISC10
ORD01895,CUST02320,2026-01-19,525000,NONE
ORD01896,CUST07721,2026-01-10,953000,NONE
ORD01897,CUST03977,2026-01-24,743000,NONE
ORD01898,CUST00236,2026-03-08,201000,NONE
ORD01899,CUST05036,2026-01-26,865000,DISC10
ORD01900,CUST02797,2026-08-22,880000,NONE
ORD01901,CUST01743,2026-02-02,141000,NONE
ORD01902,CUST01034,2026-04-23,848000,DISCC20
ORD01903,CUST05528,2026-08-07,855000,NONE
ORD01904,CUST05313,2026-07-25,148000,NONE
ORD01905,CUST05269,2026-03-12,881000,DISCC20
ORD01906,CUST09718,2026-01-24,202000,DISC 50
ORD01907,CUST01979,2026-02-02,305000,DISCC20
ORD01908,CUST02754,2026-08-01,738000,DISC 50
ORD01909,CUST07188,2026-03-26,274000,NONE
ORD01910,CUST02186,2026-01-21,127000,NONE
ORD01911,CUST02585,2026-07-12,41000,NONE
ORD01912,CUST00105,2026-02-11,32000,DISCC20
ORD01913,CUST09728,2026-02-15,933000,DISC 50
ORD01914,CUST07799,2026-08-02,733000,DISCC20
ORD01915,CUST02345,2026-04-16,680000,DISC 50
ORD01916,CUST07380,2026-09-25,446000,DISCC20
ORD01917,CUST00617,2026-03-31,635000,DISCC20
ORD01918,CUST01443,2026-09-13,667000,DISC 50
ORD01919,CUST06862,2026-06-28,29000,NONE
ORD01920,CUST03145,2026-05-01,145000,NONE
ORD01921,CUST05930,2026-02-18,908000,NONE
ORD01922,CUST03593,2026-09-17,500000,NONE
ORD01923,CUST04529,2026-04-17,79000,DISCC20
ORD01924,CUST02445,2026-02-27,726000,NONE
ORD01925,CUST02889,2026-09-12,188000,NONE
ORD01926,CUST00886,2026-01-23,685000,DISC 50
ORD01927,CUST03434,2026-05-26,470000,DISC 50
ORD01928,CUST07425,2026-06-21,69000,DISC10
ORD01929,CUST08805,2026-01-27,205000,DISCC20
ORD01930,CUST07948,2026-01-15,552000,DISC10
ORD01931,CUST03856,2026-02-06,763000,NONE
ORD01932,CUST06866,2026-06-16,228000,NONE
ORD01933,CUST03770,2026-06-16,822000,DISC10
ORD01934,CUST03732,2026-06-16,125000,DISCC20
ORD01935,CUST03277,2026-07-31,409000,DISCC20
ORD01936,CUST07717,2026-02-07,624000,NONE
ORD01937,CUST07142,2026-01-28,173000,DISCC20
ORD01938,CUST02918,2026-08-21,421000,DISC 50
ORD01939,CUST07500,2026-03-11,762000,DISCC20
ORD01940,CUST04419,2026-07-03,232000,DISC 50
ORD01941,CUST00526,2026-03-07,733000,NONE
ORD01942,CUST04598,2026-01-31,164000,DISC10
ORD01943,CUST07514,2026-08-27,453000,DISCC20
ORD01944,CUST03603,2026-06-25,932000,DISC 50
ORD01945,CUST02785,2026-03-22,616000,NONE
ORD01946,CUST01417,2026-04-28,446000,NONE
ORD01947,CUST03547,2026-09-08,630000,NONE
ORD01948,CUST04574,2026-08-25,39000,NONE
ORD01949,CUST04042,2026-08-08,278000,DISC 50
ORD01950,CUST09494,2026-08-11,252000,NONE
ORD01951,CUST09400,2026-03-18,944000,DISC10
ORD01952,CUST00725,2026-08-02,66000,NONE
ORD01953,CUST00551,2026-09-16,460000,NONE
ORD01954,CUST07853,2026-07-21,854000,NONE
ORD01955,CUST07413,2026-02-20,532000,DISCC20
ORD01956,CUST09151,2026-02-12,796000,DISC10
ORD01957,CUST03572,2026-07-28,160000,DISC 50
ORD01958,CUST03917,2026-06-01,688000,DISC10
ORD01959,CUST07861,2026-01-09,710000,DISC 50
ORD01960,CUST07525,2026-03-24,903000,NONE
ORD01961,CUST07453,2026-01-13,499000,DISCC20
ORD01962,CUST03031,2026-07-27,833000,DISC 50
ORD01963,CUST00023,2026-08-26,906000,NONE
ORD01964,CUST06306,2026-02-06,939000,NONE
ORD01965,CUST08699,2026-06-20,58000,DISC 50
ORD01966,CUST04421,2026-08-07,739000,NONE
ORD01967,CUST01327,2026-04-17,660000,DISC 50
ORD01968,CUST08434,2026-01-29,993000,NONE
ORD01969,CUST00845,2026-07-06,138000,NONE
ORD01970,CUST07625,2026-07-07,658000,DISC10
ORD01971,CUST06004,2026-07-07,204000,NONE
ORD01972,CUST09188,2026-02-04,751000,DISCC20
ORD01973,CUST05488,2026-03-12,269000,NONE
ORD01974,CUST07840,2026-02-28,780000,NONE
ORD01975,CUST03694,2026-04-18,353000,DISC 50
ORD01976,CUST08251,2026-05-17,721000,NONE
ORD01977,CUST00893,2026-05-22,89000,DISC 50
ORD01978,CUST07413,2026-06-26,522000,NONE
ORD01979,CUST02011,2026-09-27,506000,NONE
ORD01980,CUST08731,2026-09-30,946000,DISC 50
ORD01981,CUST06032,2026-08-20,844000,NONE
ORD01982,CUST03086,2026-02-03,938000,NONE
ORD01983,CUST01314,2026-02-14,425000,DISCC20
ORD01984,CUST01261,2026-05-28,136000,DISCC20
ORD01985,CUST01836,2026-05-22,738000,DISCC20
ORD01986,CUST02466,2026-09-12,920000,DISCC20
ORD01987,CUST00372,2026-09-24,325000,NONE
ORD01988,CUST07765,2026-03-09,380000,NONE
ORD01989,CUST00352,2026-08-16,323000,DISCC20
ORD01990,CUST00362,2026-02-02,917000,DISCC20
ORD01991,CUST05504,2026-09-24,446000,NONE
ORD01992,CUST05347,2026-06-25,522000,NONE
ORD01993,CUST08987,2026-09-29,480000,NONE
ORD01994,CUST09294,2026-06-05,160000,DISC 50
ORD01995,CUST04260,2026-03-29,257000,NONE
ORD01996,CUST04721,2026-07-10,813000,DISC10
ORD01997,CUST05786,2026-03-17,316000,NONE
ORD01998,CUST02635,2026-03-27,753000,NONE
ORD01999,CUST02987,2026-05-27,204000,NONE
ORD02000,CUST02642,2026-03-20,268000,DISC10
ORD02001,CUST05188,2026-01-22,613000,DISCC20
ORD02002,CUST04267,2026-08-14,403000,DISCC20
ORD02003,CUST09216,2026-04-16,749000,DISC10
ORD02004,CUST05634,2026-06-12,176000,DISC 50
ORD02005,CUST08846,2026-08-18,191000,NONE
ORD02006,CUST01991,2026-06-04,967000,DISC10
ORD02007,CUST08183,2026-07-27,811000,DISCC20
ORD02008,CUST05247,2026-08-23,184000,DISC10
ORD02009,CUST05428,2026-09-17,687000,NONE
ORD02010,CUST07765,2026-06-01,942000,DISC 50
ORD02011,CUST09261,2026-03-17,771000,NONE
ORD02012,CUST01841,2026-06-23,774000,NONE
ORD02013,CUST02285,2026-01-21,719000,NONE
ORD02014,CUST05048,2026-03-01,50000,NONE
ORD02015,CUST07307,2026-04-23,390000,DISC10
ORD02016,CUST00902,2026-06-17,647000,NONE
ORD02017,CUST09559,2026-04-10,564000,DISCC20
ORD02018,CUST03207,2026-05-23,48000,DISC10
ORD02019,CUST01432,2026-08-17,549000,NONE
ORD02020,CUST08036,2026-04-10,350000,NONE
ORD02021,CUST00919,2026-09-19,955000,NONE
ORD02022,CUST06514,2026-07-04,176000,NONE
ORD02023,CUST06057,2026-08-07,420000,DISC 50
ORD02024,CUST04664,2026-01-07,378000,DISC 50
ORD02025,CUST07301,2026-06-07,920000,NONE
ORD02026,CUST03534,2026-02-14,770000,NONE
ORD02027,CUST07250,2026-08-01,320000,DISCC20
ORD02028,CUST06787,2026-08-06,167000,NONE
ORD02029,CUST02354,2026-02-14,237000,DISC 50
ORD02030,CUST08607,2026-09-01,368000,DISC10
ORD02031,CUST01450,2026-07-12,31000,NONE
ORD02032,CUST06792,2026-05-20,204000,NONE
ORD02033,CUST09305,2026-08-25,798000,DISCC20
ORD02034,CUST03048,2026-04-13,877000,NONE
ORD02035,CUST09075,2026-05-29,527000,DISC10
ORD02036,CUST09589,2026-06-04,336000,NONE
ORD02037,CUST03679,2026-08-26,52000,DISC10
ORD02038,CUST04304,2026-03-20,332000,NONE
ORD02039,CUST02035,2026-08-30,694000,NONE
ORD02040,CUST06835,2026-05-28,208000,NONE
ORD02041,CUST00467,2026-05-06,147000,DISC 50
ORD02042,CUST01094,2026-09-10,638000,NONE
ORD02043,CUST09521,2026-07-05,517000,NONE
ORD02044,CUST04226,2026-08-12,668000,NONE
ORD02045,CUST01960,2026-09-01,407000,NONE
ORD02046,CUST04253,2026-01-09,191000,NONE
ORD02047,CUST02395,2026-01-30,352000,NONE
ORD02048,CUST05856,2026-03-11,192000,DISC10
ORD02049,CUST05918,2026-05-20,454000,NONE
ORD02050,CUST00799,2026-07-02,321000,DISC 50
ORD02051,CUST01259,2026-09-29,551000,DISCC20
ORD02052,CUST01549,2026-04-04,638000,DISCC20
ORD02053,CUST05181,2026-06-15,871000,NONE
ORD02054,CUST04448,2026-06-04,726000,NONE
ORD02055,CUST01571,2026-07-05,572000,NONE
ORD02056,CUST02355,2026-06-30,38000,DISCC20
ORD02057,CUST04611,2026-09-23,406000,NONE
ORD02058,CUST05576,2026-07-30,968000,DISCC20
ORD02059,CUST03570,2026-02-22,183000,NONE
ORD02060,CUST03088,2026-04-24,839000,NONE
ORD02061,CUST08718,2026-09-27,754000,NONE
ORD02062,CUST06838,2026-02-28,496000,DISC10
ORD02063,CUST02151,2026-03-01,970000,DISC10
ORD02064,CUST05706,2026-09-03,344000,NONE
ORD02065,CUST02278,2026-07-05,861000,NONE
ORD02066,CUST05605,2026-09-25,201000,NONE
ORD02067,CUST00472,2026-06-05,787000,DISC10
ORD02068,CUST02109,2026-04-24,902000,NONE
ORD02069,CUST03713,2026-03-14,339000,DISCC20
ORD02070,CUST02134,2026-04-18,105000,NONE
ORD02071,CUST01274,2026-02-27,44000,NONE
ORD02072,CUST00697,2026-08-09,226000,DISC10
ORD02073,CUST08413,2026-01-17,632000,DISC10
ORD02074,CUST01949,2026-08-29,955000,DISC 50
ORD02075,CUST01086,2026-01-23,333000,NONE
ORD02076,CUST01582,2026-01-06,826000,DISC10
ORD02077,CUST09628,2026-04-16,947000,DISCC20
ORD02078,CUST05760,2026-04-05,54000,DISC10
ORD02079,CUST04545,2026-03-16,996000,NONE
ORD02080,CUST05771,2026-06-28,189000,NONE
ORD02081,CUST08273,2026-05-04,608000,DISC10
ORD02082,CUST09473,2026-02-20,806000,DISC10
ORD02083,CUST03556,2026-09-28,757000,DISCC20
ORD02084,CUST02815,2026-05-25,948000,NONE
ORD02085,CUST01617,2026-01-03,971000,DISCC20
ORD02086,CUST07778,2026-09-16,400000,NONE
ORD02087,CUST07204,2026-04-05,714000,DISC10
ORD02088,CUST05814,2026-04-03,413000,NONE
ORD02089,CUST08426,2026-04-20,258000,NONE
ORD02090,CUST05150,2026-02-27,151000,NONE
ORD02091,CUST08516,2026-02-26,164000,NONE
ORD02092,CUST04724,2026-07-04,595000,NONE
ORD02093,CUST01348,2026-01-21,360000,NONE
ORD02094,CUST06305,2026-03-01,315000,NONE
ORD02095,CUST07274,2026-06-09,256000,NONE
ORD02096,CUST04762,2026-07-28,900000,NONE
ORD02097,CUST01141,2026-04-07,941000,NONE
ORD02098,CUST02938,2026-07-08,38000,NONE
ORD02099,CUST01724,2026-09-09,430000,NONE
ORD02100,CUST01393,2026-09-25,147000,DISCC20
ORD02101,CUST06564,2026-07-22,736000,NONE
ORD02102,CUST02765,2026-02-22,91000,DISC 50
ORD02103,CUST05549,2026-04-12,230000,NONE
ORD02104,CUST02012,2026-07-26,263000,NONE
ORD02105,CUST04564,2026-09-13,808000,NONE
ORD02106,CUST06558,2026-05-20,389000,NONE
ORD02107,CUST07939,2026-07-27,548000,DISC 50
ORD02108,CUST07449,2026-03-17,135000,DISC10
ORD02109,CUST08018,2026-05-09,534000,DISCC20
ORD02110,CUST00487,2026-03-10,126000,NONE
ORD02111,CUST01118,2026-01-28,535000,NONE
ORD02112,CUST02935,2026-01-14,416000,NONE
ORD02113,CUST02503,2026-06-17,335000,NONE
ORD02114,CUST01254,2026-02-19,701000,NONE
ORD02115,CUST07636,2026-09-10,231000,DISC 50
ORD02116,CUST08033,2026-09-12,541000,DISC 50
ORD02117,CUST08857,2026-06-25,584000,DISC10
ORD02118,CUST07052,2026-01-17,926000,DISC10
ORD02119,CUST07375,2026-07-16,347000,NONE
ORD02120,CUST07532,2026-08-15,61000,DISC10
ORD02121,CUST09121,2026-04-01,700000,DISC 50
ORD02122,CUST08053,2026-03-26,466000,DISCC20
ORD02123,CUST06375,2026-06-09,524000,DISC10
ORD02124,CUST09074,2026-09-09,726000,NONE
ORD02125,CUST07798,2026-08-29,600000,DISCC20
ORD02126,CUST00914,2026-09-17,425000,DISC 50
ORD02127,CUST09684,2026-09-11,411000,NONE
ORD02128,CUST04661,2026-06-30,353000,DISC10
ORD02129,CUST09675,2026-01-15,71000,DISCC20
ORD02130,CUST05716,2026-07-07,853000,NONE
ORD02131,CUST05592,2026-01-14,414000,DISC10
ORD02132,CUST05655,2026-08-08,390000,NONE
ORD02133,CUST00925,2026-06-29,702000,DISCC20
ORD02134,CUST03845,2026-05-07,688000,DISC 50
ORD02135,CUST01074,2026-02-13,914000,DISC 50
ORD02136,CUST05532,2026-02-28,198000,DISC10
ORD02137,CUST00613,2026-06-16,496000,NONE
ORD02138,CUST09307,2026-08-05,552000,NONE
ORD02139,CUST00335,2026-05-17,737000,NONE
ORD02140,CUST05186,2026-01-12,411000,NONE
ORD02141,CUST05283,2026-07-19,611000,DISC10
ORD02142,CUST01640,2026-09-08,732000,NONE
ORD02143,CUST05505,2026-04-16,533000,NONE
ORD02144,CUST02731,2026-06-23,654000,DISC 50
ORD02145,CUST07144,2026-07-06,231000,NONE
ORD02146,CUST08780,2026-02-08,244000,DISC 50
ORD02147,CUST00779,2026-05-16,329000,NONE
ORD02148,CUST03701,2026-07-25,664000,NONE
ORD02149,CUST09474,2026-02-17,122000,NONE
ORD02150,CUST04479,2026-06-22,93000,NONE
ORD02151,CUST07787,2026-09-29,462000,DISCC20
ORD02152,CUST01257,2026-06-27,692000,DISC 50
ORD02153,CUST04914,2026-09-16,468000,NONE
ORD02154,CUST03279,2026-06-10,449000,NONE
ORD02155,CUST08444,2026-05-09,489000,NONE
ORD02156,CUST00305,2026-04-03,667000,NONE
ORD02157,CUST03057,2026-09-22,615000,NONE
ORD02158,CUST07657,2026-04-20,299000,NONE
ORD02159,CUST07107,2026-09-30,982000,NONE
ORD02160,CUST08557,2026-01-31,230000,DISC 50
ORD02161,CUST02421,2026-08-25,271000,DISCC20
ORD02162,CUST07134,2026-06-03,445000,DISC 50
ORD02163,CUST03336,2026-02-02,891000,NONE
ORD02164,CUST04703,2026-05-17,686000,DISCC20
ORD02165,CUST09851,2026-05-12,266000,NONE
ORD02166,CUST01861,2026-05-03,178000,DISCC20
ORD02167,CUST04024,2026-01-15,841000,DISC 50
ORD02168,CUST07953,2026-08-26,598000,NONE
ORD02169,CUST00607,2026-08-05,231000,DISCC20
ORD02170,CUST02236,2026-05-20,54000,DISC 50
ORD02171,CUST09023,2026-05-23,205000,NONE
ORD02172,CUST07961,2026-01-22,826000,DISC10
ORD02173,CUST01376,2026-01-29,346000,NONE
ORD02174,CUST01042,2026-06-02,947000,NONE
ORD02175,CUST01480,2026-07-06,431000,NONE
ORD02176,CUST03868,2026-03-13,139000,NONE
ORD02177,CUST01977,2026-09-14,559000,NONE
ORD02178,CUST04126,2026-09-26,533000,DISC10
ORD02179,CUST09828,2026-05-02,150000,DISC 50
ORD02180,CUST09574,2026-06-18,779000,NONE
ORD02181,CUST06929,2026-05-01,248000,DISCC20
ORD02182,CUST02870,2026-02-24,244000,DISC 50
ORD02183,CUST06691,2026-08-14,285000,NONE
ORD02184,CUST08035,2026-01-29,571000,DISC 50
ORD02185,CUST05186,2026-02-27,583000,NONE
ORD02186,CUST04037,2026-09-01,309000,DISCC20
ORD02187,CUST07787,2026-07-05,757000,DISC 50
ORD02188,CUST00346,2026-06-07,685000,NONE
ORD02189,CUST00896,2026-01-18,732000,NONE
ORD02190,CUST04145,2026-05-03,590000,NONE
ORD02191,CUST05946,2026-06-08,949000,NONE
ORD02192,CUST08764,2026-03-04,912000,DISCC20
ORD02193,CUST06365,2026-08-15,33000,NONE
ORD02194,CUST04930,2026-05-11,117000,DISCC20
ORD02195,CUST03447,2026-06-02,905000,DISCC20
ORD02196,CUST05197,2026-08-13,925000,NONE
ORD02197,CUST00556,2026-07-28,305000,DISC10
ORD02198,CUST07719,2026-09-09,779000,NONE
ORD02199,CUST06921,2026-06-20,922000,DISC10
ORD02200,CUST04276,2026-03-24,543000,DISC10
ORD02201,CUST06896,2026-06-30,641000,NONE
ORD02202,CUST07427,2026-06-17,736000,DISC10
ORD02203,CUST03011,2026-01-27,670000,NONE
ORD02204,CUST00051,2026-03-11,435000,DISCC20
ORD02205,CUST05141,2026-06-06,614000,DISC10
ORD02206,CUST02586,2026-02-26,280000,NONE
ORD02207,CUST09733,2026-03-08,727000,NONE
ORD02208,CUST07398,2026-06-13,514000,NONE
ORD02209,CUST04271,2026-03-10,202000,NONE
ORD02210,CUST04617,2026-06-17,228000,DISC10
ORD02211,CUST06023,2026-08-01,211000,NONE
ORD02212,CUST09346,2026-07-13,254000,DISC10
ORD02213,CUST09151,2026-01-12,687000,NONE
ORD02214,CUST01458,2026-04-28,498000,DISCC20
ORD02215,CUST02765,2026-05-15,75000,NONE
ORD02216,CUST09837,2026-08-08,291000,DISCC20
ORD02217,CUST06029,2026-02-15,199000,NONE
ORD02218,CUST00232,2026-03-02,760000,NONE
ORD02219,CUST07434,2026-08-11,872000,NONE
ORD02220,CUST01942,2026-09-11,254000,NONE
ORD02221,CUST03122,2026-04-15,993000,DISC 50
ORD02222,CUST08097,2026-05-28,416000,DISCC20
ORD02223,CUST03386,2026-08-09,639000,DISCC20
ORD02224,CUST03103,2026-05-25,453000,DISCC20
ORD02225,CUST02392,2026-07-29,54000,DISC 50
ORD02226,CUST03859,2026-05-15,657000,NONE
ORD02227,CUST06057,2026-05-08,621000,NONE
ORD02228,CUST01405,2026-08-23,35000,NONE
ORD02229,CUST05297,2026-03-10,734000,NONE
ORD02230,CUST06284,2026-04-19,750000,NONE
ORD02231,CUST01197,2026-05-12,122000,NONE
ORD02232,CUST00854,2026-01-31,365000,DISCC20
ORD02233,CUST05805,2026-08-30,645000,NONE
ORD02234,CUST00088,2026-01-24,284000,NONE
ORD02235,CUST04957,2026-07-15,429000,NONE
ORD02236,CUST02167,2026-07-09,938000,NONE
ORD02237,CUST09511,2026-01-22,208000,DISC 50
ORD02238,CUST08254,2026-03-28,529000,DISC 50
ORD02239,CUST02162,2026-08-28,116000,DISC 50
ORD02240,CUST07094,2026-09-29,170000,DISC 50
ORD02241,CUST05133,2026-03-01,70000,DISCC20
ORD02242,CUST04604,2026-09-13,790000,DISC 50
ORD02243,CUST04636,2026-08-09,949000,DISC 50
ORD02244,CUST08471,2026-05-16,345000,NONE
ORD02245,CUST05170,2026-03-26,779000,NONE
ORD02246,CUST09105,2026-03-19,898000,NONE
ORD02247,CUST00872,2026-08-14,218000,DISCC20
ORD02248,CUST03767,2026-01-28,212000,DISC10
ORD02249,CUST04264,2026-08-29,192000,NONE
ORD02250,CUST07151,2026-08-28,143000,NONE
ORD02251,CUST07234,2026-01-21,390000,NONE
ORD02252,CUST07500,2026-09-06,529000,DISC10
ORD02253,CUST02026,2026-03-17,382000,DISC10
ORD02254,CUST04655,2026-04-15,209000,DISCC20
ORD02255,CUST04470,2026-09-18,601000,NONE
ORD02256,CUST09561,2026-04-19,29000,NONE
ORD02257,CUST06823,2026-04-03,967000,DISC10
ORD02258,CUST08162,2026-05-07,718000,DISC10
ORD02259,CUST00426,2026-06-18,316000,NONE
ORD02260,CUST06459,2026-03-04,407000,NONE
ORD02261,CUST05301,2026-02-24,182000,DISC10
ORD02262,CUST07541,2026-02-11,875000,NONE
ORD02263,CUST07440,2026-09-03,668000,DISC 50
ORD02264,CUST05398,2026-01-03,69000,NONE
ORD02265,CUST05324,2026-08-20,995000,NONE
ORD02266,CUST03464,2026-03-08,908000,DISC10
ORD02267,CUST05295,2026-05-25,842000,DISC10
ORD02268,CUST08965,2026-02-06,999000,NONE
ORD02269,CUST01517,2026-07-15,433000,DISC 50
ORD02270,CUST03934,2026-04-02,814000,NONE
ORD02271,CUST00337,2026-02-15,897000,DISCC20
ORD02272,CUST06366,2026-03-25,823000,NONE
ORD02273,CUST02526,2026-05-26,148000,DISC 50
ORD02274,CUST07084,2026-09-09,778000,DISC 50
ORD02275,CUST05883,2026-03-09,706000,DISC10
ORD02276,CUST08400,2026-07-08,229000,NONE
ORD02277,CUST06359,2026-08-17,512000,DISC 50
ORD02278,CUST01479,2026-08-05,799000,NONE
ORD02279,CUST03054,2026-07-08,469000,NONE
ORD02280,CUST01523,2026-08-07,66000,NONE
ORD02281,CUST07595,2026-06-24,717000,DISCC20
ORD02282,CUST08116,2026-03-21,564000,NONE
ORD02283,CUST01376,2026-09-26,322000,NONE
ORD02284,CUST01298,2026-08-12,953000,NONE
ORD02285,CUST02435,2026-06-03,155000,NONE
ORD02286,CUST04074,2026-06-03,560000,NONE
ORD02287,CUST09315,2026-06-01,73000,NONE
ORD02288,CUST00739,2026-02-09,550000,DISC10
ORD02289,CUST06962,2026-09-19,447000,DISC10
ORD02290,CUST09314,2026-08-26,857000,DISC 50
ORD02291,CUST04176,2026-07-01,624000,DISC10
ORD02292,CUST00267,2026-09-15,141000,NONE
ORD02293,CUST02942,2026-08-25,830000,DISCC20
ORD02294,CUST00742,2026-07-21,110000,NONE
ORD02295,CUST05144,2026-06-02,626000,NONE
ORD02296,CUST07372,2026-08-21,663000,DISC 50
ORD02297,CUST03067,2026-06-24,241000,DISCC20
ORD02298,CUST09897,2026-02-10,290000,NONE
ORD02299,CUST07108,2026-02-24,572000,DISC10
ORD02300,CUST06471,2026-01-03,144000,DISC10
ORD02301,CUST07818,2026-03-29,496000,NONE
ORD02302,CUST09862,2026-07-27,768000,NONE
ORD02303,CUST05911,2026-06-05,732000,NONE
ORD02304,CUST04959,2026-07-22,114000,DISCC20
ORD02305,CUST00228,2026-03-11,220000,DISC10
ORD02306,CUST03084,2026-01-09,904000,DISC10
ORD02307,CUST07883,2026-04-18,689000,DISCC20
ORD02308,CUST07140,2026-05-04,887000,NONE
ORD02309,CUST01411,2026-04-08,333000,NONE
ORD02310,CUST07766,2026-03-17,457000,DISC10
ORD02311,CUST02722,2026-03-01,949000,DISCC20
ORD02312,CUST07948,2026-08-16,507000,DISC10
ORD02313,CUST09589,2026-08-19,273000,DISCC20
ORD02314,CUST09330,2026-05-31,874000,NONE
ORD02315,CUST05470,2026-01-27,33000,DISC10
ORD02316,CUST06811,2026-08-10,893000,NONE
ORD02317,CUST00607,2026-05-29,524000,NONE
ORD02318,CUST08411,2026-09-06,630000,NONE
ORD02319,CUST03800,2026-09-07,756000,DISC10
ORD02320,CUST00312,2026-09-28,457000,NONE
ORD02321,CUST09065,2026-06-11,90000,DISC 50
ORD02322,CUST07756,2026-08-02,144000,NONE
ORD02323,CUST07346,2026-06-27,739000,NONE
ORD02324,CUST02644,2026-01-11,319000,NONE
ORD02325,CUST07689,2026-04-09,377000,NONE
ORD02326,CUST08318,2026-04-29,249000,NONE
ORD02327,CUST09865,2026-06-23,898000,NONE
ORD02328,CUST02149,2026-08-28,929000,DISC 50
ORD02329,CUST06830,2026-07-19,878000,NONE
ORD02330,CUST07739,2026-07-04,843000,DISCC20
ORD02331,CUST04628,2026-04-17,732000,NONE
ORD02332,CUST07912,2026-02-14,157000,DISCC20
ORD02333,CUST02562,2026-04-13,645000,NONE
ORD02334,CUST06816,2026-02-21,990000,NONE
ORD02335,CUST03846,2026-06-05,239000,NONE
ORD02336,CUST00298,2026-01-25,392000,DISC 50
ORD02337,CUST02599,2026-07-02,203000,NONE
ORD02338,CUST01044,2026-01-17,370000,NONE
ORD02339,CUST03715,2026-02-28,148000,NONE
ORD02340,CUST07969,2026-04-25,289000,DISC 50
ORD02341,CUST00765,2026-07-01,813000,NONE
ORD02342,CUST02477,2026-05-17,898000,NONE
ORD02343,CUST09901,2026-09-21,710000,DISC10
ORD02344,CUST07174,2026-01-26,843000,NONE
ORD02345,CUST01735,2026-02-26,825000,NONE
ORD02346,CUST09216,2026-02-22,67000,NONE
ORD02347,CUST02737,2026-02-23,670000,DISC10
ORD02348,CUST05926,2026-04-16,185000,NONE
ORD02349,CUST07234,2026-05-30,805000,NONE
ORD02350,CUST01627,2026-09-13,182000,NONE
ORD02351,CUST05483,2026-07-06,863000,DISCC20
ORD02352,CUST03308,2026-03-04,474000,NONE
ORD02353,CUST04020,2026-01-04,879000,NONE
ORD02354,CUST04699,2026-06-24,542000,DISCC20
ORD02355,CUST04359,2026-02-13,406000,NONE
ORD02356,CUST05909,2026-08-01,669000,NONE
ORD02357,CUST02484,2026-05-06,796000,NONE
ORD02358,CUST03739,2026-08-04,166000,NONE
ORD02359,CUST06707,2026-07-31,944000,NONE
ORD02360,CUST05928,2026-09-22,991000,DISC10
ORD02361,CUST02386,2026-08-15,813000,DISC10
ORD02362,CUST01141,2026-09-22,111000,DISC 50
ORD02363,CUST06581,2026-06-11,815000,DISCC20
ORD02364,CUST01008,2026-08-11,427000,DISC10
ORD02365,CUST09414,2026-03-19,84000,NONE
ORD02366,CUST04846,2026-09-24,454000,NONE
ORD02367,CUST05140,2026-06-05,956000,DISC 50
ORD02368,CUST04584,2026-01-05,946000,NONE
ORD02369,CUST06619,2026-03-17,481000,NONE
ORD02370,CUST08920,2026-04-16,664000,NONE
ORD02371,CUST05657,2026-08-15,933000,NONE
ORD02372,CUST03233,2026-07-27,927000,DISC 50
ORD02373,CUST00606,2026-02-13,575000,DISC 50
ORD02374,CUST02065,2026-07-19,557000,NONE
ORD02375,CUST03502,2026-05-26,120000,NONE
ORD02376,CUST08542,2026-06-09,373000,NONE
ORD02377,CUST00384,2026-03-23,53000,NONE
ORD02378,CUST03955,2026-05-13,877000,DISC 50
ORD02379,CUST08279,2026-08-05,138000,NONE
ORD02380,CUST06111,2026-01-31,290000,NONE
ORD02381,CUST05808,2026-09-17,151000,DISC10
ORD02382,CUST07353,2026-03-05,330000,NONE
ORD02383,CUST07425,2026-01-03,372000,DISCC20
ORD02384,CUST09758,2026-10-01,264000,DISC 50
ORD02385,CUST04662,2026-06-03,707000,NONE
ORD02386,CUST06188,2026-03-13,557000,NONE
ORD02387,CUST01725,2026-05-07,360000,NONE
ORD02388,CUST05920,2026-04-09,490000,DISC10
ORD02389,CUST06975,2026-03-17,873000,NONE
ORD02390,CUST01512,2026-02-11,88000,NONE
ORD02391,CUST07803,2026-03-08,244000,NONE
ORD02392,CUST06051,2026-02-09,718000,NONE
ORD02393,CUST09638,2026-07-26,597000,NONE
ORD02394,CUST04321,2026-07-22,623000,NONE
ORD02395,CUST07211,2026-08-05,730000,NONE
ORD02396,CUST02669,2026-08-02,172000,NONE
ORD02397,CUST07943,2026-03-07,753000,NONE
ORD02398,CUST08409,2026-03-08,908000,NONE
ORD02399,CUST03484,2026-03-02,491000,NONE
ORD02400,CUST02570,2026-01-17,991000,NONE
ORD02401,CUST01946,2026-07-09,641000,NONE
ORD02402,CUST01981,2026-02-26,403000,NONE
ORD02403,CUST00660,2026-05-29,560000,DISCC20
ORD02404,CUST06087,2026-03-02,337000,DISC 50
ORD02405,CUST04817,2026-06-05,522000,DISC10
ORD02406,CUST02329,2026-03-15,827000,NONE
ORD02407,CUST00798,2026-08-04,984000,DISC 50
ORD02408,CUST03533,2026-05-26,212000,NONE
ORD02409,CUST00035,2026-09-08,150000,NONE
ORD02410,CUST01107,2026-06-28,916000,DISC10
ORD02411,CUST07884,2026-08-02,611000,DISC 50
ORD02412,CUST05535,2026-08-20,825000,NONE
ORD02413,CUST09924,2026-09-01,160000,DISCC20
ORD02414,CUST07552,2026-09-16,804000,NONE
ORD02415,CUST02441,2026-08-18,912000,NONE
ORD02416,CUST01464,2026-06-16,844000,NONE
ORD02417,CUST06345,2026-07-29,263000,NONE
ORD02418,CUST08864,2026-06-23,71000,NONE
ORD02419,CUST04545,2026-08-15,686000,DISC10
ORD02420,CUST00407,2026-03-26,610000,NONE
ORD02421,CUST09193,2026-06-08,685000,DISC10
ORD02422,CUST03153,2026-02-13,658000,NONE
ORD02423,CUST09343,2026-01-28,559000,DISCC20
ORD02424,CUST08236,2026-09-01,943000,DISC10
ORD02425,CUST08714,2026-03-03,209000,DISC10
ORD02426,CUST03372,2026-05-21,276000,NONE
ORD02427,CUST01387,2026-08-16,851000,NONE
ORD02428,CUST06584,2026-06-14,628000,DISC10
ORD02429,CUST00382,2026-09-09,373000,NONE
ORD02430,CUST06799,2026-04-03,49000,NONE
ORD02431,CUST06259,2026-06-12,288000,DISC10
ORD02432,CUST01628,2026-02-28,579000,DISCC20
ORD02433,CUST02360,2026-05-27,212000,DISC 50
ORD02434,CUST02527,2026-02-15,339000,NONE
ORD02435,CUST00966,2026-03-28,654000,DISC 50
ORD02436,CUST00446,2026-04-03,755000,DISC10
ORD02437,CUST06389,2026-06-02,126000,DISC 50
ORD02438,CUST06764,2026-03-14,939000,DISC 50
ORD02439,CUST06153,2026-05-13,989000,DISC10
ORD02440,CUST03319,2026-01-27,270000,NONE
ORD02441,CUST08077,2026-05-02,545000,NONE
ORD02442,CUST01886,2026-07-17,300000,DISC10
ORD02443,CUST07616,2026-06-12,591000,NONE
ORD02444,CUST07933,2026-02-03,54000,NONE
ORD02445,CUST00306,2026-04-30,300000,NONE
ORD02446,CUST04036,2026-02-21,806000,NONE
ORD02447,CUST04991,2026-03-06,606000,NONE
ORD02448,CUST01375,2026-08-17,891000,NONE
ORD02449,CUST03334,2026-09-14,826000,DISCC20
ORD02450,CUST08855,2026-07-11,197000,DISCC20
ORD02451,CUST09096,2026-08-05,487000,DISC10
ORD02452,CUST07613,2026-01-01,874000,NONE
ORD02453,CUST02743,2026-05-29,25000,DISC10
ORD02454,CUST04478,2026-09-04,637000,DISC 50
ORD02455,CUST05758,2026-07-14,887000,NONE
ORD02456,CUST09588,2026-04-19,885000,NONE
ORD02457,CUST00746,2026-05-25,190000,NONE
ORD02458,CUST09226,2026-10-01,96000,DISC 50
ORD02459,CUST06477,2026-02-15,740000,DISC10
ORD02460,CUST09118,2026-03-13,311000,NONE
ORD02461,CUST08271,2026-04-18,846000,DISC 50
ORD02462,CUST04283,2026-06-25,795000,NONE
ORD02463,CUST04474,2026-08-20,276000,NONE
ORD02464,CUST05598,2026-06-14,240000,NONE
ORD02465,CUST00261,2026-06-18,960000,NONE
ORD02466,CUST00034,2026-03-10,648000,NONE
ORD02467,CUST00157,2026-01-03,713000,DISCC20
ORD02468,CUST09107,2026-07-31,941000,NONE
ORD02469,CUST06436,2026-09-08,576000,DISC10
ORD02470,CUST08826,2026-02-09,56000,NONE
ORD02471,CUST02023,2026-08-16,386000,NONE
ORD02472,CUST06337,2026-07-03,206000,NONE
ORD02473,CUST02045,2026-01-05,498000,DISC 50
ORD02474,CUST07284,2026-04-09,34000,DISCC20
ORD02475,CUST04607,2026-01-11,721000,NONE
ORD02476,CUST03138,2026-07-03,117000,NONE
ORD02477,CUST03624,2026-06-05,264000,NONE
ORD02478,CUST00603,2026-07-05,312000,NONE
ORD02479,CUST00117,2026-04-18,225000,NONE
ORD02480,CUST01818,2026-07-22,915000,DISC 50
ORD02481,CUST08094,2026-09-14,199000,NONE
ORD02482,CUST09269,2026-04-10,713000,NONE
ORD02483,CUST01071,2026-03-31,627000,DISCC20
ORD02484,CUST02088,2026-02-03,290000,NONE
ORD02485,CUST08571,2026-04-27,771000,DISC 50
ORD02486,CUST00379,2026-04-09,734000,NONE
ORD02487,CUST04144,2026-09-30,722000,NONE
ORD02488,CUST00033,2026-08-21,985000,NONE
ORD02489,CUST05293,2026-01-27,467000,NONE
ORD02490,CUST01995,2026-05-21,721000,NONE
ORD02491,CUST08120,2026-08-27,395000,NONE
ORD02492,CUST03679,2026-01-23,73000,DISC 50
ORD02493,CUST08724,2026-08-04,484000,DISC 50
ORD02494,CUST06421,2026-01-03,224000,DISC 50
ORD02495,CUST09369,2026-02-11,852000,DISC10
ORD02496,CUST06944,2026-04-26,101000,DISCC20
ORD02497,CUST02695,2026-04-11,362000,DISC 50
ORD02498,CUST01585,2026-02-02,53000,NONE
ORD02499,CUST00394,2026-08-10,631000,NONE
ORD02500,CUST04103,2026-06-21,278000,DISC10
ORD02501,CUST03906,2026-08-31,373000,DISC10
ORD02502,CUST08515,2026-06-20,838000,DISCC20
ORD02503,CUST09830,2026-02-07,659000,NONE
ORD02504,CUST07315,2026-02-18,617000,DISC10
ORD02505,CUST00995,2026-02-13,963000,DISC10
ORD02506,CUST05133,2026-07-13,936000,NONE
ORD02507,CUST02090,2026-02-03,88000,NONE
ORD02508,CUST04940,2026-01-29,650000,NONE
ORD02509,CUST01078,2026-08-10,129000,NONE
ORD02510,CUST09163,2026-01-29,78000,DISC 50
ORD02511,CUST06582,2026-07-15,123000,NONE
ORD02512,CUST03820,2026-07-30,910000,NONE
ORD02513,CUST07429,2026-01-06,418000,NONE
ORD02514,CUST01660,2026-08-08,372000,NONE
ORD02515,CUST07440,2026-01-14,554000,DISC 50
ORD02516,CUST01770,2026-04-09,130000,DISC10
ORD02517,CUST09714,2026-02-04,833000,DISCC20
ORD02518,CUST08338,2026-03-06,287000,DISC 50
ORD02519,CUST07888,2026-08-04,767000,NONE
ORD02520,CUST03047,2026-08-16,273000,DISCC20
ORD02521,CUST00992,2026-01-23,155000,DISC 50
ORD02522,CUST08408,2026-08-12,692000,DISC 50
ORD02523,CUST09563,2026-06-09,931000,NONE
ORD02524,CUST02416,2026-03-16,505000,DISC 50
ORD02525,CUST04769,2026-06-25,402000,DISC10
ORD02526,CUST09609,2026-09-23,698000,NONE
ORD02527,CUST00940,2026-03-16,268000,NONE
ORD02528,CUST06916,2026-01-28,377000,DISCC20
ORD02529,CUST03298,2026-04-13,829000,DISC10
ORD02530,CUST03103,2026-06-24,708000,NONE
ORD02531,CUST09827,2026-08-28,734000,DISC 50
ORD02532,CUST04910,2026-06-21,453000,DISC 50
ORD02533,CUST01718,2026-03-25,490000,DISC10
ORD02534,CUST03595,2026-09-11,967000,DISC10
ORD02535,CUST03773,2026-04-25,502000,NONE
ORD02536,CUST03917,2026-04-20,517000,NONE
ORD02537,CUST06159,2026-06-19,235000,NONE
ORD02538,CUST00111,2026-04-05,396000,DISC10
ORD02539,CUST05864,2026-02-07,55000,NONE
ORD02540,CUST02334,2026-02-28,322000,NONE
ORD02541,CUST09596,2026-04-10,959000,DISC 50
ORD02542,CUST00487,2026-01-23,228000,DISCC20
ORD02543,CUST02854,2026-05-26,249000,DISC 50
ORD02544,CUST05568,2026-03-31,892000,NONE
ORD02545,CUST02926,2026-05-06,225000,DISC10
ORD02546,CUST04290,2026-04-01,957000,DISC10
ORD02547,CUST02249,2026-01-11,413000,NONE
ORD02548,CUST05545,2026-02-26,983000,DISCC20
ORD02549,CUST07475,2026-06-06,270000,DISC 50
ORD02550,CUST02808,2026-07-10,988000,NONE
ORD02551,CUST01072,2026-08-11,146000,DISCC20
ORD02552,CUST03108,2026-03-08,221000,NONE
ORD02553,CUST06132,2026-07-13,350000,NONE
ORD02554,CUST04007,2026-08-08,968000,DISC10
ORD02555,CUST08774,2026-04-07,326000,DISCC20
ORD02556,CUST04050,2026-06-17,79000,NONE
ORD02557,CUST02072,2026-05-24,896000,NONE
ORD02558,CUST03429,2026-09-08,769000,DISC10
ORD02559,CUST01063,2026-08-29,196000,NONE
ORD02560,CUST08343,2026-07-18,408000,NONE
ORD02561,CUST07607,2026-09-23,208000,DISC 50
ORD02562,CUST08610,2026-07-11,736000,NONE
ORD02563,CUST07763,2026-09-11,299000,NONE
ORD02564,CUST09568,2026-07-25,690000,DISC10
ORD02565,CUST03597,2026-04-17,941000,DISCC20
ORD02566,CUST03841,2026-08-20,430000,DISCC20
ORD02567,CUST06964,2026-06-06,935000,NONE
ORD02568,CUST06130,2026-03-22,285000,NONE
ORD02569,CUST02201,2026-02-13,794000,DISC10
ORD02570,CUST07283,2026-06-01,556000,DISC 50
ORD02571,CUST09568,2026-04-28,67000,NONE
ORD02572,CUST05512,2026-09-20,461000,NONE
ORD02573,CUST07087,2026-08-28,443000,DISC 50
ORD02574,CUST05195,2026-09-12,304000,NONE
ORD02575,CUST02943,2026-01-13,477000,DISCC20
ORD02576,CUST01244,2026-05-16,392000,DISC10
ORD02577,CUST08221,2026-05-31,550000,NONE
ORD02578,CUST04529,2026-02-10,973000,DISCC20
ORD02579,CUST01943,2026-02-20,98000,DISC 50
ORD02580,CUST08947,2026-01-20,230000,DISC 50
ORD02581,CUST05395,2026-04-11,281000,DISC 50
ORD02582,CUST03124,2026-05-21,747000,NONE
ORD02583,CUST08899,2026-03-12,959000,DISC 50
ORD02584,CUST04907,2026-01-05,313000,DISC 50
ORD02585,CUST06648,2026-07-26,866000,NONE
ORD02586,CUST07734,2026-01-07,694000,NONE
ORD02587,CUST06513,2026-03-18,258000,DISCC20
ORD02588,CUST07774,2026-04-18,264000,NONE
ORD02589,CUST07560,2026-08-28,373000,DISC10
ORD02590,CUST03078,2026-06-10,464000,NONE
ORD02591,CUST03434,2026-08-02,474000,NONE
ORD02592,CUST06140,2026-01-16,167000,NONE
ORD02593,CUST05007,2026-03-07,990000,NONE
ORD02594,CUST08189,2026-01-05,854000,NONE
ORD02595,CUST05568,2026-07-01,255000,NONE
ORD02596,CUST06609,2026-08-06,806000,NONE
ORD02597,CUST05343,2026-06-03,626000,DISC10
ORD02598,CUST02280,2026-01-17,182000,DISC 50
ORD02599,CUST06248,2026-07-20,234000,NONE
ORD02600,CUST08758,2026-02-02,420000,DISCC20
ORD02601,CUST01780,2026-09-01,361000,NONE
ORD02602,CUST04992,2026-08-20,120000,DISCC20
ORD02603,CUST09059,2026-02-23,206000,DISC10
ORD02604,CUST00440,2026-09-08,216000,DISCC20
ORD02605,CUST06323,2026-02-05,315000,DISCC20
ORD02606,CUST04770,2026-04-30,700000,NONE
ORD02607,CUST07450,2026-02-05,83000,DISC 50
ORD02608,CUST00181,2026-09-23,200000,DISC 50
ORD02609,CUST06408,2026-07-30,185000,DISC10
ORD02610,CUST08790,2026-03-08,453000,NONE
ORD02611,CUST06374,2026-02-05,950000,DISCC20
ORD02612,CUST03370,2026-03-08,342000,NONE
ORD02613,CUST02602,2026-09-01,643000,NONE
ORD02614,CUST09626,2026-06-08,232000,NONE
ORD02615,CUST04513,2026-08-23,231000,DISC10
ORD02616,CUST07303,2026-03-15,90000,NONE
ORD02617,CUST08616,2026-05-07,361000,NONE
ORD02618,CUST07540,2026-09-09,498000,NONE
ORD02619,CUST01493,2026-01-21,319000,NONE
ORD02620,CUST05682,2026-08-22,742000,NONE
ORD02621,CUST06408,2026-06-02,652000,DISCC20
ORD02622,CUST04082,2026-08-01,208000,NONE
ORD02623,CUST07502,2026-08-10,418000,NONE
ORD02624,CUST09317,2026-04-04,122000,NONE
ORD02625,CUST03928,2026-01-23,931000,DISCC20
ORD02626,CUST08811,2026-05-21,323000,NONE
ORD02627,CUST03560,2026-02-04,955000,NONE
ORD02628,CUST09058,2026-07-30,149000,DISC 50
ORD02629,CUST01724,2026-02-09,541000,DISC 50
ORD02630,CUST07389,2026-07-29,193000,DISC 50
ORD02631,CUST08292,2026-04-17,70000,NONE
ORD02632,CUST01200,2026-01-14,679000,NONE
ORD02633,CUST06245,2026-08-25,376000,NONE
ORD02634,CUST03186,2026-07-24,431000,DISC10
ORD02635,CUST04106,2026-01-06,142000,NONE
ORD02636,CUST05360,2026-03-11,711000,NONE
ORD02637,CUST07943,2026-08-26,497000,DISC10
ORD02638,CUST08986,2026-02-12,697000,DISCC20
ORD02639,CUST02298,2026-08-13,507000,DISC 50
ORD02640,CUST02795,2026-03-24,883000,DISC10
ORD02641,CUST02904,2026-02-21,326000,DISC10
ORD02642,CUST06404,2026-10-01,197000,DISC10
ORD02643,CUST04477,2026-01-06,182000,NONE
ORD02644,CUST02916,2026-07-03,246000,NONE
ORD02645,CUST08722,2026-01-18,246000,NONE
ORD02646,CUST08567,2026-01-25,681000,NONE
ORD02647,CUST06400,2026-02-22,731000,DISC 50
ORD02648,CUST00859,2026-08-16,637000,DISC10
ORD02649,CUST06184,2026-01-25,810000,DISCC20
ORD02650,CUST06139,2026-05-08,955000,DISCC20
ORD02651,CUST01498,2026-04-13,41000,NONE
ORD02652,CUST00239,2026-01-15,370000,DISCC20
ORD02653,CUST03614,2026-02-02,928000,DISC10
ORD02654,CUST02737,2026-03-27,70000,NONE
ORD02655,CUST01765,2026-09-20,860000,DISC 50
ORD02656,CUST09209,2026-06-15,666000,DISCC20
ORD02657,CUST08876,2026-04-17,429000,NONE
ORD02658,CUST03808,2026-03-03,243000,DISC10
ORD02659,CUST05299,2026-07-02,202000,DISC10
ORD02660,CUST05182,2026-07-25,37000,NONE
ORD02661,CUST07517,2026-04-19,250000,DISC10
ORD02662,CUST06046,2026-05-23,69000,DISC10
ORD02663,CUST06736,2026-04-22,333000,NONE
ORD02664,CUST01669,2026-09-13,754000,NONE
ORD02665,CUST04128,2026-03-29,122000,NONE
ORD02666,CUST06367,2026-06-16,719000,NONE
ORD02667,CUST05441,2026-03-10,204000,NONE
ORD02668,CUST07900,2026-06-12,94000,DISC 50
ORD02669,CUST09971,2026-01-10,958000,NONE
ORD02670,CUST06265,2026-08-18,548000,NONE
ORD02671,CUST08249,2026-04-30,626000,NONE
ORD02672,CUST03812,2026-01-07,46000,NONE
ORD02673,CUST05061,2026-03-05,267000,NONE
ORD02674,CUST03991,2026-08-08,659000,DISC10
ORD02675,CUST02254,2026-01-31,408000,NONE
ORD02676,CUST03310,2026-06-01,180000,NONE
ORD02677,CUST00622,2026-04-15,268000,NONE
ORD02678,CUST05386,2026-08-16,162000,DISC 50
ORD02679,CUST00649,2026-06-12,558000,NONE
ORD02680,CUST00389,2026-05-28,259000,NONE
ORD02681,CUST05616,2026-06-19,273000,DISCC20
ORD02682,CUST04069,2026-01-28,845000,NONE
ORD02683,CUST09963,2026-04-24,918000,NONE
ORD02684,CUST05270,2026-09-24,212000,NONE
ORD02685,CUST01059,2026-01-04,915000,NONE
ORD02686,CUST03154,2026-02-05,78000,NONE
ORD02687,CUST03346,2026-03-14,153000,DISC10
ORD02688,CUST09710,2026-03-30,587000,DISCC20
ORD02689,CUST08314,2026-05-01,105000,NONE
ORD02690,CUST05104,2026-08-28,193000,NONE
ORD02691,CUST04013,2026-04-12,459000,DISCC20
ORD02692,CUST04967,2026-05-08,317000,NONE
ORD02693,CUST03300,2026-08-18,303000,NONE
ORD02694,CUST05892,2026-02-10,432000,NONE
ORD02695,CUST07713,2026-03-27,476000,NONE
ORD02696,CUST09985,2026-09-16,777000,NONE
ORD02697,CUST07898,2026-03-21,45000,NONE
ORD02698,CUST01364,2026-08-07,802000,DISC 50
ORD02699,CUST09058,2026-03-20,769000,DISCC20
ORD02700,CUST06234,2026-05-12,499000,DISC 50
ORD02701,CUST04641,2026-08-21,409000,NONE
ORD02702,CUST01179,2026-09-04,366000,DISCC20
ORD02703,CUST03207,2026-08-29,183000,DISCC20
ORD02704,CUST00211,2026-01-03,907000,NONE
ORD02705,CUST08052,2026-07-11,439000,NONE
ORD02706,CUST06114,2026-07-22,418000,NONE
ORD02707,CUST09639,2026-06-07,97000,NONE
ORD02708,CUST02040,2026-01-20,419000,NONE
ORD02709,CUST03183,2026-03-25,806000,NONE
ORD02710,CUST05712,2026-05-11,546000,NONE
ORD02711,CUST06033,2026-09-08,738000,DISC10
ORD02712,CUST06948,2026-07-17,778000,DISCC20
ORD02713,CUST07828,2026-05-05,60000,DISC 50
ORD02714,CUST02423,2026-01-15,292000,NONE
ORD02715,CUST02415,2026-08-22,285000,DISCC20
ORD02716,CUST00203,2026-03-24,144000,DISC10
ORD02717,CUST06516,2026-07-16,748000,NONE
ORD02718,CUST08496,2026-02-11,956000,DISCC20
ORD02719,CUST02717,2026-08-05,874000,NONE
ORD02720,CUST04952,2026-05-10,537000,NONE
ORD02721,CUST09603,2026-07-15,340000,NONE
ORD02722,CUST01457,2026-07-30,136000,NONE
ORD02723,CUST02339,2026-06-26,300000,NONE
ORD02724,CUST06521,2026-04-18,740000,DISC 50
ORD02725,CUST02760,2026-01-04,860000,NONE
ORD02726,CUST01588,2026-01-01,96000,NONE
ORD02727,CUST08601,2026-08-02,451000,NONE
ORD02728,CUST07061,2026-05-28,199000,DISCC20
ORD02729,CUST03054,2026-07-11,745000,DISCC20
ORD02730,CUST07971,2026-04-12,211000,NONE
ORD02731,CUST07384,2026-02-26,605000,DISCC20
ORD02732,CUST03293,2026-04-06,85000,NONE
ORD02733,CUST03144,2026-04-04,290000,NONE
ORD02734,CUST01790,2026-08-14,914000,NONE
ORD02735,CUST01308,2026-03-27,325000,DISC10
ORD02736,CUST02043,2026-07-13,308000,DISC10
ORD02737,CUST00487,2026-06-25,624000,DISCC20
ORD02738,CUST07950,2026-09-02,713000,DISC10
ORD02739,CUST01001,2026-01-05,297000,DISC10
ORD02740,CUST01587,2026-01-22,241000,NONE
ORD02741,CUST06155,2026-01-04,642000,NONE
ORD02742,CUST07962,2026-05-17,509000,DISC 50
ORD02743,CUST05515,2026-08-08,404000,NONE
ORD02744,CUST05165,2026-06-25,861000,DISCC20
ORD02745,CUST06529,2026-07-04,412000,NONE
ORD02746,CUST05834,2026-01-30,919000,DISC 50
ORD02747,CUST00051,2026-02-21,492000,NONE
ORD02748,CUST02276,2026-07-25,51000,NONE
ORD02749,CUST08694,2026-03-04,311000,NONE
ORD02750,CUST06037,2026-05-08,487000,NONE
ORD02751,CUST08437,2026-09-01,448000,NONE
ORD02752,CUST00052,2026-04-07,678000,DISC 50
ORD02753,CUST05902,2026-01-09,919000,DISC10
ORD02754,CUST07280,2026-06-16,264000,NONE
ORD02755,CUST06557,2026-09-06,781000,NONE
ORD02756,CUST05708,2026-02-11,463000,NONE
ORD02757,CUST06306,2026-02-21,325000,NONE
ORD02758,CUST02346,2026-04-10,915000,NONE
ORD02759,CUST00521,2026-09-16,155000,NONE
ORD02760,CUST04938,2026-02-14,877000,NONE
ORD02761,CUST02754,2026-08-28,942000,NONE
ORD02762,CUST07900,2026-03-01,703000,NONE
ORD02763,CUST03988,2026-05-04,241000,DISCC20
ORD02764,CUST01729,2026-02-15,470000,NONE
ORD02765,CUST02626,2026-01-15,976000,DISC 50
ORD02766,CUST04594,2026-07-16,250000,NONE
ORD02767,CUST07804,2026-05-12,999000,NONE
ORD02768,CUST02225,2026-03-05,969000,NONE
ORD02769,CUST01482,2026-09-09,839000,NONE
ORD02770,CUST03667,2026-06-20,979000,NONE
ORD02771,CUST05624,2026-02-03,411000,NONE
ORD02772,CUST09207,2026-07-15,901000,NONE
ORD02773,CUST03663,2026-04-30,290000,DISC10
ORD02774,CUST01437,2026-05-29,139000,DISC10
ORD02775,CUST09703,2026-06-24,984000,DISCC20
ORD02776,CUST09386,2026-03-01,401000,DISCC20
ORD02777,CUST06230,2026-06-10,615000,NONE
ORD02778,CUST05093,2026-01-01,88000,NONE
ORD02779,CUST06360,2026-04-08,458000,DISC 50
ORD02780,CUST02070,2026-07-06,557000,NONE
ORD02781,CUST01747,2026-04-24,429000,DISC10
ORD02782,CUST05177,2026-08-24,173000,DISC 50
ORD02783,CUST08190,2026-04-23,721000,NONE
ORD02784,CUST09855,2026-03-17,315000,DISCC20
ORD02785,CUST09813,2026-01-18,352000,DISC 50
ORD02786,CUST02023,2026-09-15,305000,NONE
ORD02787,CUST03535,2026-09-02,531000,DISC 50
ORD02788,CUST00964,2026-07-12,854000,DISC 50
ORD02789,CUST03451,2026-03-20,893000,NONE
ORD02790,CUST00862,2026-04-26,970000,DISCC20
ORD02791,CUST06420,2026-09-07,331000,NONE
ORD02792,CUST00354,2026-03-23,586000,NONE
ORD02793,CUST06922,2026-06-22,719000,NONE
ORD02794,CUST06413,2026-06-28,425000,DISC10
ORD02795,CUST04638,2026-09-28,314000,NONE
ORD02796,CUST08979,2026-04-10,428000,DISC10
ORD02797,CUST05299,2026-03-09,795000,NONE
ORD02798,CUST04982,2026-01-28,493000,NONE
ORD02799,CUST09457,2026-03-25,165000,NONE
ORD02800,CUST04770,2026-09-05,943000,DISCC20
ORD02801,CUST03574,2026-04-18,848000,NONE
ORD02802,CUST00150,2026-04-11,395000,NONE
ORD02803,CUST02419,2026-02-22,410000,NONE
ORD02804,CUST00923,2026-03-28,123000,DISC 50
ORD02805,CUST02944,2026-08-31,992000,DISC10
ORD02806,CUST08445,2026-03-02,690000,DISC 50
ORD02807,CUST02435,2026-08-11,667000,NONE
ORD02808,CUST04015,2026-07-26,59000,DISC10
ORD02809,CUST06499,2026-05-04,525000,DISC 50
ORD02810,CUST06151,2026-03-30,819000,NONE
ORD02811,CUST07597,2026-02-15,910000,NONE
ORD02812,CUST04510,2026-07-15,672000,NONE
ORD02813,CUST06019,2026-08-16,36000,DISC10
ORD02814,CUST01354,2026-03-01,149000,NONE
ORD02815,CUST03686,2026-09-18,48000,NONE
ORD02816,CUST04485,2026-09-03,735000,NONE
ORD02817,CUST09714,2026-02-18,210000,NONE
ORD02818,CUST07106,2026-09-05,330000,NONE
ORD02819,CUST01630,2026-03-06,358000,DISC10
ORD02820,CUST06641,2026-04-05,857000,NONE
ORD02821,CUST06452,2026-01-11,594000,NONE
ORD02822,CUST08005,2026-09-29,90000,NONE
ORD02823,CUST03400,2026-03-05,699000,DISC10
ORD02824,CUST09816,2026-04-03,736000,DISCC20
ORD02825,CUST09089,2026-01-03,482000,DISC 50
ORD02826,CUST00642,2026-03-04,156000,NONE
ORD02827,CUST02642,2026-04-16,114000,NONE
ORD02828,CUST00574,2026-05-12,111000,DISC10
ORD02829,CUST04892,2026-09-17,397000,NONE
ORD02830,CUST06932,2026-03-29,992000,NONE
ORD02831,CUST04069,2026-01-01,332000,DISC10
ORD02832,CUST04808,2026-09-23,699000,NONE
ORD02833,CUST02292,2026-08-16,615000,NONE
ORD02834,CUST08564,2026-06-10,957000,DISC 50
ORD02835,CUST03439,2026-09-19,729000,DISC10
ORD02836,CUST03885,2026-01-23,62000,DISCC20
ORD02837,CUST04911,2026-03-14,901000,DISCC20
ORD02838,CUST09866,2026-03-10,590000,DISCC20
ORD02839,CUST04545,2026-07-03,156000,NONE
ORD02840,CUST01219,2026-08-05,588000,DISC 50
ORD02841,CUST06256,2026-05-14,690000,DISCC20
ORD02842,CUST07473,2026-07-24,110000,DISC 50
ORD02843,CUST02347,2026-08-06,573000,DISCC20
ORD02844,CUST04414,2026-02-06,673000,NONE
ORD02845,CUST06098,2026-04-09,602000,NONE
ORD02846,CUST09912,2026-09-19,192000,NONE
ORD02847,CUST05184,2026-03-20,831000,NONE
ORD02848,CUST00425,2026-07-14,643000,DISCC20
ORD02849,CUST04426,2026-02-09,152000,NONE
ORD02850,CUST08985,2026-02-26,441000,DISC10
ORD02851,CUST01458,2026-06-18,396000,DISC 50
ORD02852,CUST02398,2026-05-20,914000,DISCC20
ORD02853,CUST00162,2026-05-21,125000,NONE
ORD02854,CUST06204,2026-04-24,999000,DISC10
ORD02855,CUST02880,2026-03-05,564000,NONE
ORD02856,CUST09648,2026-06-06,866000,NONE
ORD02857,CUST08667,2026-02-18,382000,NONE
ORD02858,CUST09037,2026-05-25,302000,NONE
ORD02859,CUST00786,2026-02-20,199000,DISC 50
ORD02860,CUST02961,2026-07-19,378000,NONE
ORD02861,CUST09039,2026-09-30,633000,NONE
ORD02862,CUST09705,2026-09-02,155000,DISC 50
ORD02863,CUST08415,2026-01-05,755000,DISCC20
ORD02864,CUST02338,2026-03-06,412000,NONE
ORD02865,CUST00867,2026-05-17,965000,NONE
ORD02866,CUST04082,2026-07-09,719000,NONE
ORD02867,CUST07501,2026-08-03,212000,NONE
ORD02868,CUST07679,2026-07-01,539000,DISC 50
ORD02869,CUST07009,2026-05-22,558000,NONE
ORD02870,CUST05001,2026-04-28,675000,DISC10
ORD02871,CUST06661,2026-06-06,814000,DISC 50
ORD02872,CUST01303,2026-02-16,103000,NONE
ORD02873,CUST01535,2026-05-03,194000,NONE
ORD02874,CUST01386,2026-01-30,786000,DISC 50
ORD02875,CUST00176,2026-09-10,996000,NONE
ORD02876,CUST02236,2026-09-18,516000,NONE
ORD02877,CUST08723,2026-09-21,739000,DISC10
ORD02878,CUST00228,2026-07-27,656000,DISCC20
ORD02879,CUST06963,2026-01-04,744000,NONE
ORD02880,CUST04002,2026-06-26,781000,NONE
ORD02881,CUST09982,2026-09-28,68000,NONE
ORD02882,CUST02762,2026-08-18,715000,NONE
ORD02883,CUST02865,2026-04-26,101000,DISC 50
ORD02884,CUST08417,2026-03-10,386000,DISC10
ORD02885,CUST08119,2026-08-05,413000,DISCC20
ORD02886,CUST01856,2026-07-11,371000,NONE
ORD02887,CUST08833,2026-05-08,896000,DISC10
ORD02888,CUST04902,2026-05-29,519000,DISC 50
ORD02889,CUST03491,2026-05-16,27000,NONE
ORD02890,CUST03563,2026-07-21,970000,DISC 50
ORD02891,CUST00581,2026-09-21,982000,NONE
ORD02892,CUST00943,2026-09-07,389000,DISC10
ORD02893,CUST05383,2026-08-24,330000,DISC 50
ORD02894,CUST00085,2026-02-24,383000,NONE
ORD02895,CUST06588,2026-04-06,388000,DISC10
ORD02896,CUST07059,2026-02-21,528000,DISCC20
ORD02897,CUST08669,2026-02-13,551000,DISCC20
ORD02898,CUST02030,2026-07-30,960000,NONE
ORD02899,CUST02550,2026-01-04,812000,NONE
ORD02900,CUST03705,2026-05-09,506000,NONE
ORD02901,CUST04904,2026-07-11,398000,NONE
ORD02902,CUST08789,2026-04-04,856000,DISC 50
ORD02903,CUST07186,2026-02-25,697000,NONE
ORD02904,CUST02292,2026-03-24,387000,NONE
ORD02905,CUST00096,2026-08-11,392000,NONE
ORD02906,CUST01814,2026-04-12,219000,DISC 50
ORD02907,CUST02191,2026-01-21,429000,NONE
ORD02908,CUST00518,2026-06-19,189000,NONE
ORD02909,CUST07853,2026-04-12,706000,DISC 50
ORD02910,CUST06900,2026-03-02,525000,NONE
ORD02911,CUST02088,2026-09-11,357000,NONE
ORD02912,CUST06371,2026-09-14,159000,DISC10
ORD02913,CUST00347,2026-02-25,154000,DISCC20
ORD02914,CUST08193,2026-06-26,38000,NONE
ORD02915,CUST00853,2026-05-02,719000,DISC 50
ORD02916,CUST09783,2026-08-08,780000,DISC10
ORD02917,CUST07868,2026-08-11,321000,DISC 50
ORD02918,CUST01354,2026-09-06,804000,NONE
ORD02919,CUST02499,2026-05-07,771000,NONE
ORD02920,CUST04088,2026-04-06,312000,DISC10
ORD02921,CUST04053,2026-05-15,707000,NONE
ORD02922,CUST07765,2026-04-12,748000,DISC10
ORD02923,CUST02969,2026-09-15,218000,NONE
ORD02924,CUST03759,2026-03-18,148000,DISCC20
ORD02925,CUST00629,2026-07-25,305000,DISCC20
ORD02926,CUST06985,2026-03-16,43000,NONE
ORD02927,CUST01490,2026-04-13,910000,DISC10
ORD02928,CUST06674,2026-07-14,562000,DISC 50
ORD02929,CUST03634,2026-04-29,369000,NONE
ORD02930,CUST01006,2026-09-03,547000,NONE
ORD02931,CUST04986,2026-01-27,137000,DISC 50
ORD02932,CUST04597,2026-07-06,990000,DISC 50
ORD02933,CUST04047,2026-08-03,352000,DISC10
ORD02934,CUST00670,2026-04-04,25000,DISC10
ORD02935,CUST03474,2026-06-14,317000,NONE
ORD02936,CUST09938,2026-05-24,128000,NONE
ORD02937,CUST04134,2026-04-05,996000,NONE
ORD02938,CUST05477,2026-07-06,336000,DISC10
ORD02939,CUST00224,2026-02-19,724000,NONE
ORD02940,CUST05427,2026-03-08,394000,NONE
ORD02941,CUST09649,2026-07-05,566000,NONE
ORD02942,CUST03904,2026-07-10,690000,DISC 50
ORD02943,CUST09574,2026-04-18,418000,DISC10
ORD02944,CUST02138,2026-02-24,669000,NONE
ORD02945,CUST00673,2026-03-03,625000,NONE
ORD02946,CUST03161,2026-04-08,746000,NONE
ORD02947,CUST01227,2026-02-20,989000,NONE
ORD02948,CUST04940,2026-06-25,767000,NONE
ORD02949,CUST08742,2026-04-14,763000,DISCC20
ORD02950,CUST02095,2026-01-23,221000,NONE
ORD02951,CUST09181,2026-05-10,380000,DISC 50
ORD02952,CUST01924,2026-08-18,957000,NONE
ORD02953,CUST07911,2026-02-04,454000,NONE
ORD02954,CUST00359,2026-09-15,195000,NONE
ORD02955,CUST02113,2026-05-21,321000,DISC10
ORD02956,CUST03117,2026-02-01,783000,NONE
ORD02957,CUST08724,2026-09-11,916000,NONE
ORD02958,CUST02712,2026-02-08,473000,NONE
ORD02959,CUST09216,2026-07-16,823000,NONE
ORD02960,CUST09949,2026-07-25,303000,DISCC20
ORD02961,CUST00059,2026-04-05,188000,NONE
ORD02962,CUST09702,2026-04-22,738000,DISC10
ORD02963,CUST07462,2026-09-20,540000,NONE
ORD02964,CUST04241,2026-09-26,335000,DISCC20
ORD02965,CUST04400,2026-06-01,590000,DISC10
ORD02966,CUST03669,2026-03-29,71000,NONE
ORD02967,CUST04782,2026-05-02,65000,NONE
ORD02968,CUST04551,2026-03-17,974000,DISCC20
ORD02969,CUST00845,2026-05-19,682000,DISCC20
ORD02970,CUST08759,2026-04-18,143000,DISC10
ORD02971,CUST09915,2026-06-27,402000,DISC 50
ORD02972,CUST09000,2026-02-12,295000,NONE
ORD02973,CUST06691,2026-03-10,944000,NONE
ORD02974,CUST05319,2026-05-31,83000,NONE
ORD02975,CUST05825,2026-01-06,249000,NONE
ORD02976,CUST02896,2026-05-24,287000,DISC10
ORD02977,CUST06259,2026-02-24,993000,NONE
ORD02978,CUST09902,2026-05-12,589000,DISCC20
ORD02979,CUST03615,2026-08-15,357000,DISC 50
ORD02980,CUST09530,2026-04-15,669000,NONE
ORD02981,CUST07309,2026-03-21,262000,NONE
ORD02982,CUST06040,2026-08-11,176000,NONE
ORD02983,CUST08126,2026-02-17,210000,NONE
ORD02984,CUST02886,2026-04-05,218000,NONE
ORD02985,CUST02956,2026-09-09,688000,DISC 50
ORD02986,CUST05082,2026-01-11,191000,DISCC20
ORD02987,CUST09959,2026-07-21,217000,DISC10
ORD02988,CUST01181,2026-03-15,461000,DISCC20
ORD02989,CUST06595,2026-08-21,127000,NONE
ORD02990,CUST02250,2026-09-27,769000,DISC10
ORD02991,CUST06192,2026-02-21,418000,DISC10
ORD02992,CUST00223,2026-02-26,806000,NONE
ORD02993,CUST02166,2026-01-23,279000,DISC10
ORD02994,CUST02337,2026-05-18,986000,NONE
ORD02995,CUST00154,2026-01-07,835000,DISC10
ORD02996,CUST01393,2026-06-23,232000,DISCC20
ORD02997,CUST09222,2026-09-03,938000,NONE
ORD02998,CUST05037,2026-03-25,364000,NONE
ORD02999,CUST03995,2026-03-21,82000,NONE
ORD03000,CUST08907,2026-05-17,151000,DISC10
ORD03001,CUST01685,2026-01-23,582000,DISC 50
ORD03002,CUST08382,2026-02-22,932000,NONE
ORD03003,CUST00020,2026-03-14,959000,DISCC20
ORD03004,CUST03714,2026-01-13,462000,NONE
ORD03005,CUST05789,2026-03-17,696000,DISC 50
ORD03006,CUST06304,2026-04-26,728000,NONE
ORD03007,CUST08058,2026-02-27,198000,DISC10
ORD03008,CUST01667,2026-04-25,313000,DISC 50
ORD03009,CUST05468,2026-02-09,146000,DISC 50
ORD03010,CUST00711,2026-02-13,644000,DISCC20
ORD03011,CUST07023,2026-04-02,568000,DISC 50
ORD03012,CUST06968,2026-04-03,178000,NONE
ORD03013,CUST04703,2026-06-04,381000,DISC10
ORD03014,CUST08180,2026-05-19,702000,DISC 50
ORD03015,CUST01252,2026-05-16,832000,DISC10
ORD03016,CUST02402,2026-03-18,352000,DISCC20
ORD03017,CUST07319,2026-07-19,763000,NONE
ORD03018,CUST01855,2026-02-04,616000,NONE
ORD03019,CUST02371,2026-05-23,117000,DISC 50
ORD03020,CUST02980,2026-03-07,810000,NONE
ORD03021,CUST05232,2026-06-30,531000,NONE
ORD03022,CUST06783,2026-09-04,641000,NONE
ORD03023,CUST02265,2026-06-20,846000,NONE
ORD03024,CUST06279,2026-05-06,453000,NONE
ORD03025,CUST08827,2026-09-12,571000,NONE
ORD03026,CUST08786,2026-09-30,866000,DISCC20
ORD03027,CUST01370,2026-07-16,619000,NONE
ORD03028,CUST08634,2026-08-04,616000,NONE
ORD03029,CUST01430,2026-04-23,265000,DISC 50
ORD03030,CUST03331,2026-01-02,896000,DISC10
ORD03031,CUST09149,2026-07-05,510000,DISCC20
ORD03032,CUST00977,2026-02-26,958000,DISC 50
ORD03033,CUST02284,2026-07-04,326000,NONE
ORD03034,CUST09036,2026-03-15,978000,NONE
ORD03035,CUST03453,2026-05-05,872000,DISCC20
ORD03036,CUST02258,2026-01-29,145000,NONE
ORD03037,CUST06185,2026-03-15,775000,DISC10
ORD03038,CUST06090,2026-08-06,80000,NONE
ORD03039,CUST09530,2026-02-24,100000,NONE
ORD03040,CUST00495,2026-03-22,175000,DISC 50
ORD03041,CUST01295,2026-03-14,275000,DISC10
ORD03042,CUST09326,2026-01-07,876000,NONE
ORD03043,CUST02989,2026-03-18,506000,NONE
ORD03044,CUST08642,2026-03-13,740000,DISC 50
ORD03045,CUST06743,2026-08-29,764000,DISC 50
ORD03046,CUST00217,2026-08-16,318000,DISC10
ORD03047,CUST00984,2026-03-21,927000,NONE
ORD03048,CUST09899,2026-01-17,794000,DISCC20
ORD03049,CUST02628,2026-09-15,36000,NONE
ORD03050,CUST07444,2026-08-05,592000,NONE
ORD03051,CUST09373,2026-05-13,538000,DISC 50
ORD03052,CUST06942,2026-04-27,978000,DISCC20
ORD03053,CUST01507,2026-05-20,559000,NONE
ORD03054,CUST03472,2026-03-06,435000,NONE
ORD03055,CUST03587,2026-01-29,426000,DISCC20
ORD03056,CUST07675,2026-02-09,513000,DISC 50
ORD03057,CUST06234,2026-07-27,193000,DISC10
ORD03058,CUST06951,2026-07-10,224000,DISC 50
ORD03059,CUST01711,2026-02-25,104000,DISC 50
ORD03060,CUST00460,2026-06-21,270000,DISC 50
ORD03061,CUST08874,2026-03-25,134000,DISC10
ORD03062,CUST09784,2026-04-19,36000,DISC 50
ORD03063,CUST09039,2026-04-07,231000,NONE
ORD03064,CUST03938,2026-01-17,300000,DISC10
ORD03065,CUST09237,2026-01-23,834000,NONE
ORD03066,CUST00788,2026-01-24,347000,DISC10
ORD03067,CUST00139,2026-06-08,390000,DISC 50
ORD03068,CUST08196,2026-07-23,224000,DISC 50
ORD03069,CUST05831,2026-07-20,157000,NONE
ORD03070,CUST05429,2026-02-19,442000,NONE
ORD03071,CUST01655,2026-09-15,539000,DISCC20
ORD03072,CUST09621,2026-01-13,840000,NONE
ORD03073,CUST09607,2026-09-02,914000,DISC10
ORD03074,CUST02642,2026-05-29,180000,NONE
ORD03075,CUST01291,2026-08-26,931000,NONE
ORD03076,CUST03795,2026-02-17,930000,DISCC20
ORD03077,CUST02639,2026-03-14,538000,NONE
ORD03078,CUST05594,2026-09-25,483000,DISCC20
ORD03079,CUST04766,2026-06-23,393000,NONE
ORD03080,CUST00656,2026-08-09,937000,NONE
ORD03081,CUST03918,2026-07-18,238000,NONE
ORD03082,CUST02497,2026-02-08,605000,NONE
ORD03083,CUST01596,2026-09-12,849000,DISC10
ORD03084,CUST05072,2026-03-15,585000,DISC10
ORD03085,CUST01542,2026-09-13,490000,DISC 50
ORD03086,CUST04844,2026-03-28,190000,DISC10
ORD03087,CUST09446,2026-05-24,397000,DISC 50
ORD03088,CUST01166,2026-02-15,208000,NONE
ORD03089,CUST04227,2026-08-24,509000,DISC 50
ORD03090,CUST02302,2026-08-15,987000,DISC10
ORD03091,CUST00649,2026-09-07,397000,DISC 50
ORD03092,CUST06702,2026-07-25,902000,NONE
ORD03093,CUST07223,2026-03-08,400000,NONE
ORD03094,CUST06123,2026-06-10,110000,NONE
ORD03095,CUST08290,2026-07-31,485000,DISC 50
ORD03096,CUST00935,2026-01-22,783000,DISCC20
ORD03097,CUST02533,2026-01-05,898000,DISC10
ORD03098,CUST06158,2026-05-29,187000,NONE
ORD03099,CUST01196,2026-07-24,253000,NONE
ORD03100,CUST01532,2026-08-25,382000,NONE
ORD03101,CUST08768,2026-08-28,946000,NONE
ORD03102,CUST01407,2026-02-25,209000,NONE
ORD03103,CUST06504,2026-02-25,811000,NONE
ORD03104,CUST06579,2026-04-13,361000,DISC10
ORD03105,CUST05611,2026-06-12,643000,NONE
ORD03106,CUST07803,2026-04-19,142000,DISC 50
ORD03107,CUST00628,2026-08-21,583000,DISCC20
ORD03108,CUST02385,2026-08-29,680000,DISCC20
ORD03109,CUST09310,2026-06-13,57000,NONE
ORD03110,CUST01023,2026-07-14,983000,DISC 50
ORD03111,CUST07757,2026-08-09,243000,DISC10
ORD03112,CUST00376,2026-04-19,1000000,NONE
ORD03113,CUST04422,2026-08-05,283000,NONE
ORD03114,CUST01370,2026-04-01,170000,DISC10
ORD03115,CUST06637,2026-05-21,108000,DISC 50
ORD03116,CUST06877,2026-08-20,562000,DISCC20
ORD03117,CUST03016,2026-05-13,875000,DISC10
ORD03118,CUST07022,2026-02-17,375000,DISC 50
ORD03119,CUST03254,2026-03-26,382000,NONE
ORD03120,CUST07791,2026-09-04,573000,NONE
ORD03121,CUST07157,2026-03-24,388000,NONE
ORD03122,CUST00163,2026-07-19,599000,NONE
ORD03123,CUST01275,2026-04-12,765000,NONE
ORD03124,CUST05305,2026-03-16,705000,NONE
ORD03125,CUST00233,2026-06-12,179000,NONE
ORD03126,CUST08183,2026-03-17,910000,DISC 50
ORD03127,CUST06659,2026-02-28,294000,NONE
ORD03128,CUST07382,2026-01-02,990000,DISCC20
ORD03129,CUST09477,2026-08-19,124000,DISC10
ORD03130,CUST03075,2026-04-22,455000,NONE
ORD03131,CUST09846,2026-03-27,411000,DISCC20
ORD03132,CUST03437,2026-06-28,1000000,DISCC20
ORD03133,CUST06067,2026-01-08,858000,DISC 50
ORD03134,CUST04948,2026-01-09,943000,DISC 50
ORD03135,CUST02044,2026-09-15,741000,NONE
ORD03136,CUST06784,2026-08-22,445000,DISC 50
ORD03137,CUST08888,2026-06-30,461000,NONE
ORD03138,CUST01858,2026-06-21,973000,DISCC20
ORD03139,CUST07019,2026-08-23,407000,DISCC20
ORD03140,CUST08893,2026-03-25,471000,NONE
ORD03141,CUST07168,2026-05-26,674000,DISC 50
ORD03142,CUST01436,2026-02-20,850000,DISC10
ORD03143,CUST00270,2026-02-15,656000,NONE
ORD03144,CUST08134,2026-02-23,792000,NONE
ORD03145,CUST07277,2026-02-21,540000,NONE
ORD03146,CUST04750,2026-01-17,897000,NONE
ORD03147,CUST03652,2026-04-19,820000,NONE
ORD03148,CUST01876,2026-07-15,225000,NONE
ORD03149,CUST05745,2026-03-05,837000,NONE
ORD03150,CUST06485,2026-07-31,32000,DISC 50
ORD03151,CUST08316,2026-04-25,315000,DISC 50
ORD03152,CUST05037,2026-05-16,883000,NONE
ORD03153,CUST00069,2026-05-04,946000,NONE
ORD03154,CUST00255,2026-01-17,51000,DISCC20
ORD03155,CUST08503,2026-07-11,864000,NONE
ORD03156,CUST05491,2026-06-12,199000,NONE
ORD03157,CUST03963,2026-08-09,594000,NONE
ORD03158,CUST06445,2026-04-09,873000,DISC10
ORD03159,CUST02112,2026-08-08,986000,NONE
ORD03160,CUST02847,2026-07-19,437000,DISC 50
ORD03161,CUST02596,2026-09-22,472000,DISCC20
ORD03162,CUST02070,2026-02-20,541000,DISC10
ORD03163,CUST04264,2026-07-20,882000,NONE
ORD03164,CUST05283,2026-03-23,233000,DISC10
ORD03165,CUST00421,2026-02-17,472000,DISC10
ORD03166,CUST00456,2026-03-20,657000,NONE
ORD03167,CUST09369,2026-02-10,416000,DISC10
ORD03168,CUST07434,2026-03-08,674000,NONE
ORD03169,CUST03057,2026-07-03,270000,NONE
ORD03170,CUST04865,2026-04-24,223000,NONE
ORD03171,CUST06195,2026-05-06,813000,DISC 50
ORD03172,CUST04506,2026-01-27,109000,DISCC20
ORD03173,CUST09493,2026-01-12,912000,DISC10
ORD03174,CUST07523,2026-02-26,974000,NONE
ORD03175,CUST01755,2026-03-04,170000,DISC 50
ORD03176,CUST02960,2026-05-15,120000,DISC10
ORD03177,CUST05922,2026-09-11,959000,DISCC20
ORD03178,CUST01650,2026-07-20,527000,DISC10
ORD03179,CUST01206,2026-07-31,523000,NONE
ORD03180,CUST03446,2026-02-09,728000,NONE
ORD03181,CUST05138,2026-07-12,673000,NONE
ORD03182,CUST02946,2026-03-24,330000,DISC10
ORD03183,CUST09295,2026-04-02,671000,NONE
ORD03184,CUST01921,2026-01-17,376000,DISC 50
ORD03185,CUST09831,2026-09-05,584000,DISC10
ORD03186,CUST08549,2026-03-23,784000,DISC 50
ORD03187,CUST03160,2026-03-04,645000,DISC10
ORD03188,CUST08487,2026-01-12,549000,DISCC20
ORD03189,CUST05979,2026-04-21,142000,DISCC20
ORD03190,CUST05367,2026-01-16,166000,DISCC20
ORD03191,CUST02074,2026-02-12,299000,DISC 50
ORD03192,CUST03265,2026-09-04,119000,DISC 50
ORD03193,CUST07653,2026-05-31,788000,NONE
ORD03194,CUST08400,2026-08-12,994000,NONE
ORD03195,CUST04098,2026-04-09,202000,DISCC20
ORD03196,CUST06437,2026-05-24,130000,NONE
ORD03197,CUST02715,2026-06-09,838000,DISCC20
ORD03198,CUST07102,2026-09-07,929000,NONE
ORD03199,CUST09771,2026-08-05,790000,DISC 50
ORD03200,CUST01763,2026-06-13,646000,NONE
ORD03201,CUST03273,2026-08-08,605000,DISC 50
ORD03202,CUST01053,2026-07-11,485000,DISCC20
ORD03203,CUST08379,2026-01-18,284000,NONE
ORD03204,CUST04809,2026-07-29,643000,NONE
ORD03205,CUST05772,2026-09-29,432000,DISC10
ORD03206,CUST02948,2026-02-28,853000,DISC 50
ORD03207,CUST03047,2026-08-08,391000,DISCC20
ORD03208,CUST03526,2026-02-07,697000,DISC 50
ORD03209,CUST02377,2026-07-10,823000,DISC 50
ORD03210,CUST00158,2026-03-04,351000,NONE
ORD03211,CUST05389,2026-01-06,243000,NONE
ORD03212,CUST03812,2026-06-14,600000,DISC10
ORD03213,CUST04647,2026-07-17,641000,DISCC20
ORD03214,CUST03563,2026-09-27,130000,NONE
ORD03215,CUST09960,2026-05-23,993000,NONE
ORD03216,CUST09404,2026-02-08,939000,NONE
ORD03217,CUST07131,2026-08-04,350000,DISC 50
ORD03218,CUST03230,2026-04-12,75000,NONE
ORD03219,CUST00767,2026-09-13,306000,NONE
ORD03220,CUST02034,2026-03-03,488000,DISCC20
ORD03221,CUST09686,2026-06-17,417000,DISCC20
ORD03222,CUST04671,2026-01-11,43000,NONE
ORD03223,CUST07566,2026-01-03,316000,DISCC20
ORD03224,CUST00607,2026-07-26,942000,NONE
ORD03225,CUST00641,2026-09-28,370000,NONE
ORD03226,CUST01138,2026-01-09,506000,DISC10
ORD03227,CUST04932,2026-08-01,306000,DISC 50
ORD03228,CUST06560,2026-06-27,106000,NONE
ORD03229,CUST08091,2026-06-10,652000,DISC10
ORD03230,CUST04890,2026-07-21,738000,NONE
ORD03231,CUST01990,2026-09-10,888000,DISC 50
ORD03232,CUST00480,2026-02-22,254000,DISC10
ORD03233,CUST02274,2026-01-06,132000,DISC 50
ORD03234,CUST03709,2026-08-12,199000,DISC10
ORD03235,CUST06044,2026-04-08,860000,NONE
ORD03236,CUST00861,2026-01-03,290000,DISC10
ORD03237,CUST00787,2026-02-26,994000,DISC 50
ORD03238,CUST04321,2026-02-08,362000,NONE
ORD03239,CUST04423,2026-07-14,740000,DISCC20
ORD03240,CUST09560,2026-03-12,496000,DISC10
ORD03241,CUST05232,2026-03-06,907000,DISCC20
ORD03242,CUST07321,2026-07-31,709000,DISC10
ORD03243,CUST08645,2026-09-25,271000,NONE
ORD03244,CUST08030,2026-09-02,312000,DISC 50
ORD03245,CUST03701,2026-09-05,119000,DISC 50
ORD03246,CUST01357,2026-06-01,386000,NONE
ORD03247,CUST03374,2026-05-05,736000,DISC10
ORD03248,CUST08104,2026-02-08,86000,DISCC20
ORD03249,CUST03542,2026-01-07,504000,NONE
ORD03250,CUST07990,2026-04-07,132000,DISC 50
ORD03251,CUST09676,2026-04-17,804000,NONE
ORD03252,CUST05135,2026-09-21,803000,DISC 50
ORD03253,CUST02524,2026-08-21,893000,NONE
ORD03254,CUST02131,2026-02-24,249000,DISC 50
ORD03255,CUST07413,2026-07-17,913000,NONE
ORD03256,CUST03327,2026-09-20,823000,NONE
ORD03257,CUST01125,2026-04-07,309000,NONE
ORD03258,CUST05033,2026-03-26,999000,NONE
ORD03259,CUST02414,2026-02-22,497000,DISC10
ORD03260,CUST03942,2026-02-26,41000,NONE
ORD03261,CUST04371,2026-04-06,54000,NONE
ORD03262,CUST07417,2026-09-29,385000,DISC 50
ORD03263,CUST09017,2026-03-02,111000,DISC 50
ORD03264,CUST03475,2026-08-09,179000,NONE
ORD03265,CUST07060,2026-09-15,545000,DISC 50
ORD03266,CUST07231,2026-01-28,304000,DISC 50
ORD03267,CUST00806,2026-02-20,689000,NONE
ORD03268,CUST03178,2026-08-05,326000,DISCC20
ORD03269,CUST02895,2026-07-26,633000,DISC 50
ORD03270,CUST09953,2026-09-29,530000,NONE
ORD03271,CUST01789,2026-08-10,722000,DISC10
ORD03272,CUST01820,2026-05-08,249000,DISC10
ORD03273,CUST00585,2026-01-28,614000,DISC 50
ORD03274,CUST01079,2026-05-03,569000,DISC10
ORD03275,CUST03711,2026-05-22,928000,NONE
ORD03276,CUST06422,2026-07-27,427000,DISC10
ORD03277,CUST04396,2026-04-23,532000,DISCC20
ORD03278,CUST03336,2026-03-29,380000,NONE
ORD03279,CUST09770,2026-05-28,319000,NONE
ORD03280,CUST01545,2026-01-02,214000,NONE
ORD03281,CUST05003,2026-09-02,898000,NONE
ORD03282,CUST02790,2026-05-03,347000,NONE
ORD03283,CUST02731,2026-02-05,216000,DISC 50
ORD03284,CUST02324,2026-08-22,38000,NONE
ORD03285,CUST07012,2026-08-31,367000,DISC10
ORD03286,CUST04323,2026-04-01,927000,DISC10
ORD03287,CUST00160,2026-03-29,633000,DISC 50
ORD03288,CUST09555,2026-08-31,26000,NONE
ORD03289,CUST07743,2026-05-07,137000,DISC10
ORD03290,CUST09295,2026-01-09,721000,DISC 50
ORD03291,CUST08607,2026-04-27,540000,DISCC20
ORD03292,CUST01539,2026-03-17,127000,DISC 50
ORD03293,CUST07416,2026-06-21,527000,NONE
ORD03294,CUST08941,2026-06-29,288000,NONE
ORD03295,CUST04154,2026-09-07,398000,NONE
ORD03296,CUST05778,2026-01-07,333000,NONE
ORD03297,CUST08485,2026-06-20,818000,NONE
ORD03298,CUST01848,2026-09-05,301000,NONE
ORD03299,CUST00340,2026-09-23,176000,NONE
ORD03300,CUST02321,2026-04-23,390000,NONE
ORD03301,CUST04004,2026-01-16,616000,NONE
ORD03302,CUST05889,2026-08-09,236000,NONE
ORD03303,CUST03176,2026-02-15,967000,NONE
ORD03304,CUST04488,2026-02-25,923000,NONE
ORD03305,CUST08633,2026-08-19,204000,DISC 50
ORD03306,CUST05427,2026-06-28,425000,NONE
ORD03307,CUST04527,2026-08-02,341000,DISCC20
ORD03308,CUST09495,2026-01-22,557000,NONE
ORD03309,CUST02015,2026-06-25,468000,NONE
ORD03310,CUST04726,2026-06-27,137000,DISC10
ORD03311,CUST02411,2026-09-13,502000,NONE
ORD03312,CUST08572,2026-03-18,321000,NONE
ORD03313,CUST04975,2026-03-25,523000,DISC 50
ORD03314,CUST04829,2026-02-03,40000,NONE
ORD03315,CUST03561,2026-01-21,314000,NONE
ORD03316,CUST00872,2026-03-05,525000,DISC 50
ORD03317,CUST07051,2026-01-03,385000,NONE
ORD03318,CUST00818,2026-01-01,282000,DISCC20
ORD03319,CUST04642,2026-06-29,829000,NONE
ORD03320,CUST01410,2026-03-21,755000,DISC 50
ORD03321,CUST03224,2026-03-15,467000,NONE
ORD03322,CUST04765,2026-02-11,249000,DISC10
ORD03323,CUST05811,2026-08-31,279000,NONE
ORD03324,CUST06924,2026-07-17,433000,DISC10
ORD03325,CUST04949,2026-05-14,636000,DISC 50
ORD03326,CUST09240,2026-03-30,471000,NONE
ORD03327,CUST09473,2026-06-15,167000,NONE
ORD03328,CUST04097,2026-04-13,163000,NONE
ORD03329,CUST04933,2026-04-13,337000,DISC10
ORD03330,CUST09285,2026-06-02,974000,NONE
ORD03331,CUST08943,2026-08-25,212000,NONE
ORD03332,CUST01574,2026-08-12,166000,NONE
ORD03333,CUST05133,2026-08-15,540000,NONE
ORD03334,CUST07674,2026-07-03,387000,NONE
ORD03335,CUST06890,2026-08-27,445000,NONE
ORD03336,CUST09158,2026-01-15,52000,NONE
ORD03337,CUST02304,2026-02-15,654000,DISC 50
ORD03338,CUST09509,2026-05-05,549000,DISC 50
ORD03339,CUST08901,2026-03-07,946000,NONE
ORD03340,CUST00878,2026-05-31,798000,NONE
ORD03341,CUST06602,2026-03-06,711000,DISC10
ORD03342,CUST08488,2026-08-25,496000,DISC10
ORD03343,CUST00897,2026-02-13,301000,NONE
ORD03344,CUST05464,2026-02-24,633000,DISC10
ORD03345,CUST09265,2026-05-29,518000,NONE
ORD03346,CUST00998,2026-06-19,149000,NONE
ORD03347,CUST00869,2026-09-19,743000,DISCC20
ORD03348,CUST02362,2026-09-22,600000,NONE
ORD03349,CUST02235,2026-09-11,253000,NONE
ORD03350,CUST04930,2026-03-21,668000,DISC 50
ORD03351,CUST07946,2026-01-04,663000,NONE
ORD03352,CUST01880,2026-04-13,93000,DISC10
ORD03353,CUST09893,2026-03-20,926000,DISC10
ORD03354,CUST01588,2026-09-24,278000,DISCC20
ORD03355,CUST07762,2026-02-23,50000,NONE
ORD03356,CUST06402,2026-08-16,81000,DISC10
ORD03357,CUST06629,2026-06-03,520000,DISCC20
ORD03358,CUST08958,2026-05-01,291000,NONE
ORD03359,CUST02019,2026-08-13,467000,DISCC20
ORD03360,CUST03028,2026-01-12,170000,NONE
ORD03361,CUST02798,2026-05-04,548000,NONE
ORD03362,CUST07802,2026-04-13,516000,DISC 50
ORD03363,CUST01639,2026-05-29,627000,NONE
ORD03364,CUST04509,2026-07-08,425000,NONE
ORD03365,CUST07602,2026-02-24,451000,NONE
ORD03366,CUST00459,2026-03-17,315000,NONE
ORD03367,CUST09245,2026-03-03,423000,DISC10
ORD03368,CUST00559,2026-06-05,685000,NONE
ORD03369,CUST00699,2026-08-16,954000,DISC 50
ORD03370,CUST07667,2026-03-13,928000,NONE
ORD03371,CUST04537,2026-08-23,34000,DISCC20
ORD03372,CUST08203,2026-07-03,901000,NONE
ORD03373,CUST05716,2026-04-18,949000,NONE
ORD03374,CUST06400,2026-09-26,550000,DISC10
ORD03375,CUST02481,2026-03-31,385000,NONE
ORD03376,CUST07529,2026-06-23,757000,DISCC20
ORD03377,CUST04964,2026-05-23,970000,NONE
ORD03378,CUST07926,2026-02-04,410000,NONE
ORD03379,CUST09438,2026-04-03,750000,NONE
ORD03380,CUST04248,2026-09-27,157000,NONE
ORD03381,CUST09648,2026-06-15,619000,DISC 50
ORD03382,CUST01108,2026-07-26,71000,DISC10
ORD03383,CUST03797,2026-03-23,123000,NONE
ORD03384,CUST08183,2026-02-24,981000,NONE
ORD03385,CUST05303,2026-09-01,803000,DISCC20
ORD03386,CUST01728,2026-05-02,946000,DISCC20
ORD03387,CUST06883,2026-07-16,969000,DISC10
ORD03388,CUST04104,2026-02-01,142000,DISC10
ORD03389,CUST07235,2026-02-07,806000,DISC 50
ORD03390,CUST02852,2026-01-16,353000,DISC10
ORD03391,CUST06188,2026-08-19,161000,NONE
ORD03392,CUST03207,2026-04-13,283000,NONE
ORD03393,CUST04688,2026-08-13,255000,DISCC20
ORD03394,CUST07112,2026-03-24,858000,NONE
ORD03395,CUST01410,2026-04-09,621000,DISC10
ORD03396,CUST03335,2026-02-19,59000,DISCC20
ORD03397,CUST05892,2026-01-03,817000,NONE
ORD03398,CUST05583,2026-02-06,214000,NONE
ORD03399,CUST08130,2026-09-28,219000,DISCC20
ORD03400,CUST08206,2026-08-31,385000,DISC 50
ORD03401,CUST01101,2026-03-12,474000,NONE
ORD03402,CUST01162,2026-07-12,607000,DISC10
ORD03403,CUST08475,2026-03-07,330000,DISC10
ORD03404,CUST08171,2026-03-02,261000,DISC10
ORD03405,CUST00370,2026-06-19,254000,DISC 50
ORD03406,CUST06397,2026-05-09,745000,DISC 50
ORD03407,CUST02587,2026-02-04,319000,DISC10
ORD03408,CUST09427,2026-10-01,272000,NONE
ORD03409,CUST05116,2026-09-14,433000,NONE
ORD03410,CUST08945,2026-01-30,739000,DISC10
ORD03411,CUST04310,2026-08-30,693000,DISC10
ORD03412,CUST05539,2026-01-17,456000,DISC 50
ORD03413,CUST05482,2026-04-13,934000,DISC10
ORD03414,CUST03347,2026-03-13,585000,NONE
ORD03415,CUST01022,2026-06-18,266000,NONE
ORD03416,CUST09239,2026-02-07,951000,NONE
ORD03417,CUST05667,2026-01-19,97000,NONE
ORD03418,CUST09035,2026-02-11,515000,DISCC20
ORD03419,CUST00684,2026-05-19,131000,DISC10
ORD03420,CUST08317,2026-09-12,255000,NONE
ORD03421,CUST07070,2026-06-29,514000,DISC 50
ORD03422,CUST00352,2026-04-27,978000,DISC10
ORD03423,CUST03215,2026-01-14,572000,NONE
ORD03424,CUST00297,2026-07-14,590000,NONE
ORD03425,CUST06343,2026-01-27,809000,NONE
ORD03426,CUST07041,2026-03-06,743000,NONE
ORD03427,CUST01894,2026-03-12,473000,DISC10
ORD03428,CUST05764,2026-07-08,223000,DISC 50
ORD03429,CUST00950,2026-08-12,268000,DISCC20
ORD03430,CUST09644,2026-02-17,35000,DISCC20
ORD03431,CUST08786,2026-07-31,606000,DISC10
ORD03432,CUST04095,2026-01-08,857000,DISC10
ORD03433,CUST00929,2026-02-09,154000,NONE
ORD03434,CUST04631,2026-04-03,69000,DISC 50
ORD03435,CUST09870,2026-06-29,695000,DISCC20
ORD03436,CUST02126,2026-05-30,645000,NONE
ORD03437,CUST02006,2026-09-03,697000,DISC10
ORD03438,CUST04100,2026-02-09,985000,NONE
ORD03439,CUST08109,2026-04-16,747000,NONE
ORD03440,CUST03610,2026-07-02,479000,NONE
ORD03441,CUST06012,2026-06-04,823000,NONE
ORD03442,CUST04002,2026-05-30,564000,DISC 50
ORD03443,CUST08871,2026-06-13,540000,DISC10
ORD03444,CUST05680,2026-01-28,947000,NONE
ORD03445,CUST04584,2026-09-06,105000,DISCC20
ORD03446,CUST08536,2026-03-12,261000,DISC 50
ORD03447,CUST02012,2026-04-18,406000,NONE
ORD03448,CUST00588,2026-03-14,265000,NONE
ORD03449,CUST07435,2026-08-14,1000000,DISC10
ORD03450,CUST08175,2026-01-11,881000,DISC10
ORD03451,CUST04555,2026-05-19,627000,NONE
ORD03452,CUST01385,2026-06-03,86000,DISC 50
ORD03453,CUST08116,2026-07-16,44000,NONE
ORD03454,CUST07275,2026-07-16,70000,DISCC20
ORD03455,CUST06215,2026-04-16,213000,NONE
ORD03456,CUST08725,2026-08-09,78000,NONE
ORD03457,CUST00513,2026-06-06,579000,DISC 50
ORD03458,CUST09974,2026-01-14,797000,DISC 50
ORD03459,CUST09683,2026-05-15,246000,DISC10
ORD03460,CUST07112,2026-06-24,911000,NONE
ORD03461,CUST01790,2026-01-30,591000,NONE
ORD03462,CUST08762,2026-05-28,499000,NONE
ORD03463,CUST04262,2026-09-23,191000,NONE
ORD03464,CUST03904,2026-08-28,160000,DISC10
ORD03465,CUST04496,2026-05-24,112000,DISCC20
ORD03466,CUST05531,2026-06-01,609000,NONE
ORD03467,CUST04494,2026-01-20,395000,DISC 50
ORD03468,CUST09962,2026-05-09,37000,DISC10
ORD03469,CUST09314,2026-06-07,701000,DISC 50
ORD03470,CUST02930,2026-05-16,479000,NONE
ORD03471,CUST07208,2026-01-09,34000,NONE
ORD03472,CUST05878,2026-01-19,516000,NONE
ORD03473,CUST06695,2026-04-22,84000,NONE
ORD03474,CUST04530,2026-02-10,943000,NONE
ORD03475,CUST01050,2026-06-10,476000,DISCC20
ORD03476,CUST04525,2026-05-13,290000,NONE
ORD03477,CUST03727,2026-03-07,670000,DISCC20
ORD03478,CUST00813,2026-03-17,263000,DISC10
ORD03479,CUST03019,2026-01-20,725000,NONE
ORD03480,CUST09501,2026-08-14,349000,DISC10
ORD03481,CUST00997,2026-04-27,999000,NONE
ORD03482,CUST04218,2026-05-13,41000,NONE
ORD03483,CUST08855,2026-06-30,760000,DISC10
ORD03484,CUST05730,2026-05-01,136000,DISC10
ORD03485,CUST07272,2026-09-17,140000,NONE
ORD03486,CUST03883,2026-02-09,233000,DISC 50
ORD03487,CUST06816,2026-07-10,98000,NONE
ORD03488,CUST04639,2026-08-07,171000,DISC10
ORD03489,CUST09945,2026-06-17,832000,DISC 50
ORD03490,CUST06687,2026-06-21,943000,NONE
ORD03491,CUST07712,2026-07-11,990000,DISC 50
ORD03492,CUST02627,2026-01-16,402000,DISC10
ORD03493,CUST02459,2026-05-29,958000,NONE
ORD03494,CUST01741,2026-01-14,648000,DISCC20
ORD03495,CUST08369,2026-06-10,757000,NONE
ORD03496,CUST09528,2026-09-18,754000,DISC 50
ORD03497,CUST06207,2026-04-21,875000,NONE
ORD03498,CUST02459,2026-01-17,415000,NONE
ORD03499,CUST01267,2026-02-10,982000,DISCC20
ORD03500,CUST09412,2026-09-15,670000,NONE
ORD03501,CUST08831,2026-08-03,775000,DISC10
ORD03502,CUST00843,2026-09-28,646000,NONE
ORD03503,CUST08526,2026-09-26,476000,DISC 50
ORD03504,CUST03196,2026-05-18,881000,NONE
ORD03505,CUST03999,2026-05-31,361000,DISCC20
ORD03506,CUST03783,2026-07-05,491000,DISC 50
ORD03507,CUST03950,2026-03-01,480000,NONE
ORD03508,CUST05930,2026-07-29,106000,DISC 50
ORD03509,CUST01253,2026-09-16,961000,DISC 50
ORD03510,CUST09916,2026-09-05,260000,NONE
ORD03511,CUST03765,2026-08-03,608000,DISCC20
ORD03512,CUST06679,2026-05-06,715000,NONE
ORD03513,CUST09922,2026-03-12,291000,DISC 50
ORD03514,CUST05143,2026-06-24,145000,DISC10
ORD03515,CUST06899,2026-07-29,542000,DISCC20
ORD03516,CUST03246,2026-09-11,946000,DISCC20
ORD03517,CUST00255,2026-08-21,195000,DISC10
ORD03518,CUST04316,2026-08-03,808000,NONE
ORD03519,CUST01655,2026-08-29,154000,DISC10
ORD03520,CUST00393,2026-08-09,731000,DISCC20
ORD03521,CUST02169,2026-02-07,552000,NONE
ORD03522,CUST06920,2026-07-18,387000,DISCC20
ORD03523,CUST09125,2026-07-25,272000,NONE
ORD03524,CUST01951,2026-05-31,369000,DISC 50
ORD03525,CUST00742,2026-02-25,100000,NONE
ORD03526,CUST07355,2026-07-01,957000,NONE
ORD03527,CUST07139,2026-08-19,321000,NONE
ORD03528,CUST03006,2026-03-10,766000,NONE
ORD03529,CUST01373,2026-09-18,180000,DISC10
ORD03530,CUST07431,2026-07-09,413000,DISC 50
ORD03531,CUST02896,2026-08-13,545000,NONE
ORD03532,CUST01588,2026-05-24,262000,DISC 50
ORD03533,CUST05589,2026-09-10,74000,NONE
ORD03534,CUST08605,2026-09-23,618000,NONE
ORD03535,CUST04674,2026-08-07,355000,NONE
ORD03536,CUST02924,2026-06-13,171000,DISC10
ORD03537,CUST07054,2026-04-18,556000,DISC 50
ORD03538,CUST01630,2026-06-10,380000,DISC 50
ORD03539,CUST01943,2026-03-26,319000,DISC 50
ORD03540,CUST07192,2026-09-07,254000,DISCC20
ORD03541,CUST04251,2026-05-28,645000,DISC10
ORD03542,CUST04566,2026-04-29,169000,DISC10
ORD03543,CUST09047,2026-04-16,883000,NONE
ORD03544,CUST00449,2026-03-28,637000,DISC10
ORD03545,CUST00110,2026-04-10,525000,DISC10
ORD03546,CUST03329,2026-07-09,313000,NONE
ORD03547,CUST07289,2026-08-07,558000,DISCC20
ORD03548,CUST04833,2026-08-21,965000,DISC10
ORD03549,CUST07282,2026-03-03,935000,NONE
ORD03550,CUST04310,2026-09-10,113000,DISCC20
ORD03551,CUST01909,2026-05-23,387000,DISC10
ORD03552,CUST01219,2026-04-24,359000,DISCC20
ORD03553,CUST05495,2026-09-17,307000,NONE
ORD03554,CUST01214,2026-09-20,748000,NONE
ORD03555,CUST00629,2026-06-11,468000,DISC10
ORD03556,CUST05203,2026-09-24,219000,NONE
ORD03557,CUST00131,2026-01-19,276000,DISCC20
ORD03558,CUST03608,2026-07-12,714000,DISCC20
ORD03559,CUST07703,2026-05-16,180000,NONE
ORD03560,CUST08139,2026-04-06,314000,DISCC20
ORD03561,CUST01454,2026-04-12,998000,NONE
ORD03562,CUST00053,2026-04-20,469000,DISC10
ORD03563,CUST09138,2026-09-09,650000,DISCC20
ORD03564,CUST00636,2026-04-02,453000,NONE
ORD03565,CUST06231,2026-05-15,671000,NONE
ORD03566,CUST05714,2026-05-01,520000,NONE
ORD03567,CUST04917,2026-04-03,885000,DISCC20
ORD03568,CUST07948,2026-05-30,526000,NONE
ORD03569,CUST09796,2026-07-20,390000,NONE
ORD03570,CUST04841,2026-09-04,123000,DISCC20
ORD03571,CUST04707,2026-02-27,454000,NONE
ORD03572,CUST04054,2026-06-16,703000,NONE
ORD03573,CUST02887,2026-03-01,500000,DISC 50
ORD03574,CUST05695,2026-02-28,738000,NONE
ORD03575,CUST07926,2026-03-07,885000,NONE
ORD03576,CUST03848,2026-07-30,54000,DISC 50
ORD03577,CUST08315,2026-05-18,245000,NONE
ORD03578,CUST09213,2026-02-01,815000,DISC 50
ORD03579,CUST05204,2026-05-14,446000,NONE
ORD03580,CUST06967,2026-08-15,433000,DISC 50
ORD03581,CUST04397,2026-01-28,522000,NONE
ORD03582,CUST05568,2026-04-23,676000,DISC10
ORD03583,CUST07335,2026-06-07,444000,DISCC20
ORD03584,CUST08783,2026-03-27,236000,NONE
ORD03585,CUST05402,2026-02-26,157000,NONE
ORD03586,CUST00346,2026-01-11,846000,NONE
ORD03587,CUST05461,2026-02-16,959000,DISC 50
ORD03588,CUST00807,2026-02-02,556000,DISCC20
ORD03589,CUST08774,2026-07-05,228000,DISCC20
ORD03590,CUST03758,2026-07-22,322000,DISCC20
ORD03591,CUST05432,2026-07-11,448000,DISCC20
ORD03592,CUST00224,2026-05-08,61000,DISC10
ORD03593,CUST01680,2026-09-27,538000,NONE
ORD03594,CUST00693,2026-09-06,185000,DISC 50
ORD03595,CUST00398,2026-06-04,260000,NONE
ORD03596,CUST00554,2026-05-07,303000,NONE
ORD03597,CUST06191,2026-03-05,696000,NONE
ORD03598,CUST04424,2026-03-09,907000,DISC10
ORD03599,CUST01211,2026-02-09,541000,NONE
ORD03600,CUST00331,2026-08-01,40000,NONE
ORD03601,CUST01566,2026-03-19,778000,NONE
ORD03602,CUST03184,2026-07-20,876000,NONE
ORD03603,CUST05304,2026-06-09,460000,NONE
ORD03604,CUST04951,2026-01-12,305000,NONE
ORD03605,CUST01634,2026-04-14,295000,NONE
ORD03606,CUST06170,2026-08-30,323000,NONE
ORD03607,CUST03642,2026-02-17,441000,NONE
ORD03608,CUST07920,2026-05-23,316000,NONE
ORD03609,CUST08301,2026-10-01,275000,NONE
ORD03610,CUST08144,2026-01-09,770000,NONE
ORD03611,CUST08956,2026-07-10,756000,DISC10
ORD03612,CUST03672,2026-08-20,616000,DISC10
ORD03613,CUST03803,2026-07-23,482000,DISC 50
ORD03614,CUST09227,2026-09-02,136000,NONE
ORD03615,CUST05447,2026-06-09,172000,NONE
ORD03616,CUST01563,2026-02-12,599000,DISCC20
ORD03617,CUST08026,2026-04-17,632000,DISCC20
ORD03618,CUST02316,2026-02-12,437000,NONE
ORD03619,CUST08576,2026-08-31,765000,NONE
ORD03620,CUST00966,2026-04-30,810000,NONE
ORD03621,CUST06748,2026-05-10,343000,NONE
ORD03622,CUST02468,2026-06-22,62000,DISC 50
ORD03623,CUST00092,2026-07-28,299000,NONE
ORD03624,CUST09215,2026-04-18,838000,NONE
ORD03625,CUST05129,2026-09-13,692000,DISCC20
ORD03626,CUST07560,2026-06-14,750000,NONE
ORD03627,CUST09090,2026-09-21,904000,NONE
ORD03628,CUST01722,2026-02-11,460000,NONE
ORD03629,CUST06156,2026-02-09,155000,DISC10
ORD03630,CUST08519,2026-03-24,791000,DISC10
ORD03631,CUST03234,2026-03-27,473000,DISC10
ORD03632,CUST06950,2026-01-20,532000,DISCC20
ORD03633,CUST07983,2026-09-26,168000,NONE
ORD03634,CUST06544,2026-08-03,34000,DISC 50
ORD03635,CUST07135,2026-03-02,326000,NONE
ORD03636,CUST08561,2026-05-19,355000,NONE
ORD03637,CUST09238,2026-07-10,690000,DISCC20
ORD03638,CUST04755,2026-03-14,560000,NONE
ORD03639,CUST06083,2026-04-15,556000,NONE
ORD03640,CUST07736,2026-05-09,498000,DISCC20
ORD03641,CUST02218,2026-06-19,193000,NONE
ORD03642,CUST00161,2026-08-31,350000,NONE
ORD03643,CUST02464,2026-04-02,506000,DISC10
ORD03644,CUST05110,2026-01-03,743000,DISCC20
ORD03645,CUST01538,2026-04-13,575000,NONE
ORD03646,CUST01552,2026-06-19,87000,NONE
ORD03647,CUST09740,2026-08-28,185000,DISC10
ORD03648,CUST09162,2026-06-29,929000,DISCC20
ORD03649,CUST00232,2026-06-26,975000,DISCC20
ORD03650,CUST04657,2026-05-21,865000,NONE
ORD03651,CUST06018,2026-06-06,664000,NONE
ORD03652,CUST09194,2026-05-11,579000,NONE
ORD03653,CUST01270,2026-04-14,631000,DISCC20
ORD03654,CUST03547,2026-02-22,311000,DISCC20
ORD03655,CUST09236,2026-05-15,129000,DISCC20
ORD03656,CUST09623,2026-09-25,685000,NONE
ORD03657,CUST09432,2026-06-19,815000,NONE
ORD03658,CUST07757,2026-05-22,239000,DISCC20
ORD03659,CUST03799,2026-01-02,246000,DISC10
ORD03660,CUST02349,2026-03-17,193000,NONE
ORD03661,CUST05298,2026-01-01,104000,DISC10
ORD03662,CUST08384,2026-03-12,851000,NONE
ORD03663,CUST07729,2026-08-06,359000,DISC 50
ORD03664,CUST01922,2026-09-14,271000,NONE
ORD03665,CUST06182,2026-07-21,817000,NONE
ORD03666,CUST05817,2026-08-31,344000,NONE
ORD03667,CUST08695,2026-06-12,105000,NONE
ORD03668,CUST02722,2026-04-20,993000,NONE
ORD03669,CUST02342,2026-05-23,885000,NONE
ORD03670,CUST08030,2026-08-15,736000,DISC 50
ORD03671,CUST09141,2026-03-03,946000,NONE
ORD03672,CUST02917,2026-06-28,50000,DISC 50
ORD03673,CUST05669,2026-08-27,770000,NONE
ORD03674,CUST09172,2026-04-20,922000,DISCC20
ORD03675,CUST06131,2026-07-15,208000,NONE
ORD03676,CUST03209,2026-01-06,477000,DISC 50
ORD03677,CUST03194,2026-09-27,30000,NONE
ORD03678,CUST05382,2026-06-08,121000,DISC 50
ORD03679,CUST08238,2026-05-10,968000,DISC10
ORD03680,CUST00550,2026-05-20,687000,DISC 50
ORD03681,CUST06526,2026-09-03,69000,NONE
ORD03682,CUST04493,2026-05-10,665000,DISC10
ORD03683,CUST07714,2026-01-16,647000,NONE
ORD03684,CUST08034,2026-08-21,202000,NONE
ORD03685,CUST00626,2026-02-23,403000,DISC10
ORD03686,CUST02899,2026-03-20,916000,DISCC20
ORD03687,CUST06875,2026-02-12,879000,DISC10
ORD03688,CUST07265,2026-01-29,677000,NONE
ORD03689,CUST05149,2026-02-01,124000,NONE
ORD03690,CUST03182,2026-05-23,695000,NONE
ORD03691,CUST05451,2026-01-09,882000,NONE
ORD03692,CUST02773,2026-06-12,952000,NONE
ORD03693,CUST08460,2026-07-07,39000,NONE
ORD03694,CUST06822,2026-07-26,882000,NONE
ORD03695,CUST01065,2026-02-01,222000,NONE
ORD03696,CUST04369,2026-03-17,110000,DISCC20
ORD03697,CUST00730,2026-08-16,307000,NONE
ORD03698,CUST08282,2026-04-12,444000,DISCC20
ORD03699,CUST05099,2026-01-02,305000,NONE
ORD03700,CUST01929,2026-06-29,374000,NONE
ORD03701,CUST09277,2026-02-14,977000,NONE
ORD03702,CUST01905,2026-02-15,965000,DISC10
ORD03703,CUST01416,2026-04-04,215000,DISC 50
ORD03704,CUST02775,2026-01-11,832000,DISC10
ORD03705,CUST06137,2026-04-22,496000,DISC10
ORD03706,CUST05043,2026-05-07,882000,NONE
ORD03707,CUST02175,2026-04-08,342000,DISC10
ORD03708,CUST04704,2026-07-14,207000,DISC 50
ORD03709,CUST09258,2026-03-13,348000,NONE
ORD03710,CUST03085,2026-04-26,304000,DISCC20
ORD03711,CUST04833,2026-04-01,290000,NONE
ORD03712,CUST04335,2026-08-14,119000,NONE
ORD03713,CUST09482,2026-07-01,397000,DISC 50
ORD03714,CUST07368,2026-09-25,874000,NONE
ORD03715,CUST00602,2026-03-29,997000,NONE
ORD03716,CUST02552,2026-07-17,575000,NONE
ORD03717,CUST07109,2026-04-18,380000,NONE
ORD03718,CUST03399,2026-05-28,375000,NONE
ORD03719,CUST09038,2026-09-15,874000,NONE
ORD03720,CUST01487,2026-05-18,550000,DISCC20
ORD03721,CUST03576,2026-05-13,503000,DISC 50
ORD03722,CUST01890,2026-01-17,554000,NONE
ORD03723,CUST07786,2026-04-06,168000,NONE
ORD03724,CUST06100,2026-06-15,602000,NONE
ORD03725,CUST05282,2026-01-18,743000,DISC10
ORD03726,CUST00130,2026-07-03,187000,NONE
ORD03727,CUST05484,2026-09-01,369000,NONE
ORD03728,CUST03066,2026-02-21,960000,DISC 50
ORD03729,CUST02667,2026-06-06,503000,NONE
ORD03730,CUST00357,2026-04-06,474000,NONE
ORD03731,CUST09726,2026-08-22,614000,NONE
ORD03732,CUST06543,2026-08-11,509000,DISCC20
ORD03733,CUST06115,2026-05-10,640000,DISC 50
ORD03734,CUST06573,2026-09-05,332000,DISC10
ORD03735,CUST08307,2026-04-30,135000,NONE
ORD03736,CUST04414,2026-08-07,616000,NONE
ORD03737,CUST02688,2026-01-15,549000,DISCC20
ORD03738,CUST09779,2026-06-03,739000,NONE
ORD03739,CUST09306,2026-04-12,794000,DISCC20
ORD03740,CUST05459,2026-03-08,832000,DISC10
ORD03741,CUST05068,2026-02-16,836000,DISCC20
ORD03742,CUST07516,2026-06-27,430000,DISCC20
ORD03743,CUST00014,2026-08-24,699000,DISCC20
ORD03744,CUST02820,2026-04-13,333000,DISC 50
ORD03745,CUST03025,2026-02-11,266000,DISCC20
ORD03746,CUST01478,2026-08-12,766000,DISCC20
ORD03747,CUST09099,2026-03-20,890000,DISC 50
ORD03748,CUST07821,2026-01-03,188000,DISC 50
ORD03749,CUST07714,2026-02-21,588000,NONE
ORD03750,CUST03482,2026-07-21,959000,NONE
ORD03751,CUST07594,2026-07-12,748000,DISCC20
ORD03752,CUST06351,2026-02-19,156000,DISC 50
ORD03753,CUST06552,2026-03-10,816000,DISC 50
ORD03754,CUST06957,2026-05-25,636000,NONE
ORD03755,CUST01175,2026-10-01,380000,NONE
ORD03756,CUST03633,2026-01-14,931000,NONE
ORD03757,CUST03853,2026-04-02,402000,DISC 50
ORD03758,CUST08216,2026-06-24,867000,DISC10
ORD03759,CUST01266,2026-07-23,686000,DISCC20
ORD03760,CUST08192,2026-03-12,217000,DISC10
ORD03761,CUST04947,2026-04-19,470000,DISC10
ORD03762,CUST06293,2026-06-23,694000,DISCC20
ORD03763,CUST02470,2026-08-06,316000,DISC 50
ORD03764,CUST07876,2026-07-18,60000,DISC 50
ORD03765,CUST02942,2026-08-04,192000,NONE
ORD03766,CUST01744,2026-09-22,501000,DISC10
ORD03767,CUST01662,2026-06-27,696000,NONE
ORD03768,CUST02636,2026-01-07,351000,DISCC20
ORD03769,CUST06292,2026-09-17,727000,NONE
ORD03770,CUST07965,2026-01-06,694000,NONE
ORD03771,CUST06922,2026-07-25,814000,DISC10
ORD03772,CUST06963,2026-06-05,289000,NONE
ORD03773,CUST09890,2026-03-01,851000,NONE
ORD03774,CUST06109,2026-09-15,824000,NONE
ORD03775,CUST08766,2026-06-21,398000,DISC10
ORD03776,CUST06948,2026-04-02,569000,NONE
ORD03777,CUST02464,2026-02-10,32000,DISC 50
ORD03778,CUST03238,2026-05-13,552000,NONE
ORD03779,CUST07126,2026-08-21,74000,NONE
ORD03780,CUST00653,2026-05-25,149000,NONE
ORD03781,CUST06015,2026-08-24,76000,NONE
ORD03782,CUST04135,2026-07-09,460000,DISC 50
ORD03783,CUST00386,2026-06-01,580000,DISC 50
ORD03784,CUST04805,2026-04-02,390000,NONE
ORD03785,CUST07320,2026-01-09,357000,DISC 50
ORD03786,CUST09762,2026-01-19,139000,DISC 50
ORD03787,CUST08705,2026-01-19,781000,NONE
ORD03788,CUST02872,2026-05-08,111000,NONE
ORD03789,CUST02066,2026-02-18,769000,DISCC20
ORD03790,CUST07064,2026-09-10,939000,DISC 50
ORD03791,CUST07505,2026-06-26,730000,NONE
ORD03792,CUST08578,2026-05-05,607000,NONE
ORD03793,CUST01254,2026-01-21,359000,DISC 50
ORD03794,CUST02405,2026-01-20,648000,NONE
ORD03795,CUST06258,2026-02-21,549000,NONE
ORD03796,CUST05535,2026-02-10,974000,NONE
ORD03797,CUST06923,2026-06-04,435000,DISC10
ORD03798,CUST04209,2026-04-05,763000,NONE
ORD03799,CUST07102,2026-02-10,144000,DISCC20
ORD03800,CUST04968,2026-05-14,655000,NONE
ORD03801,CUST00801,2026-05-05,408000,NONE
ORD03802,CUST03526,2026-08-31,803000,NONE
ORD03803,CUST03043,2026-05-21,308000,NONE
ORD03804,CUST09907,2026-01-24,433000,DISCC20
ORD03805,CUST04468,2026-05-26,30000,NONE
ORD03806,CUST00307,2026-04-17,825000,NONE
ORD03807,CUST04502,2026-03-08,298000,NONE
ORD03808,CUST01592,2026-06-12,251000,DISCC20
ORD03809,CUST05319,2026-01-10,251000,DISC10
ORD03810,CUST09984,2026-05-28,871000,NONE
ORD03811,CUST09753,2026-08-04,361000,NONE
ORD03812,CUST07793,2026-07-19,977000,NONE
ORD03813,CUST05619,2026-01-07,373000,DISC 50
ORD03814,CUST07281,2026-06-27,180000,NONE
ORD03815,CUST03452,2026-09-13,570000,NONE
ORD03816,CUST06391,2026-03-29,286000,NONE
ORD03817,CUST09361,2026-01-17,105000,NONE
ORD03818,CUST09197,2026-09-07,378000,DISC10
ORD03819,CUST08677,2026-04-17,403000,DISC 50
ORD03820,CUST05167,2026-05-30,487000,NONE
ORD03821,CUST00485,2026-08-28,184000,NONE
ORD03822,CUST05762,2026-03-27,603000,NONE
ORD03823,CUST00384,2026-08-01,794000,DISC 50
ORD03824,CUST03846,2026-09-09,409000,NONE
ORD03825,CUST06201,2026-03-09,646000,DISC10
ORD03826,CUST06484,2026-02-19,248000,DISCC20
ORD03827,CUST09352,2026-02-26,321000,DISCC20
ORD03828,CUST06572,2026-03-23,588000,NONE
ORD03829,CUST03568,2026-06-30,453000,NONE
ORD03830,CUST05234,2026-05-23,813000,DISC 50
ORD03831,CUST05207,2026-02-24,539000,NONE
ORD03832,CUST06426,2026-09-30,255000,NONE
ORD03833,CUST07601,2026-09-11,318000,NONE
ORD03834,CUST02911,2026-03-22,434000,DISC 50
ORD03835,CUST08728,2026-01-02,874000,DISC 50
ORD03836,CUST02823,2026-08-26,724000,DISC10
ORD03837,CUST09506,2026-07-16,693000,NONE
ORD03838,CUST06723,2026-08-03,218000,NONE
ORD03839,CUST03674,2026-01-15,166000,NONE
ORD03840,CUST01320,2026-09-15,638000,NONE
ORD03841,CUST00375,2026-07-29,357000,NONE
ORD03842,CUST02728,2026-05-08,607000,NONE
ORD03843,CUST01491,2026-08-30,999000,DISC 50
ORD03844,CUST09853,2026-01-12,929000,NONE
ORD03845,CUST09045,2026-07-19,548000,DISCC20
ORD03846,CUST07501,2026-03-24,402000,NONE
ORD03847,CUST02871,2026-05-03,508000,NONE
ORD03848,CUST05288,2026-04-13,160000,DISC 50
ORD03849,CUST00507,2026-02-03,236000,NONE
ORD03850,CUST07524,2026-08-25,275000,NONE
ORD03851,CUST03964,2026-08-16,840000,DISCC20
ORD03852,CUST08196,2026-08-25,681000,DISC10
ORD03853,CUST02610,2026-06-19,275000,NONE
ORD03854,CUST00113,2026-02-05,791000,DISC10
ORD03855,CUST08516,2026-07-28,506000,NONE
ORD03856,CUST06834,2026-02-06,291000,NONE
ORD03857,CUST09945,2026-03-03,687000,NONE
ORD03858,CUST07185,2026-01-13,517000,NONE
ORD03859,CUST04800,2026-01-31,856000,NONE
ORD03860,CUST05954,2026-01-21,434000,NONE
ORD03861,CUST07210,2026-09-19,463000,DISC10
ORD03862,CUST02392,2026-02-23,892000,DISC 50
ORD03863,CUST02769,2026-02-27,400000,NONE
ORD03864,CUST02326,2026-06-23,959000,DISCC20
ORD03865,CUST03443,2026-09-05,295000,DISC10
ORD03866,CUST01214,2026-06-18,494000,NONE
ORD03867,CUST04010,2026-09-09,800000,DISC 50
ORD03868,CUST04839,2026-06-25,730000,NONE
ORD03869,CUST07379,2026-06-19,741000,DISC 50
ORD03870,CUST09740,2026-05-21,61000,DISCC20
ORD03871,CUST08549,2026-03-17,320000,DISC10
ORD03872,CUST06077,2026-04-24,602000,DISC 50
ORD03873,CUST05025,2026-05-30,992000,NONE
ORD03874,CUST09301,2026-03-23,674000,DISC 50
ORD03875,CUST07207,2026-09-01,714000,DISC 50
ORD03876,CUST02107,2026-03-21,175000,NONE
ORD03877,CUST06296,2026-05-30,288000,NONE
ORD03878,CUST00459,2026-04-27,896000,DISCC20
ORD03879,CUST02431,2026-06-05,623000,DISC10
ORD03880,CUST05967,2026-05-13,763000,NONE
ORD03881,CUST06650,2026-09-22,513000,NONE
ORD03882,CUST05640,2026-03-29,684000,DISCC20
ORD03883,CUST05150,2026-09-14,560000,DISC 50
ORD03884,CUST07951,2026-07-13,688000,DISCC20
ORD03885,CUST07898,2026-09-26,204000,NONE
ORD03886,CUST00234,2026-07-14,709000,DISC10
ORD03887,CUST03684,2026-06-25,341000,DISCC20
ORD03888,CUST02460,2026-04-25,309000,NONE
ORD03889,CUST03227,2026-03-03,390000,NONE
ORD03890,CUST09330,2026-08-24,959000,NONE
ORD03891,CUST08588,2026-01-07,944000,DISCC20
ORD03892,CUST05957,2026-04-14,705000,DISC10
ORD03893,CUST01620,2026-07-24,999000,DISC 50
ORD03894,CUST01101,2026-09-17,302000,NONE
ORD03895,CUST08811,2026-10-01,918000,DISC10
ORD03896,CUST07318,2026-01-29,605000,NONE
ORD03897,CUST04010,2026-05-07,287000,NONE
ORD03898,CUST04016,2026-04-04,258000,NONE
ORD03899,CUST02908,2026-08-22,66000,NONE
ORD03900,CUST09044,2026-05-17,309000,DISC10
ORD03901,CUST01044,2026-04-08,952000,DISCC20
ORD03902,CUST04961,2026-09-25,87000,DISCC20
ORD03903,CUST03997,2026-04-27,624000,NONE
ORD03904,CUST07607,2026-09-02,125000,NONE
ORD03905,CUST05225,2026-01-27,833000,NONE
ORD03906,CUST03219,2026-02-07,514000,DISC10
ORD03907,CUST01367,2026-08-15,512000,DISCC20
ORD03908,CUST08887,2026-02-21,628000,DISCC20
ORD03909,CUST04915,2026-09-07,607000,DISC10
ORD03910,CUST01828,2026-08-09,762000,NONE
ORD03911,CUST09650,2026-04-10,850000,NONE
ORD03912,CUST00009,2026-08-22,282000,NONE
ORD03913,CUST08071,2026-05-19,671000,DISCC20
ORD03914,CUST08312,2026-06-18,519000,NONE
ORD03915,CUST04910,2026-05-26,295000,NONE
ORD03916,CUST05590,2026-05-08,306000,NONE
ORD03917,CUST05060,2026-09-15,665000,NONE
ORD03918,CUST02985,2026-02-27,524000,DISC10
ORD03919,CUST08349,2026-06-13,506000,NONE
ORD03920,CUST02930,2026-03-25,92000,NONE
ORD03921,CUST01550,2026-06-05,972000,NONE
ORD03922,CUST08825,2026-06-25,867000,DISCC20
ORD03923,CUST01782,2026-04-10,806000,DISCC20
ORD03924,CUST05034,2026-04-20,538000,DISC 50
ORD03925,CUST08691,2026-06-13,508000,DISC10
ORD03926,CUST09987,2026-06-03,240000,NONE
ORD03927,CUST05305,2026-03-21,185000,DISCC20
ORD03928,CUST02815,2026-07-22,897000,DISCC20
ORD03929,CUST05336,2026-03-22,553000,NONE
ORD03930,CUST04414,2026-08-02,259000,DISC 50
ORD03931,CUST04975,2026-08-30,404000,DISCC20
ORD03932,CUST05468,2026-06-06,769000,DISC 50
ORD03933,CUST07369,2026-06-11,340000,NONE
ORD03934,CUST06835,2026-07-21,30000,NONE
ORD03935,CUST06698,2026-01-29,387000,NONE
ORD03936,CUST07486,2026-03-13,810000,DISC 50
ORD03937,CUST03314,2026-01-10,238000,NONE
ORD03938,CUST04830,2026-05-12,877000,DISC 50
ORD03939,CUST05274,2026-01-13,462000,NONE
ORD03940,CUST09144,2026-06-16,598000,NONE
ORD03941,CUST03523,2026-04-13,657000,NONE
ORD03942,CUST04489,2026-08-14,134000,DISC10
ORD03943,CUST02629,2026-05-05,358000,NONE
ORD03944,CUST09715,2026-09-03,506000,DISC10
ORD03945,CUST07980,2026-07-19,280000,DISC 50
ORD03946,CUST00972,2026-07-12,128000,DISC10
ORD03947,CUST04523,2026-06-25,575000,DISC 50
ORD03948,CUST04657,2026-08-13,138000,NONE
ORD03949,CUST01213,2026-03-10,357000,NONE
ORD03950,CUST02487,2026-07-31,919000,DISCC20
ORD03951,CUST09406,2026-06-03,229000,NONE
ORD03952,CUST07181,2026-02-15,276000,DISC 50
ORD03953,CUST09121,2026-05-14,568000,DISC 50
ORD03954,CUST02302,2026-01-12,815000,DISC10
ORD03955,CUST05919,2026-06-10,951000,NONE
ORD03956,CUST03017,2026-04-20,353000,NONE
ORD03957,CUST07550,2026-04-27,395000,DISC 50
ORD03958,CUST04244,2026-04-12,286000,NONE
ORD03959,CUST02299,2026-01-12,147000,NONE
ORD03960,CUST07002,2026-07-30,430000,NONE
ORD03961,CUST08658,2026-01-25,86000,NONE
ORD03962,CUST00266,2026-07-11,604000,NONE
ORD03963,CUST08262,2026-01-17,919000,DISC 50
ORD03964,CUST04631,2026-09-09,613000,DISC 50
ORD03965,CUST01238,2026-02-04,603000,DISC10
ORD03966,CUST08713,2026-02-27,187000,NONE
ORD03967,CUST09404,2026-02-14,969000,NONE
ORD03968,CUST01198,2026-04-08,810000,NONE
ORD03969,CUST04537,2026-08-09,501000,NONE
ORD03970,CUST05414,2026-03-19,99000,DISCC20
ORD03971,CUST07440,2026-06-23,565000,NONE
ORD03972,CUST00352,2026-08-10,436000,NONE
ORD03973,CUST00105,2026-05-31,663000,NONE
ORD03974,CUST00140,2026-01-10,255000,DISC 50
ORD03975,CUST02466,2026-08-07,290000,DISCC20
ORD03976,CUST08723,2026-06-17,493000,NONE
ORD03977,CUST09412,2026-04-13,972000,DISC 50
ORD03978,CUST03095,2026-03-20,816000,DISCC20
ORD03979,CUST05055,2026-04-16,210000,DISC10
ORD03980,CUST08740,2026-01-14,641000,DISC10
ORD03981,CUST08849,2026-03-07,381000,DISC10
ORD03982,CUST05167,2026-06-17,975000,DISCC20
ORD03983,CUST03305,2026-04-17,335000,DISCC20
ORD03984,CUST04442,2026-08-06,263000,DISCC20
ORD03985,CUST00448,2026-07-01,165000,NONE
ORD03986,CUST06146,2026-03-05,51000,NONE
ORD03987,CUST06233,2026-04-17,75000,NONE
ORD03988,CUST06541,2026-08-13,228000,DISCC20
ORD03989,CUST09671,2026-07-14,859000,DISC10
ORD03990,CUST02869,2026-02-17,543000,NONE
ORD03991,CUST01994,2026-09-22,191000,DISCC20
ORD03992,CUST08014,2026-03-03,783000,NONE
ORD03993,CUST05192,2026-07-03,450000,DISCC20
ORD03994,CUST01488,2026-04-18,843000,NONE
ORD03995,CUST07832,2026-07-04,286000,NONE
ORD03996,CUST07487,2026-02-27,41000,DISC10
ORD03997,CUST06882,2026-07-14,434000,DISC10
ORD03998,CUST05905,2026-07-01,993000,DISC 50
ORD03999,CUST07114,2026-02-03,993000,NONE
ORD04000,CUST03758,2026-06-03,743000,DISC10
ORD04001,CUST07723,2026-07-19,41000,DISC 50
ORD04002,CUST00744,2026-06-15,169000,DISCC20
ORD04003,CUST09251,2026-04-01,34000,DISCC20
ORD04004,CUST02552,2026-09-23,168000,NONE
ORD04005,CUST00639,2026-08-29,87000,NONE
ORD04006,CUST04802,2026-04-18,405000,NONE
ORD04007,CUST02581,2026-08-01,454000,DISCC20
ORD04008,CUST08497,2026-03-31,180000,NONE
ORD04009,CUST05982,2026-04-03,925000,DISC10
ORD04010,CUST00492,2026-03-25,534000,DISCC20
ORD04011,CUST06614,2026-06-06,665000,DISC 50
ORD04012,CUST05261,2026-05-16,54000,DISC10
ORD04013,CUST00467,2026-06-19,935000,NONE
ORD04014,CUST02365,2026-01-18,960000,NONE
ORD04015,CUST08839,2026-01-24,411000,NONE
ORD04016,CUST02782,2026-09-26,186000,DISC10
ORD04017,CUST05713,2026-01-08,943000,DISCC20
ORD04018,CUST06880,2026-02-17,92000,DISC10
ORD04019,CUST07610,2026-09-01,450000,NONE
ORD04020,CUST02203,2026-08-14,902000,NONE
ORD04021,CUST05103,2026-01-01,512000,NONE
ORD04022,CUST02101,2026-05-12,355000,NONE
ORD04023,CUST01580,2026-07-07,514000,NONE
ORD04024,CUST02062,2026-04-11,249000,NONE
ORD04025,CUST02337,2026-03-08,255000,NONE
ORD04026,CUST01554,2026-02-12,759000,NONE
ORD04027,CUST01725,2026-05-25,280000,DISCC20
ORD04028,CUST03025,2026-05-09,772000,NONE
ORD04029,CUST05385,2026-06-04,752000,NONE
ORD04030,CUST08469,2026-09-24,616000,DISC 50
ORD04031,CUST05374,2026-03-09,457000,DISC 50
ORD04032,CUST09493,2026-03-16,779000,DISC10
ORD04033,CUST00787,2026-07-17,838000,DISCC20
ORD04034,CUST00235,2026-04-04,171000,NONE
ORD04035,CUST03897,2026-01-18,190000,NONE
ORD04036,CUST00192,2026-06-15,610000,NONE
ORD04037,CUST05635,2026-09-05,217000,NONE
ORD04038,CUST07408,2026-07-27,244000,NONE
ORD04039,CUST08944,2026-05-15,475000,DISC10
ORD04040,CUST08430,2026-05-24,971000,DISC 50
ORD04041,CUST03053,2026-06-22,286000,DISC 50
ORD04042,CUST08994,2026-09-07,492000,NONE
ORD04043,CUST05610,2026-02-19,806000,NONE
ORD04044,CUST01035,2026-05-15,825000,DISC 50
ORD04045,CUST00417,2026-08-07,581000,DISCC20
ORD04046,CUST03722,2026-02-18,493000,DISC10
ORD04047,CUST09019,2026-03-03,754000,DISC 50
ORD04048,CUST05696,2026-03-06,339000,NONE
ORD04049,CUST09066,2026-08-12,987000,DISC10
ORD04050,CUST02992,2026-09-16,432000,NONE
ORD04051,CUST02322,2026-04-10,885000,NONE
ORD04052,CUST00274,2026-04-24,228000,NONE
ORD04053,CUST08612,2026-07-01,640000,DISCC20
ORD04054,CUST08603,2026-09-29,73000,NONE
ORD04055,CUST08839,2026-07-05,260000,NONE
ORD04056,CUST02733,2026-09-29,408000,DISCC20
ORD04057,CUST02714,2026-02-21,675000,NONE
ORD04058,CUST02492,2026-04-26,578000,NONE
ORD04059,CUST03313,2026-08-06,310000,DISC10
ORD04060,CUST04858,2026-07-25,424000,NONE
ORD04061,CUST07808,2026-08-04,504000,DISC 50
ORD04062,CUST04916,2026-03-11,25000,DISC10
ORD04063,CUST09106,2026-05-09,709000,DISC 50
ORD04064,CUST09732,2026-04-17,93000,DISC10
ORD04065,CUST02299,2026-07-30,172000,NONE
ORD04066,CUST03973,2026-03-24,425000,DISCC20
ORD04067,CUST06407,2026-08-03,630000,DISCC20
ORD04068,CUST05742,2026-05-08,97000,DISCC20
ORD04069,CUST02301,2026-05-22,939000,NONE
ORD04070,CUST09600,2026-03-05,992000,NONE
ORD04071,CUST03373,2026-03-19,479000,DISCC20
ORD04072,CUST05366,2026-05-22,36000,NONE
ORD04073,CUST08530,2026-03-02,343000,NONE
ORD04074,CUST09805,2026-02-22,507000,DISCC20
ORD04075,CUST04896,2026-08-13,866000,DISC10
ORD04076,CUST02518,2026-08-21,97000,NONE
ORD04077,CUST04459,2026-06-24,997000,DISC10
ORD04078,CUST04186,2026-07-15,140000,NONE
ORD04079,CUST06979,2026-08-27,624000,DISCC20
ORD04080,CUST04770,2026-09-07,255000,NONE
ORD04081,CUST01452,2026-02-22,774000,NONE
ORD04082,CUST03954,2026-07-05,915000,NONE
ORD04083,CUST07086,2026-09-11,456000,DISC10
ORD04084,CUST04591,2026-02-23,887000,NONE
ORD04085,CUST04124,2026-05-22,680000,NONE
ORD04086,CUST06876,2026-06-18,707000,DISC 50
ORD04087,CUST01362,2026-07-02,38000,DISC10
ORD04088,CUST03978,2026-09-06,624000,NONE
ORD04089,CUST09685,2026-04-24,469000,NONE
ORD04090,CUST01704,2026-05-17,824000,NONE
ORD04091,CUST09187,2026-09-07,646000,NONE
ORD04092,CUST09939,2026-07-12,556000,NONE
ORD04093,CUST00690,2026-07-15,641000,DISC10
ORD04094,CUST09432,2026-02-20,122000,DISC10
ORD04095,CUST05910,2026-05-03,619000,NONE
ORD04096,CUST06452,2026-08-04,760000,NONE
ORD04097,CUST05691,2026-01-21,687000,NONE
ORD04098,CUST09394,2026-08-24,909000,NONE
ORD04099,CUST06533,2026-01-20,857000,NONE
ORD04100,CUST00421,2026-08-10,246000,NONE
ORD04101,CUST00396,2026-04-03,670000,DISC 50
ORD04102,CUST04789,2026-02-20,967000,NONE
ORD04103,CUST07482,2026-01-15,894000,DISC 50
ORD04104,CUST05637,2026-07-03,385000,DISCC20
ORD04105,CUST07308,2026-05-22,827000,DISC10
ORD04106,CUST07508,2026-06-16,740000,NONE
ORD04107,CUST02632,2026-05-15,239000,NONE
ORD04108,CUST06576,2026-06-14,796000,DISC 50
ORD04109,CUST08190,2026-03-30,902000,DISC10
ORD04110,CUST05764,2026-06-20,656000,NONE
ORD04111,CUST05187,2026-04-27,873000,DISC 50
ORD04112,CUST01482,2026-02-21,679000,NONE
ORD04113,CUST08147,2026-06-10,679000,DISCC20
ORD04114,CUST03313,2026-07-15,296000,NONE
ORD04115,CUST05745,2026-09-06,370000,NONE
ORD04116,CUST02609,2026-07-05,197000,DISC 50
ORD04117,CUST01827,2026-01-09,219000,NONE
ORD04118,CUST08293,2026-06-08,742000,NONE
ORD04119,CUST09174,2026-06-01,576000,DISCC20
ORD04120,CUST01245,2026-07-23,228000,DISC10
ORD04121,CUST09798,2026-02-16,961000,NONE
ORD04122,CUST04316,2026-07-27,174000,NONE
ORD04123,CUST08730,2026-06-24,387000,NONE
ORD04124,CUST06312,2026-03-10,131000,NONE
ORD04125,CUST09341,2026-05-31,109000,DISC 50
ORD04126,CUST07251,2026-04-26,870000,DISC10
ORD04127,CUST08979,2026-05-06,183000,NONE
ORD04128,CUST00432,2026-05-21,531000,DISCC20
ORD04129,CUST04020,2026-04-23,921000,DISCC20
ORD04130,CUST03539,2026-08-14,173000,DISC10
ORD04131,CUST03993,2026-06-01,46000,NONE
ORD04132,CUST07192,2026-09-05,449000,NONE
ORD04133,CUST06756,2026-04-09,215000,NONE
ORD04134,CUST09429,2026-07-24,934000,NONE
ORD04135,CUST05964,2026-05-14,847000,DISC 50
ORD04136,CUST06066,2026-08-09,398000,DISCC20
ORD04137,CUST08854,2026-06-13,390000,DISC10
ORD04138,CUST05271,2026-03-10,905000,NONE
ORD04139,CUST08820,2026-05-07,617000,DISCC20
ORD04140,CUST08315,2026-02-19,750000,NONE
ORD04141,CUST01718,2026-06-10,851000,NONE
ORD04142,CUST05708,2026-04-27,759000,NONE
ORD04143,CUST07624,2026-04-25,300000,NONE
ORD04144,CUST07541,2026-01-28,658000,NONE
ORD04145,CUST09684,2026-09-12,471000,DISC10
ORD04146,CUST00363,2026-03-29,598000,NONE
ORD04147,CUST05696,2026-01-30,513000,NONE
ORD04148,CUST01045,2026-03-17,723000,DISC 50
ORD04149,CUST04524,2026-02-03,608000,DISC 50
ORD04150,CUST09794,2026-01-15,527000,NONE
ORD04151,CUST06493,2026-03-10,245000,NONE
ORD04152,CUST05077,2026-08-20,576000,NONE
ORD04153,CUST05416,2026-06-05,263000,NONE
ORD04154,CUST06671,2026-09-18,172000,NONE
ORD04155,CUST00112,2026-06-11,649000,DISC10
ORD04156,CUST09625,2026-07-03,147000,DISC10
ORD04157,CUST08680,2026-02-02,448000,NONE
ORD04158,CUST03189,2026-03-24,279000,NONE
ORD04159,CUST02970,2026-04-02,55000,NONE
ORD04160,CUST01958,2026-09-11,364000,DISC10
ORD04161,CUST06612,2026-02-18,612000,NONE
ORD04162,CUST06678,2026-07-18,415000,NONE
ORD04163,CUST02270,2026-08-31,892000,DISC 50
ORD04164,CUST01571,2026-04-04,343000,DISC 50
ORD04165,CUST07052,2026-04-01,925000,DISC 50
ORD04166,CUST01487,2026-09-13,213000,DISC 50
ORD04167,CUST03287,2026-07-25,257000,DISC 50
ORD04168,CUST05566,2026-02-11,487000,DISC10
ORD04169,CUST04224,2026-09-26,45000,NONE
ORD04170,CUST09128,2026-02-01,85000,NONE
ORD04171,CUST01565,2026-07-11,197000,DISC10
ORD04172,CUST00207,2026-09-28,29000,DISC 50
ORD04173,CUST05018,2026-07-16,53000,NONE
ORD04174,CUST01137,2026-07-11,201000,DISCC20
ORD04175,CUST02979,2026-09-13,573000,DISCC20
ORD04176,CUST01589,2026-06-26,918000,NONE
ORD04177,CUST09826,2026-03-21,408000,NONE
ORD04178,CUST07221,2026-04-01,748000,DISCC20
ORD04179,CUST02439,2026-09-17,858000,NONE
ORD04180,CUST00636,2026-01-16,982000,NONE
ORD04181,CUST05107,2026-03-03,982000,DISC 50
ORD04182,CUST05719,2026-02-25,724000,DISCC20
ORD04183,CUST02743,2026-09-23,946000,DISC10
ORD04184,CUST03165,2026-09-12,642000,DISCC20
ORD04185,CUST07450,2026-06-22,975000,NONE
ORD04186,CUST07339,2026-07-19,991000,DISC10
ORD04187,CUST05544,2026-02-03,277000,DISC 50
ORD04188,CUST03924,2026-03-14,862000,NONE
ORD04189,CUST06624,2026-04-07,67000,DISC 50
ORD04190,CUST07872,2026-01-31,855000,NONE
ORD04191,CUST08518,2026-02-20,118000,NONE
ORD04192,CUST08640,2026-06-14,601000,NONE
ORD04193,CUST08548,2026-09-30,428000,NONE
ORD04194,CUST04630,2026-04-13,353000,DISCC20
ORD04195,CUST03245,2026-08-18,324000,NONE
ORD04196,CUST06624,2026-08-07,470000,NONE
ORD04197,CUST08036,2026-02-12,49000,NONE
ORD04198,CUST05268,2026-02-23,599000,NONE
ORD04199,CUST05012,2026-07-19,534000,DISC 50
ORD04200,CUST08644,2026-01-29,876000,DISC10
ORD04201,CUST01462,2026-04-07,339000,NONE
ORD04202,CUST05139,2026-03-30,781000,DISC10
ORD04203,CUST00459,2026-10-01,73000,DISC 50
ORD04204,CUST03085,2026-07-17,385000,NONE
ORD04205,CUST07108,2026-01-27,781000,NONE
ORD04206,CUST02922,2026-09-26,545000,DISC 50
ORD04207,CUST03515,2026-01-23,126000,NONE
ORD04208,CUST03631,2026-04-06,754000,DISC 50
ORD04209,CUST03336,2026-02-07,532000,DISCC20
ORD04210,CUST00742,2026-01-08,969000,NONE
ORD04211,CUST01906,2026-04-16,971000,DISC 50
ORD04212,CUST03939,2026-01-03,700000,DISC 50
ORD04213,CUST06389,2026-04-01,871000,DISCC20
ORD04214,CUST06586,2026-07-10,70000,DISCC20
ORD04215,CUST09810,2026-03-14,277000,NONE
ORD04216,CUST06928,2026-05-13,721000,NONE
ORD04217,CUST03357,2026-06-08,987000,NONE
ORD04218,CUST06705,2026-05-20,731000,DISC10
ORD04219,CUST06778,2026-08-01,411000,DISC 50
ORD04220,CUST07999,2026-04-08,284000,NONE
ORD04221,CUST06480,2026-01-06,67000,NONE
ORD04222,CUST02112,2026-08-18,703000,NONE
ORD04223,CUST01156,2026-04-25,677000,DISC10
ORD04224,CUST02604,2026-03-01,948000,NONE
ORD04225,CUST03005,2026-02-04,574000,DISC 50
ORD04226,CUST04203,2026-03-27,722000,NONE
ORD04227,CUST04667,2026-07-23,574000,DISC 50
ORD04228,CUST09341,2026-05-26,292000,DISC10
ORD04229,CUST06471,2026-03-03,867000,DISCC20
ORD04230,CUST09090,2026-02-14,891000,NONE
ORD04231,CUST02083,2026-04-13,555000,DISC10
ORD04232,CUST07845,2026-08-29,136000,DISC10
ORD04233,CUST00624,2026-04-28,878000,NONE
ORD04234,CUST01370,2026-04-05,805000,NONE
ORD04235,CUST03961,2026-02-04,471000,NONE
ORD04236,CUST07178,2026-07-09,781000,DISCC20
ORD04237,CUST09782,2026-08-15,812000,DISC10
ORD04238,CUST03097,2026-09-15,811000,DISCC20
ORD04239,CUST00717,2026-06-12,607000,DISC10
ORD04240,CUST05593,2026-03-20,905000,DISC 50
ORD04241,CUST05737,2026-03-31,498000,DISCC20
ORD04242,CUST06412,2026-01-29,414000,DISCC20
ORD04243,CUST08284,2026-05-30,90000,DISCC20
ORD04244,CUST03185,2026-04-05,368000,NONE
ORD04245,CUST00415,2026-08-13,917000,NONE
ORD04246,CUST04027,2026-02-05,641000,NONE
ORD04247,CUST09124,2026-05-28,189000,DISCC20
ORD04248,CUST00930,2026-06-12,139000,NONE
ORD04249,CUST06717,2026-02-03,555000,NONE
ORD04250,CUST02784,2026-01-09,766000,DISC 50
ORD04251,CUST00630,2026-07-09,171000,DISC10
ORD04252,CUST00097,2026-04-30,415000,DISC10
ORD04253,CUST06350,2026-01-30,812000,NONE
ORD04254,CUST03679,2026-03-03,805000,NONE
ORD04255,CUST09235,2026-01-19,583000,DISC10
ORD04256,CUST07806,2026-01-11,984000,NONE
ORD04257,CUST04628,2026-07-17,727000,NONE
ORD04258,CUST07368,2026-07-18,957000,NONE
ORD04259,CUST08038,2026-05-02,652000,DISC 50
ORD04260,CUST07455,2026-06-26,515000,DISCC20
ORD04261,CUST08790,2026-08-21,925000,DISC 50
ORD04262,CUST02366,2026-04-25,318000,NONE
ORD04263,CUST06365,2026-03-31,288000,DISCC20
ORD04264,CUST00344,2026-07-08,467000,DISC 50
ORD04265,CUST00698,2026-03-15,495000,NONE
ORD04266,CUST06591,2026-04-27,153000,NONE
ORD04267,CUST03410,2026-06-30,989000,NONE
ORD04268,CUST06845,2026-08-04,496000,NONE
ORD04269,CUST07273,2026-08-20,1000000,NONE
ORD04270,CUST05957,2026-08-26,370000,DISC 50
ORD04271,CUST02181,2026-07-24,765000,NONE
ORD04272,CUST04031,2026-04-16,247000,NONE
ORD04273,CUST09313,2026-04-08,224000,NONE
ORD04274,CUST07592,2026-07-06,586000,NONE
ORD04275,CUST05029,2026-07-11,243000,NONE
ORD04276,CUST07705,2026-03-14,136000,NONE
ORD04277,CUST04921,2026-08-20,951000,NONE
ORD04278,CUST00834,2026-07-31,229000,DISCC20
ORD04279,CUST09039,2026-06-22,936000,DISCC20
ORD04280,CUST08479,2026-07-16,467000,DISCC20
ORD04281,CUST00391,2026-08-15,735000,DISCC20
ORD04282,CUST09297,2026-07-17,708000,DISCC20
ORD04283,CUST09231,2026-05-20,812000,DISCC20
ORD04284,CUST09422,2026-07-25,825000,DISCC20
ORD04285,CUST06739,2026-03-19,349000,NONE
ORD04286,CUST02140,2026-05-06,805000,NONE
ORD04287,CUST08694,2026-06-11,777000,NONE
ORD04288,CUST01591,2026-01-19,830000,DISC10
ORD04289,CUST00352,2026-02-13,33000,DISC10
ORD04290,CUST01474,2026-06-19,345000,DISC 50
ORD04291,CUST02468,2026-04-14,243000,DISC 50
ORD04292,CUST05947,2026-02-03,663000,DISC 50
ORD04293,CUST07784,2026-08-17,371000,NONE
ORD04294,CUST04748,2026-03-31,335000,DISC10
ORD04295,CUST02491,2026-03-23,192000,NONE
ORD04296,CUST08722,2026-03-02,957000,NONE
ORD04297,CUST02594,2026-07-29,600000,NONE
ORD04298,CUST04608,2026-08-29,731000,DISCC20
ORD04299,CUST02403,2026-02-28,956000,NONE
ORD04300,CUST00646,2026-02-19,163000,NONE
ORD04301,CUST06216,2026-08-31,513000,DISCC20
ORD04302,CUST09604,2026-01-11,729000,DISC 50
ORD04303,CUST09583,2026-08-14,610000,DISCC20
ORD04304,CUST00326,2026-08-18,528000,NONE
ORD04305,CUST05567,2026-06-26,112000,DISC 50
ORD04306,CUST02904,2026-02-05,163000,NONE
ORD04307,CUST06450,2026-06-03,963000,DISCC20
ORD04308,CUST03230,2026-02-26,674000,DISC 50
ORD04309,CUST01362,2026-05-30,388000,NONE
ORD04310,CUST00262,2026-09-11,661000,NONE
ORD04311,CUST02770,2026-08-02,398000,DISC 50
ORD04312,CUST08412,2026-04-09,311000,NONE
ORD04313,CUST08022,2026-01-13,351000,DISCC20
ORD04314,CUST03913,2026-01-27,742000,DISC 50
ORD04315,CUST07356,2026-05-15,468000,DISC 50
ORD04316,CUST04471,2026-01-21,792000,NONE
ORD04317,CUST01315,2026-08-23,365000,NONE
ORD04318,CUST02141,2026-01-17,917000,NONE
ORD04319,CUST09399,2026-01-06,44000,DISC 50
ORD04320,CUST03271,2026-07-14,951000,NONE
ORD04321,CUST06364,2026-07-14,61000,NONE
ORD04322,CUST06147,2026-05-19,368000,DISC 50
ORD04323,CUST06956,2026-09-20,441000,NONE
ORD04324,CUST02169,2026-06-25,990000,DISC 50
ORD04325,CUST09051,2026-05-14,222000,NONE
ORD04326,CUST04370,2026-05-25,110000,NONE
ORD04327,CUST05221,2026-02-13,907000,NONE
ORD04328,CUST00377,2026-02-28,855000,DISCC20
ORD04329,CUST03981,2026-02-24,101000,DISCC20
ORD04330,CUST01065,2026-07-11,182000,NONE
ORD04331,CUST01432,2026-05-02,909000,DISC10
ORD04332,CUST00221,2026-01-05,779000,DISC 50
ORD04333,CUST02560,2026-02-06,621000,NONE
ORD04334,CUST05422,2026-08-24,829000,NONE
ORD04335,CUST01999,2026-02-24,82000,NONE
ORD04336,CUST03269,2026-03-13,965000,NONE
ORD04337,CUST03041,2026-02-11,118000,NONE
ORD04338,CUST00063,2026-02-16,468000,NONE
ORD04339,CUST03445,2026-04-30,76000,NONE
ORD04340,CUST06339,2026-02-10,353000,NONE
ORD04341,CUST03157,2026-09-29,512000,DISCC20
ORD04342,CUST09920,2026-09-11,748000,DISCC20
ORD04343,CUST04720,2026-08-29,774000,NONE
ORD04344,CUST07251,2026-02-01,214000,NONE
ORD04345,CUST01304,2026-01-04,205000,DISCC20
ORD04346,CUST02358,2026-05-15,924000,NONE
ORD04347,CUST02032,2026-04-07,744000,DISC10
ORD04348,CUST03065,2026-04-07,893000,DISC 50
ORD04349,CUST02662,2026-04-27,429000,NONE
ORD04350,CUST09856,2026-06-01,447000,NONE
ORD04351,CUST03576,2026-05-27,461000,DISC 50
ORD04352,CUST03945,2026-06-26,568000,DISC10
ORD04353,CUST04612,2026-05-09,797000,DISCC20
ORD04354,CUST01010,2026-02-03,89000,NONE
ORD04355,CUST00990,2026-06-26,659000,NONE
ORD04356,CUST07307,2026-02-10,37000,NONE
ORD04357,CUST05217,2026-02-15,627000,DISC 50
ORD04358,CUST09326,2026-02-03,293000,NONE
ORD04359,CUST07386,2026-06-13,391000,NONE
ORD04360,CUST06070,2026-09-03,536000,DISC 50
ORD04361,CUST05136,2026-09-08,584000,NONE
ORD04362,CUST03738,2026-04-08,626000,DISCC20
ORD04363,CUST05782,2026-01-22,444000,NONE
ORD04364,CUST05315,2026-08-25,970000,NONE
ORD04365,CUST07609,2026-08-26,488000,DISCC20
ORD04366,CUST06318,2026-03-14,454000,DISC10
ORD04367,CUST05190,2026-03-13,415000,NONE
ORD04368,CUST06545,2026-03-18,399000,DISC10
ORD04369,CUST02831,2026-08-11,179000,NONE
ORD04370,CUST03556,2026-04-05,122000,DISC10
ORD04371,CUST07738,2026-07-20,178000,DISC 50
ORD04372,CUST03241,2026-06-22,47000,NONE
ORD04373,CUST02594,2026-07-20,335000,NONE
ORD04374,CUST03732,2026-05-23,219000,NONE
ORD04375,CUST07092,2026-09-13,470000,DISCC20
ORD04376,CUST00980,2026-09-07,386000,DISC10
ORD04377,CUST05297,2026-02-04,747000,NONE
ORD04378,CUST02318,2026-05-29,265000,NONE
ORD04379,CUST03546,2026-09-11,451000,NONE
ORD04380,CUST05047,2026-01-07,671000,DISCC20
ORD04381,CUST05090,2026-06-23,725000,NONE
ORD04382,CUST01997,2026-08-08,638000,DISCC20
ORD04383,CUST04619,2026-09-29,374000,NONE
ORD04384,CUST02100,2026-07-11,403000,NONE
ORD04385,CUST01035,2026-08-31,43000,NONE
ORD04386,CUST06833,2026-07-09,277000,DISCC20
ORD04387,CUST03825,2026-06-17,956000,DISC 50
ORD04388,CUST04597,2026-09-01,593000,DISC 50
ORD04389,CUST03185,2026-06-19,948000,DISCC20
ORD04390,CUST09377,2026-06-14,958000,DISCC20
ORD04391,CUST04082,2026-05-02,525000,NONE
ORD04392,CUST00318,2026-08-29,345000,NONE
ORD04393,CUST06294,2026-02-18,793000,DISCC20
ORD04394,CUST01333,2026-06-14,566000,NONE
ORD04395,CUST09873,2026-08-25,947000,NONE
ORD04396,CUST01097,2026-05-17,485000,NONE
ORD04397,CUST04526,2026-04-09,753000,DISCC20
ORD04398,CUST00968,2026-07-06,510000,DISCC20
ORD04399,CUST00051,2026-04-25,360000,DISC 50
ORD04400,CUST09206,2026-09-05,174000,DISC 50
ORD04401,CUST07942,2026-06-13,346000,NONE
ORD04402,CUST03084,2026-04-13,970000,NONE
ORD04403,CUST04844,2026-03-03,776000,DISC10
ORD04404,CUST08578,2026-04-10,843000,NONE
ORD04405,CUST04067,2026-05-25,834000,NONE
ORD04406,CUST00179,2026-08-05,330000,DISC 50
ORD04407,CUST02361,2026-04-15,328000,DISC10
ORD04408,CUST06905,2026-01-15,105000,DISC 50
ORD04409,CUST02419,2026-08-27,482000,NONE
ORD04410,CUST09098,2026-07-15,185000,NONE
ORD04411,CUST05147,2026-08-16,135000,DISC 50
ORD04412,CUST04522,2026-08-22,227000,NONE
ORD04413,CUST04666,2026-08-21,191000,NONE
ORD04414,CUST05289,2026-03-07,42000,DISC10
ORD04415,CUST05350,2026-01-27,590000,NONE
ORD04416,CUST02323,2026-07-08,347000,NONE
ORD04417,CUST09014,2026-07-12,51000,NONE
ORD04418,CUST05307,2026-08-11,430000,DISCC20
ORD04419,CUST00566,2026-06-17,684000,DISC 50
ORD04420,CUST09268,2026-06-15,799000,NONE
ORD04421,CUST08384,2026-01-21,82000,NONE
ORD04422,CUST08138,2026-03-09,90000,DISC10
ORD04423,CUST02484,2026-03-13,129000,NONE
ORD04424,CUST03851,2026-03-25,119000,DISC 50
ORD04425,CUST05541,2026-07-02,108000,NONE
ORD04426,CUST01140,2026-06-25,529000,NONE
ORD04427,CUST08597,2026-02-01,451000,NONE
ORD04428,CUST02540,2026-07-22,586000,DISC10
ORD04429,CUST07349,2026-04-17,187000,DISC10
ORD04430,CUST03726,2026-05-14,270000,DISC10
ORD04431,CUST00860,2026-01-13,683000,NONE
ORD04432,CUST07843,2026-04-26,68000,DISC10
ORD04433,CUST03812,2026-04-23,997000,DISCC20
ORD04434,CUST08202,2026-03-12,352000,DISC 50
ORD04435,CUST06485,2026-07-18,44000,NONE
ORD04436,CUST08065,2026-05-29,49000,NONE
ORD04437,CUST09012,2026-08-01,94000,DISC10
ORD04438,CUST09662,2026-04-13,61000,DISCC20
ORD04439,CUST09548,2026-04-28,528000,DISC10
ORD04440,CUST01321,2026-06-28,620000,DISC 50
ORD04441,CUST02690,2026-09-18,431000,DISCC20
ORD04442,CUST08786,2026-03-19,32000,NONE
ORD04443,CUST04353,2026-05-25,594000,DISC 50
ORD04444,CUST06364,2026-09-19,188000,DISCC20
ORD04445,CUST05481,2026-05-12,225000,DISC 50
ORD04446,CUST06433,2026-05-14,147000,NONE
ORD04447,CUST07400,2026-05-27,54000,NONE
ORD04448,CUST06647,2026-09-20,234000,DISCC20
ORD04449,CUST00683,2026-02-27,421000,DISC10
ORD04450,CUST03280,2026-04-16,802000,NONE
ORD04451,CUST03512,2026-06-02,932000,NONE
ORD04452,CUST05914,2026-06-05,499000,DISC10
ORD04453,CUST09288,2026-04-28,936000,DISC 50
ORD04454,CUST08374,2026-04-22,49000,DISC 50
ORD04455,CUST03546,2026-01-07,874000,DISCC20
ORD04456,CUST03381,2026-06-20,536000,NONE
ORD04457,CUST05364,2026-07-18,493000,NONE
ORD04458,CUST08056,2026-03-26,516000,NONE
ORD04459,CUST04072,2026-05-27,104000,NONE
ORD04460,CUST00005,2026-02-24,898000,DISC10
ORD04461,CUST00184,2026-01-26,994000,DISC 50
ORD04462,CUST04972,2026-01-01,480000,NONE
ORD04463,CUST01594,2026-03-23,79000,DISC 50
ORD04464,CUST03126,2026-04-21,458000,NONE
ORD04465,CUST01247,2026-07-10,311000,NONE
ORD04466,CUST04874,2026-01-12,813000,DISC10
ORD04467,CUST04949,2026-03-03,170000,DISC 50
ORD04468,CUST03354,2026-08-22,148000,NONE
ORD04469,CUST07808,2026-01-16,203000,DISC10
ORD04470,CUST01411,2026-02-27,767000,DISCC20
ORD04471,CUST09500,2026-08-22,736000,NONE
ORD04472,CUST04425,2026-05-20,48000,NONE
ORD04473,CUST01037,2026-09-03,773000,NONE
ORD04474,CUST03531,2026-03-20,91000,NONE
ORD04475,CUST00490,2026-07-13,63000,NONE
ORD04476,CUST07631,2026-08-10,447000,DISCC20
ORD04477,CUST09450,2026-01-07,943000,DISC10
ORD04478,CUST04602,2026-02-02,751000,DISC 50
ORD04479,CUST03322,2026-09-03,846000,DISC 50
ORD04480,CUST04456,2026-01-13,917000,DISCC20
ORD04481,CUST07340,2026-05-01,854000,DISC10
ORD04482,CUST09228,2026-01-23,880000,NONE
ORD04483,CUST03794,2026-09-08,757000,NONE
ORD04484,CUST04695,2026-01-25,397000,DISC10
ORD04485,CUST07476,2026-07-08,865000,NONE
ORD04486,CUST06116,2026-03-25,699000,DISC 50
ORD04487,CUST05255,2026-03-16,777000,NONE
ORD04488,CUST06669,2026-06-27,203000,NONE
ORD04489,CUST06097,2026-07-25,503000,DISC 50
ORD04490,CUST02419,2026-05-30,858000,NONE
ORD04491,CUST08885,2026-09-11,442000,DISC 50
ORD04492,CUST01417,2026-08-10,641000,DISC 50
ORD04493,CUST05453,2026-03-12,971000,DISC 50
ORD04494,CUST07386,2026-08-27,796000,NONE
ORD04495,CUST00701,2026-03-26,376000,NONE
ORD04496,CUST09811,2026-03-16,374000,NONE
ORD04497,CUST09400,2026-03-23,167000,DISCC20
ORD04498,CUST01340,2026-07-22,868000,NONE
ORD04499,CUST08215,2026-02-27,582000,DISC10
ORD04500,CUST01701,2026-09-24,614000,DISC10
ORD04501,CUST09019,2026-05-11,705000,DISCC20
ORD04502,CUST05487,2026-04-27,525000,DISC10
ORD04503,CUST06117,2026-06-16,586000,NONE
ORD04504,CUST06436,2026-09-25,249000,NONE
ORD04505,CUST06685,2026-06-29,729000,DISC10
ORD04506,CUST07433,2026-04-26,184000,NONE
ORD04507,CUST00010,2026-04-07,939000,NONE
ORD04508,CUST08114,2026-02-25,172000,DISC10
ORD04509,CUST03963,2026-06-06,798000,NONE
ORD04510,CUST03429,2026-06-05,579000,NONE
ORD04511,CUST03130,2026-02-19,49000,DISC10
ORD04512,CUST04847,2026-01-16,148000,DISCC20
ORD04513,CUST01169,2026-04-06,93000,DISC 50
ORD04514,CUST01949,2026-08-20,457000,DISC 50
ORD04515,CUST00174,2026-07-26,739000,NONE
ORD04516,CUST05623,2026-06-03,422000,DISC 50
ORD04517,CUST04978,2026-04-17,463000,NONE
ORD04518,CUST09722,2026-09-02,67000,NONE
ORD04519,CUST00517,2026-09-09,536000,DISC 50
ORD04520,CUST00509,2026-06-29,286000,NONE
ORD04521,CUST06288,2026-08-31,795000,NONE
ORD04522,CUST06926,2026-02-20,730000,NONE
ORD04523,CUST08034,2026-06-29,52000,NONE
ORD04524,CUST07987,2026-01-20,802000,DISC10
ORD04525,CUST04132,2026-09-01,581000,DISC10
ORD04526,CUST04021,2026-02-12,766000,NONE
ORD04527,CUST07450,2026-02-18,413000,NONE
ORD04528,CUST03955,2026-06-22,643000,NONE
ORD04529,CUST05290,2026-01-18,342000,NONE
ORD04530,CUST03549,2026-08-20,653000,NONE
ORD04531,CUST00169,2026-02-18,725000,DISCC20
ORD04532,CUST08296,2026-01-15,480000,DISC10
ORD04533,CUST02970,2026-09-15,499000,DISC 50
ORD04534,CUST08777,2026-07-18,694000,NONE
ORD04535,CUST04149,2026-01-25,624000,DISC10
ORD04536,CUST08047,2026-09-22,203000,NONE
ORD04537,CUST02667,2026-05-31,65000,DISC 50
ORD04538,CUST06992,2026-06-19,137000,NONE
ORD04539,CUST01259,2026-03-21,228000,NONE
ORD04540,CUST04081,2026-09-06,30000,NONE
ORD04541,CUST06173,2026-04-01,69000,DISC 50
ORD04542,CUST03661,2026-04-04,373000,NONE
ORD04543,CUST03748,2026-09-10,755000,NONE
ORD04544,CUST01664,2026-03-01,193000,DISCC20
ORD04545,CUST09916,2026-03-09,601000,DISC10
ORD04546,CUST08129,2026-08-13,400000,NONE
ORD04547,CUST00337,2026-08-09,750000,NONE
ORD04548,CUST08905,2026-07-08,133000,NONE
ORD04549,CUST00550,2026-08-31,310000,NONE
ORD04550,CUST01097,2026-08-05,91000,DISC10
ORD04551,CUST05860,2026-05-15,511000,NONE
ORD04552,CUST03986,2026-09-17,953000,DISCC20
ORD04553,CUST00396,2026-03-03,190000,DISC10
ORD04554,CUST03220,2026-04-06,481000,NONE
ORD04555,CUST09132,2026-07-11,294000,NONE
ORD04556,CUST03040,2026-02-04,621000,NONE
ORD04557,CUST09170,2026-03-01,65000,DISCC20
ORD04558,CUST02415,2026-04-14,332000,DISCC20
ORD04559,CUST00184,2026-07-20,405000,DISC10
ORD04560,CUST00200,2026-09-19,140000,NONE
ORD04561,CUST09595,2026-05-17,568000,DISC10
ORD04562,CUST02246,2026-06-05,352000,DISCC20
ORD04563,CUST03499,2026-09-03,218000,NONE
ORD04564,CUST07837,2026-09-01,515000,DISCC20
ORD04565,CUST02825,2026-02-20,422000,NONE
ORD04566,CUST02394,2026-02-06,708000,DISCC20
ORD04567,CUST02383,2026-09-19,906000,DISC10
ORD04568,CUST08412,2026-09-02,99000,NONE
ORD04569,CUST04048,2026-03-26,666000,NONE
ORD04570,CUST03693,2026-07-05,872000,DISC 50
ORD04571,CUST00978,2026-07-28,795000,NONE
ORD04572,CUST05251,2026-01-22,824000,NONE
ORD04573,CUST03156,2026-01-15,712000,NONE
ORD04574,CUST06403,2026-07-11,485000,NONE
ORD04575,CUST02087,2026-04-26,515000,NONE
ORD04576,CUST06661,2026-09-18,686000,NONE
ORD04577,CUST03955,2026-03-22,638000,NONE
ORD04578,CUST08146,2026-05-28,816000,DISC10
ORD04579,CUST09828,2026-08-10,56000,NONE
ORD04580,CUST09203,2026-02-03,111000,NONE
ORD04581,CUST00655,2026-03-16,403000,DISC 50
ORD04582,CUST04602,2026-07-21,500000,NONE
ORD04583,CUST04973,2026-06-24,881000,NONE
ORD04584,CUST05049,2026-06-17,900000,NONE
ORD04585,CUST07992,2026-09-19,420000,NONE
ORD04586,CUST07690,2026-03-12,370000,DISC10
ORD04587,CUST05611,2026-09-08,570000,NONE
ORD04588,CUST04123,2026-02-02,669000,DISC 50
ORD04589,CUST04735,2026-05-19,633000,NONE
ORD04590,CUST05130,2026-04-27,974000,DISC 50
ORD04591,CUST09274,2026-05-03,220000,DISC 50
ORD04592,CUST03144,2026-06-06,870000,DISC 50
ORD04593,CUST06743,2026-09-23,310000,DISC 50
ORD04594,CUST03086,2026-08-06,811000,NONE
ORD04595,CUST04834,2026-03-13,219000,NONE
ORD04596,CUST08893,2026-07-05,591000,DISC 50
ORD04597,CUST07581,2026-04-15,620000,NONE
ORD04598,CUST01921,2026-03-30,766000,NONE
ORD04599,CUST04048,2026-05-30,235000,NONE
ORD04600,CUST03000,2026-06-22,933000,NONE
ORD04601,CUST06144,2026-09-12,276000,NONE
ORD04602,CUST04436,2026-09-05,979000,NONE
ORD04603,CUST08805,2026-08-24,374000,DISCC20
ORD04604,CUST09929,2026-05-11,98000,DISC 50
ORD04605,CUST06170,2026-03-05,857000,NONE
ORD04606,CUST00054,2026-07-21,93000,DISCC20
ORD04607,CUST08111,2026-05-11,490000,NONE
ORD04608,CUST08375,2026-05-22,606000,NONE
ORD04609,CUST04354,2026-04-12,77000,NONE
ORD04610,CUST09753,2026-09-08,135000,NONE
ORD04611,CUST06339,2026-08-12,345000,DISC10
ORD04612,CUST02968,2026-03-13,150000,DISC 50
ORD04613,CUST00673,2026-01-28,892000,DISC10
ORD04614,CUST01761,2026-05-23,586000,NONE
ORD04615,CUST02088,2026-05-18,827000,DISC10
ORD04616,CUST03357,2026-08-05,65000,NONE
ORD04617,CUST00162,2026-01-31,139000,DISC 50
ORD04618,CUST04657,2026-05-22,465000,DISCC20
ORD04619,CUST03612,2026-04-29,658000,NONE
ORD04620,CUST09055,2026-05-17,387000,DISCC20
ORD04621,CUST00377,2026-03-19,591000,NONE
ORD04622,CUST03603,2026-06-12,200000,NONE
ORD04623,CUST08876,2026-04-15,656000,DISC10
ORD04624,CUST01494,2026-03-24,609000,NONE
ORD04625,CUST07967,2026-05-19,152000,DISC10
ORD04626,CUST06659,2026-05-07,251000,DISCC20
ORD04627,CUST09988,2026-08-24,194000,DISCC20
ORD04628,CUST04579,2026-04-23,134000,DISC10
ORD04629,CUST05055,2026-05-03,470000,NONE
ORD04630,CUST07310,2026-07-17,243000,DISCC20
ORD04631,CUST01344,2026-02-21,443000,NONE
ORD04632,CUST07251,2026-08-16,178000,NONE
ORD04633,CUST06229,2026-07-16,48000,NONE
ORD04634,CUST03361,2026-05-20,927000,NONE
ORD04635,CUST07155,2026-09-09,833000,NONE
ORD04636,CUST05277,2026-06-25,46000,NONE
ORD04637,CUST06356,2026-09-17,883000,NONE
ORD04638,CUST06111,2026-04-16,172000,NONE
ORD04639,CUST09847,2026-02-09,882000,NONE
ORD04640,CUST02759,2026-07-13,831000,NONE
ORD04641,CUST03571,2026-04-17,346000,DISC 50
ORD04642,CUST04492,2026-07-27,279000,NONE
ORD04643,CUST03783,2026-05-29,413000,NONE
ORD04644,CUST00398,2026-08-29,727000,NONE
ORD04645,CUST01060,2026-05-05,488000,NONE
ORD04646,CUST06372,2026-01-12,610000,DISC 50
ORD04647,CUST06242,2026-07-04,45000,NONE
ORD04648,CUST07297,2026-08-12,956000,NONE
ORD04649,CUST07166,2026-02-15,286000,DISC 50
ORD04650,CUST04410,2026-04-28,400000,DISC 50
ORD04651,CUST02591,2026-09-03,197000,DISCC20
ORD04652,CUST09816,2026-09-22,568000,DISCC20
ORD04653,CUST06250,2026-01-19,398000,DISC10
ORD04654,CUST01475,2026-04-28,749000,DISCC20
ORD04655,CUST09058,2026-02-17,76000,DISC 50
ORD04656,CUST08606,2026-02-10,979000,DISC 50
ORD04657,CUST02442,2026-08-20,325000,DISCC20
ORD04658,CUST04564,2026-08-12,916000,DISCC20
ORD04659,CUST06709,2026-04-28,344000,DISCC20
ORD04660,CUST01095,2026-09-24,262000,DISC10
ORD04661,CUST09382,2026-01-27,695000,NONE
ORD04662,CUST04723,2026-04-01,586000,NONE
ORD04663,CUST02752,2026-08-05,266000,DISC10
ORD04664,CUST09874,2026-04-11,754000,DISC10
ORD04665,CUST01664,2026-02-04,300000,DISCC20
ORD04666,CUST02034,2026-10-01,822000,NONE
ORD04667,CUST02932,2026-07-08,181000,NONE
ORD04668,CUST04025,2026-04-06,830000,DISC10
ORD04669,CUST02815,2026-06-16,809000,DISC 50
ORD04670,CUST00340,2026-09-20,537000,NONE
ORD04671,CUST06453,2026-01-30,163000,DISCC20
ORD04672,CUST07686,2026-01-25,184000,DISCC20
ORD04673,CUST09978,2026-05-04,879000,DISC 50
ORD04674,CUST07577,2026-05-23,276000,NONE
ORD04675,CUST01801,2026-03-31,755000,DISCC20
ORD04676,CUST09929,2026-03-24,797000,DISC10
ORD04677,CUST06184,2026-02-04,164000,DISC10
ORD04678,CUST07550,2026-05-28,566000,NONE
ORD04679,CUST09017,2026-07-22,579000,NONE
ORD04680,CUST08603,2026-07-26,502000,NONE
ORD04681,CUST05799,2026-09-24,830000,NONE
ORD04682,CUST04120,2026-07-27,561000,NONE
ORD04683,CUST08244,2026-03-27,903000,NONE
ORD04684,CUST00597,2026-03-06,236000,DISC10
ORD04685,CUST04890,2026-07-08,143000,NONE
ORD04686,CUST06269,2026-07-31,409000,DISC 50
ORD04687,CUST00392,2026-07-11,347000,NONE
ORD04688,CUST00263,2026-04-12,245000,NONE
ORD04689,CUST07372,2026-03-17,910000,NONE
ORD04690,CUST04948,2026-03-13,430000,DISCC20
ORD04691,CUST00269,2026-03-14,947000,DISCC20
ORD04692,CUST04144,2026-08-13,523000,NONE
ORD04693,CUST07622,2026-08-27,405000,DISCC20
ORD04694,CUST02137,2026-08-26,450000,DISC10
ORD04695,CUST02385,2026-05-06,943000,NONE
ORD04696,CUST04841,2026-02-21,408000,DISC10
ORD04697,CUST07621,2026-06-29,956000,NONE
ORD04698,CUST01280,2026-08-10,637000,DISC 50
ORD04699,CUST08398,2026-07-01,589000,NONE
ORD04700,CUST07856,2026-01-21,94000,DISC 50
ORD04701,CUST03170,2026-06-19,342000,NONE
ORD04702,CUST00182,2026-03-26,128000,DISCC20
ORD04703,CUST00982,2026-05-19,50000,NONE
ORD04704,CUST08538,2026-04-22,405000,DISC10
ORD04705,CUST06610,2026-08-18,367000,NONE
ORD04706,CUST05685,2026-08-24,661000,DISC 50
ORD04707,CUST06029,2026-05-26,77000,NONE
ORD04708,CUST07183,2026-03-05,801000,NONE
ORD04709,CUST08421,2026-08-10,62000,NONE
ORD04710,CUST01103,2026-09-17,182000,NONE
ORD04711,CUST07207,2026-06-19,774000,NONE
ORD04712,CUST02359,2026-05-17,170000,DISCC20
ORD04713,CUST06290,2026-02-17,307000,NONE
ORD04714,CUST00687,2026-04-23,70000,DISC 50
ORD04715,CUST02179,2026-01-07,224000,NONE
ORD04716,CUST06842,2026-04-10,843000,DISCC20
ORD04717,CUST08963,2026-08-07,606000,DISC 50
ORD04718,CUST00010,2026-04-18,92000,DISCC20
ORD04719,CUST04351,2026-01-20,769000,NONE
ORD04720,CUST03590,2026-02-03,504000,DISCC20
ORD04721,CUST01872,2026-09-10,106000,NONE
ORD04722,CUST05616,2026-08-24,656000,NONE
ORD04723,CUST07683,2026-07-10,289000,NONE
ORD04724,CUST05350,2026-06-19,564000,DISCC20
ORD04725,CUST04571,2026-09-24,850000,NONE
ORD04726,CUST03707,2026-05-06,859000,DISC10
ORD04727,CUST07920,2026-08-11,303000,DISC 50
ORD04728,CUST04925,2026-09-18,535000,NONE
ORD04729,CUST00841,2026-07-27,999000,NONE
ORD04730,CUST04222,2026-06-03,134000,DISCC20
ORD04731,CUST03588,2026-04-25,926000,DISCC20
ORD04732,CUST02511,2026-08-26,973000,DISC10
ORD04733,CUST05948,2026-09-16,447000,NONE
ORD04734,CUST06870,2026-07-24,605000,DISC 50
ORD04735,CUST01330,2026-06-03,273000,DISCC20
ORD04736,CUST01087,2026-09-04,818000,DISC 50
ORD04737,CUST07138,2026-01-30,440000,NONE
ORD04738,CUST06787,2026-03-20,509000,DISC10
ORD04739,CUST06069,2026-06-20,146000,DISC 50
ORD04740,CUST07972,2026-05-01,925000,NONE
ORD04741,CUST09641,2026-07-22,244000,NONE
ORD04742,CUST03853,2026-08-09,318000,DISCC20
ORD04743,CUST05507,2026-03-26,188000,NONE
ORD04744,CUST09724,2026-06-17,410000,DISC10
ORD04745,CUST01346,2026-02-21,109000,NONE
ORD04746,CUST02459,2026-01-05,578000,NONE
ORD04747,CUST01513,2026-09-10,981000,NONE
ORD04748,CUST00842,2026-03-19,27000,NONE
ORD04749,CUST00536,2026-04-01,161000,DISC 50
ORD04750,CUST05854,2026-07-07,707000,NONE
ORD04751,CUST00663,2026-02-14,194000,DISC 50
ORD04752,CUST01638,2026-06-19,64000,NONE
ORD04753,CUST00648,2026-02-12,654000,DISC10
ORD04754,CUST02785,2026-04-09,943000,NONE
ORD04755,CUST01762,2026-09-09,298000,NONE
ORD04756,CUST08620,2026-05-30,98000,NONE
ORD04757,CUST02272,2026-05-26,91000,NONE
ORD04758,CUST02579,2026-05-14,683000,NONE
ORD04759,CUST01575,2026-09-21,533000,NONE
ORD04760,CUST04649,2026-04-25,57000,NONE
ORD04761,CUST02668,2026-06-23,736000,NONE
ORD04762,CUST05878,2026-08-20,999000,NONE
ORD04763,CUST04812,2026-06-06,694000,NONE
ORD04764,CUST06849,2026-07-25,851000,DISCC20
ORD04765,CUST05352,2026-06-08,240000,DISCC20
ORD04766,CUST02437,2026-08-25,745000,DISCC20
ORD04767,CUST01302,2026-01-19,85000,NONE
ORD04768,CUST02420,2026-03-02,135000,NONE
ORD04769,CUST02447,2026-03-06,765000,DISC10
ORD04770,CUST05452,2026-05-25,729000,DISC 50
ORD04771,CUST07891,2026-05-03,470000,NONE
ORD04772,CUST09046,2026-03-04,771000,NONE
ORD04773,CUST03437,2026-06-04,942000,NONE
ORD04774,CUST05968,2026-01-18,185000,NONE
ORD04775,CUST05654,2026-04-09,92000,DISC10
ORD04776,CUST04132,2026-01-17,423000,DISCC20
ORD04777,CUST07595,2026-09-12,699000,NONE
ORD04778,CUST07367,2026-06-15,161000,DISC 50
ORD04779,CUST05158,2026-08-05,962000,NONE
ORD04780,CUST00122,2026-04-05,915000,DISCC20
ORD04781,CUST06813,2026-05-09,120000,NONE
ORD04782,CUST02428,2026-06-21,68000,DISCC20
ORD04783,CUST08402,2026-05-03,643000,NONE
ORD04784,CUST03314,2026-05-23,763000,DISCC20
ORD04785,CUST00630,2026-08-02,814000,DISC10
ORD04786,CUST05620,2026-07-04,844000,NONE
ORD04787,CUST05525,2026-07-10,27000,DISC10
ORD04788,CUST08210,2026-09-05,231000,DISCC20
ORD04789,CUST05448,2026-03-17,721000,NONE
ORD04790,CUST04481,2026-09-16,568000,NONE
ORD04791,CUST09675,2026-09-28,652000,NONE
ORD04792,CUST07127,2026-04-11,813000,NONE
ORD04793,CUST07454,2026-01-21,761000,NONE
ORD04794,CUST08828,2026-05-29,798000,NONE
ORD04795,CUST04662,2026-01-23,365000,DISC10
ORD04796,CUST09656,2026-07-28,667000,DISC10
ORD04797,CUST06837,2026-08-31,976000,NONE
ORD04798,CUST05164,2026-04-29,879000,NONE
ORD04799,CUST07361,2026-04-25,296000,DISC 50
ORD04800,CUST03760,2026-01-20,709000,NONE
ORD04801,CUST06469,2026-05-11,296000,DISC10
ORD04802,CUST03756,2026-09-29,66000,DISCC20
ORD04803,CUST03916,2026-08-19,431000,DISC10
ORD04804,CUST00783,2026-08-09,102000,DISC 50
ORD04805,CUST00268,2026-08-02,538000,NONE
ORD04806,CUST09835,2026-06-06,704000,DISC10
ORD04807,CUST09506,2026-09-12,243000,NONE
ORD04808,CUST01899,2026-05-28,900000,DISCC20
ORD04809,CUST09188,2026-07-19,768000,DISC 50
ORD04810,CUST08931,2026-04-01,696000,DISCC20
ORD04811,CUST07037,2026-01-08,106000,DISC 50
ORD04812,CUST07863,2026-05-06,46000,DISC10
ORD04813,CUST04231,2026-03-08,198000,NONE
ORD04814,CUST04213,2026-05-30,450000,DISCC20
ORD04815,CUST03344,2026-08-07,771000,DISCC20
ORD04816,CUST01600,2026-07-05,808000,DISC 50
ORD04817,CUST08886,2026-06-08,733000,NONE
ORD04818,CUST01249,2026-02-05,184000,DISC10
ORD04819,CUST03925,2026-01-02,92000,DISC 50
ORD04820,CUST01858,2026-04-02,808000,NONE
ORD04821,CUST01990,2026-06-22,537000,NONE
ORD04822,CUST08369,2026-08-27,150000,NONE
ORD04823,CUST01365,2026-05-23,389000,DISC10
ORD04824,CUST02891,2026-06-30,422000,DISCC20
ORD04825,CUST00299,2026-05-09,957000,NONE
ORD04826,CUST01040,2026-02-14,191000,DISCC20
ORD04827,CUST02628,2026-06-25,559000,NONE
ORD04828,CUST03182,2026-10-01,515000,NONE
ORD04829,CUST00489,2026-06-29,373000,NONE
ORD04830,CUST01697,2026-08-10,851000,NONE
ORD04831,CUST03480,2026-07-26,196000,DISCC20
ORD04832,CUST09607,2026-09-05,790000,NONE
ORD04833,CUST03716,2026-02-04,879000,NONE
ORD04834,CUST09134,2026-09-11,814000,NONE
ORD04835,CUST05280,2026-07-18,682000,DISC 50
ORD04836,CUST00688,2026-04-12,62000,NONE
ORD04837,CUST00061,2026-04-07,609000,DISC 50
ORD04838,CUST06104,2026-01-09,689000,DISC 50
ORD04839,CUST00122,2026-08-01,347000,NONE
ORD04840,CUST02197,2026-02-13,888000,DISC10
ORD04841,CUST09199,2026-09-24,809000,DISC10
ORD04842,CUST07757,2026-03-11,531000,NONE
ORD04843,CUST01963,2026-06-24,664000,DISC10
ORD04844,CUST04032,2026-06-12,344000,NONE
ORD04845,CUST04808,2026-08-06,64000,DISC10
ORD04846,CUST04919,2026-01-29,705000,DISCC20
ORD04847,CUST06220,2026-05-13,181000,DISC 50
ORD04848,CUST06751,2026-06-24,101000,NONE
ORD04849,CUST01231,2026-07-06,535000,DISC 50
ORD04850,CUST06667,2026-06-03,48000,DISC10
ORD04851,CUST05370,2026-05-26,214000,NONE
ORD04852,CUST02252,2026-02-17,978000,NONE
ORD04853,CUST05940,2026-02-21,141000,DISC10
ORD04854,CUST05469,2026-05-16,350000,DISC10
ORD04855,CUST09444,2026-04-04,242000,NONE
ORD04856,CUST03794,2026-02-10,75000,DISC 50
ORD04857,CUST09015,2026-06-09,797000,NONE
ORD04858,CUST08994,2026-02-10,982000,NONE
ORD04859,CUST09050,2026-06-02,698000,DISC 50
ORD04860,CUST06614,2026-02-21,795000,DISC10
ORD04861,CUST06885,2026-06-09,120000,NONE
ORD04862,CUST04409,2026-06-20,783000,DISC10
ORD04863,CUST01127,2026-03-12,121000,NONE
ORD04864,CUST01751,2026-01-03,937000,NONE
ORD04865,CUST07688,2026-01-22,853000,DISC 50
ORD04866,CUST08880,2026-07-27,134000,DISC 50
ORD04867,CUST09681,2026-03-23,987000,NONE
ORD04868,CUST01344,2026-05-07,367000,DISCC20
ORD04869,CUST09323,2026-04-05,742000,DISC10
ORD04870,CUST07706,2026-01-09,248000,NONE
ORD04871,CUST02775,2026-03-06,780000,NONE
ORD04872,CUST03910,2026-09-18,442000,DISC10
ORD04873,CUST04478,2026-09-25,615000,NONE
ORD04874,CUST08072,2026-04-07,585000,DISCC20
ORD04875,CUST07041,2026-01-31,241000,NONE
ORD04876,CUST03154,2026-07-18,869000,NONE
ORD04877,CUST05641,2026-05-30,164000,NONE
ORD04878,CUST09476,2026-07-30,319000,DISC 50
ORD04879,CUST02043,2026-05-08,748000,NONE
ORD04880,CUST09917,2026-05-11,534000,DISC10
ORD04881,CUST06645,2026-02-28,629000,DISCC20
ORD04882,CUST02101,2026-05-10,615000,DISCC20
ORD04883,CUST04077,2026-03-03,160000,NONE
ORD04884,CUST03783,2026-01-21,280000,NONE
ORD04885,CUST01183,2026-01-24,725000,NONE
ORD04886,CUST03574,2026-03-10,308000,DISC10
ORD04887,CUST03444,2026-01-02,759000,DISC10
ORD04888,CUST06773,2026-01-08,134000,DISC 50
ORD04889,CUST07325,2026-04-16,172000,DISCC20
ORD04890,CUST06042,2026-03-05,357000,NONE
ORD04891,CUST08502,2026-07-13,721000,DISC 50
ORD04892,CUST03303,2026-08-16,903000,NONE
ORD04893,CUST03388,2026-03-16,423000,DISC 50
ORD04894,CUST03978,2026-04-07,526000,NONE
ORD04895,CUST07168,2026-05-21,75000,DISC 50
ORD04896,CUST07100,2026-01-02,499000,DISCC20
ORD04897,CUST00977,2026-02-01,791000,NONE
ORD04898,CUST04737,2026-09-26,233000,NONE
ORD04899,CUST04706,2026-02-26,169000,DISC 50
ORD04900,CUST02901,2026-05-24,461000,DISC10
ORD04901,CUST08677,2026-08-31,91000,NONE
ORD04902,CUST05700,2026-08-21,335000,NONE
ORD04903,CUST07363,2026-04-25,230000,NONE
ORD04904,CUST07813,2026-05-22,424000,DISC 50
ORD04905,CUST07871,2026-03-24,250000,NONE
ORD04906,CUST00281,2026-03-10,824000,DISCC20
ORD04907,CUST06301,2026-09-06,249000,NONE
ORD04908,CUST02371,2026-09-18,137000,DISC 50
ORD04909,CUST08553,2026-07-09,285000,NONE
ORD04910,CUST04454,2026-02-20,907000,NONE
ORD04911,CUST05083,2026-09-22,789000,NONE
ORD04912,CUST01032,2026-01-11,605000,DISC10
ORD04913,CUST04634,2026-05-04,283000,DISCC20
ORD04914,CUST02998,2026-09-29,667000,NONE
ORD04915,CUST00056,2026-09-28,177000,DISC10
ORD04916,CUST09075,2026-06-17,454000,NONE
ORD04917,CUST00024,2026-06-24,517000,DISCC20
ORD04918,CUST01778,2026-04-06,775000,DISC 50
ORD04919,CUST04116,2026-08-06,737000,DISC 50
ORD04920,CUST06586,2026-04-13,710000,NONE
ORD04921,CUST01575,2026-07-02,414000,NONE
ORD04922,CUST04013,2026-04-11,357000,DISC10
ORD04923,CUST05848,2026-06-22,507000,DISCC20
ORD04924,CUST05463,2026-09-30,529000,DISCC20
ORD04925,CUST09215,2026-08-09,41000,NONE
ORD04926,CUST01691,2026-02-09,603000,DISCC20
ORD04927,CUST06730,2026-04-29,912000,DISC10
ORD04928,CUST07653,2026-04-15,447000,NONE
ORD04929,CUST01682,2026-02-07,722000,NONE
ORD04930,CUST02224,2026-08-14,251000,NONE
ORD04931,CUST03580,2026-04-20,404000,DISC10
ORD04932,CUST04202,2026-01-19,36000,NONE
ORD04933,CUST01971,2026-07-29,312000,NONE
ORD04934,CUST03426,2026-08-19,120000,DISC 50
ORD04935,CUST01947,2026-05-02,120000,DISC 50
ORD04936,CUST00724,2026-05-04,512000,NONE
ORD04937,CUST08865,2026-05-22,196000,NONE
ORD04938,CUST08021,2026-01-04,861000,DISCC20
ORD04939,CUST05419,2026-07-30,127000,DISC10
ORD04940,CUST09550,2026-09-15,259000,NONE
ORD04941,CUST00002,2026-05-23,462000,NONE
ORD04942,CUST05848,2026-06-28,796000,NONE
ORD04943,CUST00441,2026-03-26,781000,DISC10
ORD04944,CUST04510,2026-01-11,222000,DISCC20
ORD04945,CUST03838,2026-03-22,780000,DISC10
ORD04946,CUST03209,2026-04-02,872000,DISCC20
ORD04947,CUST02173,2026-04-12,327000,NONE
ORD04948,CUST07365,2026-02-01,256000,NONE
ORD04949,CUST00516,2026-03-10,145000,NONE
ORD04950,CUST06008,2026-04-15,667000,DISC 50
ORD04951,CUST02522,2026-08-10,729000,DISC10
ORD04952,CUST07762,2026-03-23,412000,DISC10
ORD04953,CUST06137,2026-03-29,60000,NONE
ORD04954,CUST06888,2026-03-31,136000,DISC10
ORD04955,CUST03470,2026-03-22,99000,DISCC20
ORD04956,CUST01777,2026-08-01,470000,DISCC20
ORD04957,CUST04361,2026-03-27,755000,NONE
ORD04958,CUST09695,2026-09-29,945000,NONE
ORD04959,CUST07423,2026-06-18,186000,NONE
ORD04960,CUST09295,2026-09-30,245000,NONE
ORD04961,CUST02821,2026-08-06,650000,NONE
ORD04962,CUST05173,2026-05-23,291000,NONE
ORD04963,CUST00329,2026-04-20,225000,NONE
ORD04964,CUST06153,2026-06-01,816000,NONE
ORD04965,CUST01492,2026-08-27,920000,NONE
ORD04966,CUST02078,2026-03-01,947000,DISC10
ORD04967,CUST08742,2026-04-28,997000,DISC10
ORD04968,CUST06466,2026-09-03,956000,NONE
ORD04969,CUST00866,2026-03-11,555000,DISCC20
ORD04970,CUST02072,2026-04-29,271000,DISC10
ORD04971,CUST09944,2026-09-18,581000,DISC10
ORD04972,CUST08832,2026-05-04,590000,DISC10
ORD04973,CUST08603,2026-06-23,575000,DISC10
ORD04974,CUST04279,2026-05-13,365000,NONE
ORD04975,CUST02922,2026-03-11,70000,NONE
ORD04976,CUST03364,2026-09-09,168000,DISCC20
ORD04977,CUST08487,2026-02-15,176000,NONE
ORD04978,CUST01171,2026-08-15,457000,NONE
ORD04979,CUST05274,2026-02-11,496000,DISCC20
ORD04980,CUST05533,2026-05-22,55000,DISC10
ORD04981,CUST00448,2026-01-06,818000,NONE
ORD04982,CUST00498,2026-01-13,110000,DISC 50
ORD04983,CUST09599,2026-03-26,108000,DISC10
ORD04984,CUST07878,2026-04-08,1000000,DISC10
ORD04985,CUST08832,2026-08-13,688000,DISC 50
ORD04986,CUST09911,2026-01-30,51000,NONE
ORD04987,CUST05790,2026-03-18,345000,NONE
ORD04988,CUST08258,2026-02-28,686000,DISC 50
ORD04989,CUST04274,2026-05-30,188000,DISC10
ORD04990,CUST09837,2026-03-17,709000,NONE
ORD04991,CUST04706,2026-09-02,527000,NONE
ORD04992,CUST02468,2026-02-09,204000,DISC 50
ORD04993,CUST00696,2026-09-14,346000,NONE
ORD04994,CUST00662,2026-08-29,544000,NONE
ORD04995,CUST00431,2026-08-28,70000,NONE
ORD04996,CUST00046,2026-01-26,702000,DISC 50
ORD04997,CUST06192,2026-05-06,378000,NONE
ORD04998,CUST01454,2026-06-24,395000,NONE
ORD04999,CUST04507,2026-09-22,567000,DISCC20
ORD05000,CUST06189,2026-07-27,601000,DISC10
ORD05001,CUST06767,2026-05-01,177000,DISC 50
ORD05002,CUST03734,2026-09-19,354000,DISC 50
ORD05003,CUST06000,2026-01-26,342000,DISCC20
ORD05004,CUST00687,2026-07-12,590000,NONE
ORD05005,CUST07697,2026-01-21,79000,NONE
ORD05006,CUST03939,2026-04-17,445000,NONE
ORD05007,CUST05818,2026-08-24,830000,DISC10
ORD05008,CUST03028,2026-09-27,153000,DISC10
ORD05009,CUST04388,2026-02-01,846000,DISC10
ORD05010,CUST06418,2026-03-04,283000,NONE
ORD05011,CUST09107,2026-03-05,962000,NONE
ORD05012,CUST04287,2026-01-03,665000,NONE
ORD05013,CUST02908,2026-05-13,585000,NONE
ORD05014,CUST04080,2026-09-13,553000,DISCC20
ORD05015,CUST03076,2026-07-13,566000,NONE
ORD05016,CUST06549,2026-02-02,299000,DISCC20
ORD05017,CUST01074,2026-03-21,169000,NONE
ORD05018,CUST04836,2026-07-24,768000,DISCC20
ORD05019,CUST09363,2026-09-25,685000,NONE
ORD05020,CUST06679,2026-06-07,329000,DISCC20
ORD05021,CUST03977,2026-01-11,925000,NONE
ORD05022,CUST06034,2026-03-08,764000,NONE
ORD05023,CUST07060,2026-09-28,244000,DISC10
ORD05024,CUST04127,2026-06-08,109000,NONE
ORD05025,CUST06393,2026-01-21,323000,NONE
ORD05026,CUST02567,2026-07-19,388000,DISC 50
ORD05027,CUST00694,2026-05-29,216000,NONE
ORD05028,CUST06047,2026-04-28,373000,NONE
ORD05029,CUST04815,2026-04-06,221000,NONE
ORD05030,CUST01387,2026-01-12,506000,NONE
ORD05031,CUST06737,2026-06-07,836000,DISC 50
ORD05032,CUST08405,2026-05-29,614000,NONE
ORD05033,CUST00369,2026-09-16,815000,DISCC20
ORD05034,CUST06036,2026-02-25,272000,NONE
ORD05035,CUST08500,2026-09-14,207000,DISC 50
ORD05036,CUST02200,2026-06-19,501000,NONE
ORD05037,CUST05570,2026-02-01,63000,DISC 50
ORD05038,CUST04774,2026-01-30,269000,DISCC20
ORD05039,CUST03424,2026-04-21,808000,DISC 50
ORD05040,CUST08622,2026-04-10,288000,NONE
ORD05041,CUST02002,2026-06-11,429000,NONE
ORD05042,CUST02317,2026-04-24,850000,DISC10
ORD05043,CUST01550,2026-02-16,753000,NONE
ORD05044,CUST08622,2026-08-21,502000,NONE
ORD05045,CUST08920,2026-03-05,74000,NONE
ORD05046,CUST03951,2026-04-12,632000,DISC10
ORD05047,CUST08071,2026-04-12,246000,DISCC20
ORD05048,CUST05293,2026-07-27,256000,DISC10
ORD05049,CUST00570,2026-07-28,765000,DISC10
ORD05050,CUST08273,2026-02-12,533000,DISC 50
ORD05051,CUST01562,2026-07-19,497000,NONE
ORD05052,CUST09053,2026-07-28,762000,NONE
ORD05053,CUST00175,2026-01-05,958000,DISCC20
ORD05054,CUST00436,2026-04-17,855000,DISC10
ORD05055,CUST05482,2026-02-24,822000,NONE
ORD05056,CUST09007,2026-02-27,155000,NONE
ORD05057,CUST00215,2026-09-26,275000,NONE
ORD05058,CUST05470,2026-07-13,508000,NONE
ORD05059,CUST04324,2026-09-12,771000,DISC 50
ORD05060,CUST06808,2026-03-03,963000,DISC10
ORD05061,CUST06419,2026-04-20,401000,NONE
ORD05062,CUST02195,2026-06-27,932000,DISC10
ORD05063,CUST05100,2026-02-09,643000,DISC10
ORD05064,CUST08618,2026-03-05,679000,NONE
ORD05065,CUST01784,2026-05-27,577000,DISC 50
ORD05066,CUST03791,2026-04-26,431000,NONE
ORD05067,CUST05619,2026-09-02,883000,DISC10
ORD05068,CUST06673,2026-03-13,224000,DISCC20
ORD05069,CUST03533,2026-03-22,646000,NONE
ORD05070,CUST02423,2026-09-16,100000,DISCC20
ORD05071,CUST04506,2026-08-20,368000,DISC 50
ORD05072,CUST01258,2026-08-03,119000,DISC 50
ORD05073,CUST04817,2026-01-19,158000,NONE
ORD05074,CUST00703,2026-07-28,874000,DISC 50
ORD05075,CUST05530,2026-01-11,268000,NONE
ORD05076,CUST07024,2026-07-22,470000,NONE
ORD05077,CUST08509,2026-01-24,735000,DISC10
ORD05078,CUST02111,2026-03-01,461000,DISC10
ORD05079,CUST03162,2026-01-22,920000,DISC10
ORD05080,CUST03329,2026-09-24,394000,NONE
ORD05081,CUST09953,2026-07-23,115000,DISC10
ORD05082,CUST02524,2026-07-17,726000,NONE
ORD05083,CUST05250,2026-02-07,987000,NONE
ORD05084,CUST01638,2026-04-19,1000000,DISCC20
ORD05085,CUST04162,2026-04-22,944000,DISC 50
ORD05086,CUST00853,2026-07-02,862000,NONE
ORD05087,CUST09016,2026-09-18,212000,NONE
ORD05088,CUST07953,2026-02-25,666000,NONE
ORD05089,CUST09198,2026-08-06,684000,DISCC20
ORD05090,CUST08594,2026-04-18,876000,DISC 50
ORD05091,CUST00661,2026-05-29,143000,DISCC20
ORD05092,CUST09086,2026-06-05,30000,NONE
ORD05093,CUST03180,2026-08-18,375000,DISC 50
ORD05094,CUST07814,2026-05-02,908000,NONE
ORD05095,CUST02237,2026-09-28,442000,DISC10
ORD05096,CUST03830,2026-04-19,685000,DISC 50
ORD05097,CUST00875,2026-03-05,129000,NONE
ORD05098,CUST07398,2026-07-09,732000,NONE
ORD05099,CUST09924,2026-01-10,866000,DISC10
ORD05100,CUST06034,2026-09-17,603000,NONE
ORD05101,CUST04741,2026-02-03,317000,NONE
ORD05102,CUST00259,2026-04-04,756000,NONE
ORD05103,CUST09551,2026-05-11,851000,DISCC20
ORD05104,CUST09796,2026-07-26,748000,NONE
ORD05105,CUST09384,2026-08-04,852000,NONE
ORD05106,CUST09056,2026-06-01,682000,NONE
ORD05107,CUST01469,2026-08-22,935000,NONE
ORD05108,CUST02379,2026-06-01,573000,DISC 50
ORD05109,CUST09319,2026-07-16,279000,DISCC20
ORD05110,CUST09263,2026-06-19,130000,DISC 50
ORD05111,CUST08200,2026-01-11,933000,DISC 50
ORD05112,CUST02870,2026-04-10,936000,DISCC20
ORD05113,CUST03031,2026-02-25,884000,DISCC20
ORD05114,CUST02315,2026-05-31,819000,NONE
ORD05115,CUST09240,2026-07-26,598000,DISC10
ORD05116,CUST00377,2026-07-28,596000,NONE
ORD05117,CUST06521,2026-03-21,680000,DISC10
ORD05118,CUST06844,2026-08-23,938000,DISC10
ORD05119,CUST02850,2026-08-15,792000,DISCC20
ORD05120,CUST09203,2026-06-08,990000,NONE
ORD05121,CUST08520,2026-04-27,646000,DISCC20
ORD05122,CUST09870,2026-06-16,954000,DISC 50
ORD05123,CUST08524,2026-05-05,166000,NONE
ORD05124,CUST04665,2026-01-09,872000,DISC10
ORD05125,CUST06677,2026-06-26,933000,NONE
ORD05126,CUST02335,2026-03-02,948000,NONE
ORD05127,CUST05593,2026-08-11,55000,NONE
ORD05128,CUST06656,2026-03-17,629000,DISC 50
ORD05129,CUST07114,2026-03-17,701000,DISC 50
ORD05130,CUST09022,2026-02-17,416000,NONE
ORD05131,CUST05648,2026-07-13,441000,NONE
ORD05132,CUST03550,2026-02-07,40000,NONE
ORD05133,CUST06979,2026-09-04,125000,NONE
ORD05134,CUST03118,2026-03-16,851000,NONE
ORD05135,CUST09364,2026-06-10,369000,DISC10
ORD05136,CUST03147,2026-05-09,820000,DISC 50
ORD05137,CUST08872,2026-07-24,177000,DISCC20
ORD05138,CUST08340,2026-06-09,303000,NONE
ORD05139,CUST00483,2026-01-21,877000,DISCC20
ORD05140,CUST03666,2026-09-02,26000,DISC10
ORD05141,CUST07115,2026-09-21,639000,NONE
ORD05142,CUST01026,2026-07-19,81000,DISC10
ORD05143,CUST08256,2026-07-18,231000,DISC10
ORD05144,CUST03168,2026-02-11,858000,NONE
ORD05145,CUST00418,2026-06-21,74000,DISC10
ORD05146,CUST08648,2026-07-12,82000,NONE
ORD05147,CUST01313,2026-05-23,325000,NONE
ORD05148,CUST05266,2026-02-07,80000,NONE
ORD05149,CUST02904,2026-07-28,908000,NONE
ORD05150,CUST03210,2026-09-25,917000,NONE
ORD05151,CUST06737,2026-08-15,667000,DISCC20
ORD05152,CUST06036,2026-01-26,250000,NONE
ORD05153,CUST04426,2026-05-24,42000,NONE
ORD05154,CUST07254,2026-08-14,638000,DISC 50
ORD05155,CUST02660,2026-07-20,84000,NONE
ORD05156,CUST02290,2026-08-18,768000,NONE
ORD05157,CUST02131,2026-07-30,635000,DISCC20
ORD05158,CUST00319,2026-06-26,593000,DISC10
ORD05159,CUST07769,2026-09-09,969000,NONE
ORD05160,CUST02638,2026-01-25,603000,NONE
ORD05161,CUST04318,2026-02-04,48000,NONE
ORD05162,CUST08742,2026-09-26,294000,DISC10
ORD05163,CUST03252,2026-04-10,232000,NONE
ORD05164,CUST01462,2026-04-29,984000,DISCC20
ORD05165,CUST05864,2026-06-10,757000,DISCC20
ORD05166,CUST05649,2026-04-14,962000,NONE
ORD05167,CUST07655,2026-02-25,582000,DISC10
ORD05168,CUST00175,2026-08-26,234000,DISCC20
ORD05169,CUST01288,2026-02-22,642000,DISCC20
ORD05170,CUST06224,2026-01-01,140000,DISCC20
ORD05171,CUST03899,2026-08-05,869000,NONE
ORD05172,CUST02169,2026-06-12,503000,NONE
ORD05173,CUST06161,2026-06-26,149000,DISCC20
ORD05174,CUST07332,2026-04-22,101000,NONE
ORD05175,CUST05032,2026-06-01,295000,NONE
ORD05176,CUST02764,2026-01-26,910000,NONE
ORD05177,CUST00783,2026-06-15,169000,NONE
ORD05178,CUST08361,2026-05-31,69000,DISC10
ORD05179,CUST04513,2026-08-09,316000,DISC10
ORD05180,CUST07402,2026-05-02,234000,NONE
ORD05181,CUST01665,2026-05-09,432000,NONE
ORD05182,CUST01775,2026-10-01,974000,DISCC20
ORD05183,CUST08187,2026-08-26,708000,NONE
ORD05184,CUST03059,2026-03-29,101000,DISC10
ORD05185,CUST01512,2026-03-24,924000,NONE
ORD05186,CUST01677,2026-04-04,668000,DISCC20
ORD05187,CUST08511,2026-05-14,977000,NONE
ORD05188,CUST09381,2026-03-29,584000,DISC 50
ORD05189,CUST09937,2026-09-09,473000,DISCC20
ORD05190,CUST03796,2026-08-07,920000,NONE
ORD05191,CUST01884,2026-05-05,893000,NONE
ORD05192,CUST08905,2026-04-01,722000,DISC 50
ORD05193,CUST00478,2026-07-29,371000,DISCC20
ORD05194,CUST00376,2026-08-19,529000,NONE
ORD05195,CUST06600,2026-08-08,722000,DISC10
ORD05196,CUST07837,2026-08-21,741000,DISC10
ORD05197,CUST08135,2026-07-26,266000,NONE
ORD05198,CUST02401,2026-09-23,905000,DISC10
ORD05199,CUST00037,2026-07-06,410000,NONE
ORD05200,CUST01383,2026-03-15,699000,DISCC20
ORD05201,CUST03669,2026-04-03,669000,DISC 50
ORD05202,CUST02609,2026-06-17,113000,NONE
ORD05203,CUST00244,2026-07-07,820000,DISC 50
ORD05204,CUST01719,2026-08-18,728000,DISC 50
ORD05205,CUST09330,2026-07-27,178000,NONE
ORD05206,CUST08567,2026-02-07,691000,DISCC20
ORD05207,CUST09350,2026-02-07,167000,DISC 50
ORD05208,CUST07483,2026-07-23,798000,NONE
ORD05209,CUST09135,2026-01-21,629000,NONE
ORD05210,CUST03854,2026-05-18,465000,NONE
ORD05211,CUST08958,2026-05-28,913000,DISC10
ORD05212,CUST02079,2026-03-23,938000,DISC10
ORD05213,CUST00556,2026-06-19,999000,NONE
ORD05214,CUST08885,2026-04-28,468000,NONE
ORD05215,CUST08313,2026-05-09,323000,NONE
ORD05216,CUST04885,2026-03-08,928000,NONE
ORD05217,CUST09990,2026-06-22,549000,NONE
ORD05218,CUST01377,2026-02-03,315000,DISC 50
ORD05219,CUST08941,2026-08-20,544000,NONE
ORD05220,CUST07232,2026-01-19,118000,DISC 50
ORD05221,CUST03855,2026-04-02,941000,NONE
ORD05222,CUST07334,2026-07-25,424000,NONE
ORD05223,CUST08836,2026-04-11,812000,NONE
ORD05224,CUST00430,2026-04-06,981000,NONE
ORD05225,CUST04504,2026-08-20,414000,DISC10
ORD05226,CUST07560,2026-02-02,531000,NONE
ORD05227,CUST08069,2026-09-30,418000,NONE
ORD05228,CUST09415,2026-03-18,962000,NONE
ORD05229,CUST08147,2026-09-16,760000,DISCC20
ORD05230,CUST05245,2026-03-08,553000,NONE
ORD05231,CUST08093,2026-04-11,792000,DISC10
ORD05232,CUST05215,2026-09-30,722000,NONE
ORD05233,CUST06531,2026-01-01,683000,DISCC20
ORD05234,CUST06041,2026-05-02,78000,NONE
ORD05235,CUST00490,2026-05-18,704000,DISC 50
ORD05236,CUST06242,2026-07-19,770000,NONE
ORD05237,CUST07482,2026-06-19,607000,DISC10
ORD05238,CUST02046,2026-01-16,196000,DISC 50
ORD05239,CUST05614,2026-04-01,897000,DISC 50
ORD05240,CUST04116,2026-05-18,211000,NONE
ORD05241,CUST07548,2026-07-21,632000,NONE
ORD05242,CUST02300,2026-04-11,386000,NONE
ORD05243,CUST03043,2026-05-31,678000,DISCC20
ORD05244,CUST08728,2026-03-10,782000,NONE
ORD05245,CUST06413,2026-05-18,875000,DISCC20
ORD05246,CUST08949,2026-04-10,948000,NONE
ORD05247,CUST05574,2026-02-22,439000,DISCC20
ORD05248,CUST01305,2026-05-14,725000,NONE
ORD05249,CUST03058,2026-06-17,570000,DISC 50
ORD05250,CUST02915,2026-09-05,960000,DISC 50
ORD05251,CUST02748,2026-07-19,614000,DISCC20
ORD05252,CUST09653,2026-07-26,251000,NONE
ORD05253,CUST05626,2026-04-24,567000,NONE
ORD05254,CUST01675,2026-07-09,253000,NONE
ORD05255,CUST09174,2026-02-24,752000,NONE
ORD05256,CUST05994,2026-07-09,51000,NONE
ORD05257,CUST08503,2026-09-08,294000,NONE
ORD05258,CUST00257,2026-06-16,649000,DISC 50
ORD05259,CUST04708,2026-09-07,869000,DISC 50
ORD05260,CUST00125,2026-04-25,223000,DISC 50
ORD05261,CUST08394,2026-03-03,869000,NONE
ORD05262,CUST01855,2026-02-08,960000,NONE
ORD05263,CUST02701,2026-09-05,73000,DISCC20
ORD05264,CUST05466,2026-09-25,620000,DISCC20
ORD05265,CUST00618,2026-05-18,113000,DISC 50
ORD05266,CUST06464,2026-04-18,339000,DISC10
ORD05267,CUST04812,2026-06-16,489000,DISC10
ORD05268,CUST05371,2026-06-17,232000,DISC10
ORD05269,CUST02843,2026-04-21,399000,NONE
ORD05270,CUST06873,2026-04-20,512000,NONE
ORD05271,CUST01596,2026-09-26,268000,NONE
ORD05272,CUST05199,2026-08-18,71000,DISC10
ORD05273,CUST02453,2026-05-17,738000,NONE
ORD05274,CUST04645,2026-02-25,998000,DISC10
ORD05275,CUST05798,2026-01-19,206000,NONE
ORD05276,CUST08671,2026-07-16,995000,DISC10
ORD05277,CUST07748,2026-09-26,599000,DISC10
ORD05278,CUST07832,2026-03-09,31000,DISC 50
ORD05279,CUST02127,2026-07-04,265000,NONE
ORD05280,CUST09140,2026-09-27,902000,DISC 50
ORD05281,CUST02668,2026-07-25,936000,DISCC20
ORD05282,CUST09133,2026-06-19,853000,NONE
ORD05283,CUST00957,2026-08-02,357000,NONE
ORD05284,CUST06808,2026-09-17,836000,NONE
ORD05285,CUST04580,2026-08-15,330000,DISCC20
ORD05286,CUST08073,2026-03-12,748000,DISC 50
ORD05287,CUST05527,2026-09-19,783000,NONE
ORD05288,CUST08870,2026-05-24,672000,DISC 50
ORD05289,CUST05960,2026-08-05,840000,DISC 50
ORD05290,CUST02913,2026-05-28,539000,DISCC20
ORD05291,CUST01945,2026-06-05,109000,NONE
ORD05292,CUST05445,2026-08-08,51000,DISCC20
ORD05293,CUST00646,2026-01-04,68000,DISCC20
ORD05294,CUST06104,2026-06-07,679000,DISCC20
ORD05295,CUST01192,2026-04-29,267000,DISCC20
ORD05296,CUST05341,2026-03-01,914000,DISC 50
ORD05297,CUST03414,2026-02-05,30000,DISC 50
ORD05298,CUST07873,2026-06-24,59000,NONE
ORD05299,CUST06975,2026-04-15,593000,NONE
ORD05300,CUST01645,2026-04-04,315000,DISC 50
ORD05301,CUST08517,2026-05-26,562000,NONE
ORD05302,CUST06322,2026-07-16,625000,NONE
ORD05303,CUST02361,2026-09-09,536000,NONE
ORD05304,CUST06932,2026-04-24,484000,NONE
ORD05305,CUST04796,2026-08-14,683000,NONE
ORD05306,CUST00105,2026-03-18,157000,DISC 50
ORD05307,CUST02748,2026-09-21,966000,DISC 50
ORD05308,CUST03427,2026-05-28,997000,DISC10
ORD05309,CUST03579,2026-09-27,849000,DISCC20
ORD05310,CUST02191,2026-02-24,219000,DISC10
ORD05311,CUST03280,2026-03-06,646000,DISCC20
ORD05312,CUST04995,2026-01-04,664000,DISC10
ORD05313,CUST06180,2026-01-31,781000,DISC10
ORD05314,CUST08513,2026-02-16,275000,NONE
ORD05315,CUST08021,2026-05-15,188000,DISCC20
ORD05316,CUST05653,2026-08-26,49000,NONE
ORD05317,CUST07728,2026-03-26,438000,NONE
ORD05318,CUST07472,2026-02-14,206000,DISCC20
ORD05319,CUST07866,2026-06-29,500000,DISC 50
ORD05320,CUST05951,2026-05-14,600000,NONE
ORD05321,CUST07928,2026-05-17,163000,NONE
ORD05322,CUST09359,2026-03-21,989000,DISC10
ORD05323,CUST02334,2026-06-16,658000,DISC10
ORD05324,CUST07432,2026-09-19,416000,NONE
ORD05325,CUST01676,2026-05-04,426000,DISC10
ORD05326,CUST07202,2026-04-04,148000,NONE
ORD05327,CUST02877,2026-08-29,89000,NONE
ORD05328,CUST03250,2026-04-21,478000,NONE
ORD05329,CUST09249,2026-04-22,696000,NONE
ORD05330,CUST00480,2026-04-06,358000,DISCC20
ORD05331,CUST02543,2026-03-30,615000,NONE
ORD05332,CUST06750,2026-04-20,927000,DISCC20
ORD05333,CUST06998,2026-02-21,843000,DISC 50
ORD05334,CUST04968,2026-02-08,266000,NONE
ORD05335,CUST03875,2026-03-15,943000,DISCC20
ORD05336,CUST05959,2026-06-16,744000,DISCC20
ORD05337,CUST05247,2026-04-15,594000,DISC 50
ORD05338,CUST06847,2026-05-17,150000,NONE
ORD05339,CUST08079,2026-08-26,249000,DISCC20
ORD05340,CUST04749,2026-07-21,278000,DISC10
ORD05341,CUST04277,2026-06-20,911000,DISC 50
ORD05342,CUST01909,2026-09-13,209000,NONE
ORD05343,CUST00045,2026-08-13,216000,NONE
ORD05344,CUST07212,2026-03-31,96000,DISCC20
ORD05345,CUST05425,2026-01-29,277000,NONE
ORD05346,CUST08635,2026-08-28,957000,NONE
ORD05347,CUST03511,2026-02-27,527000,NONE
ORD05348,CUST02266,2026-06-17,618000,NONE
ORD05349,CUST03982,2026-09-23,158000,DISCC20
ORD05350,CUST01615,2026-01-15,162000,DISC 50
ORD05351,CUST00890,2026-07-23,586000,DISCC20
ORD05352,CUST00617,2026-03-30,929000,DISC10
ORD05353,CUST09081,2026-05-16,525000,NONE
ORD05354,CUST08498,2026-08-27,540000,NONE
ORD05355,CUST05724,2026-08-13,725000,DISCC20
ORD05356,CUST08427,2026-07-10,390000,DISCC20
ORD05357,CUST08766,2026-05-02,428000,DISC10
ORD05358,CUST03310,2026-01-21,42000,DISC 50
ORD05359,CUST03872,2026-06-04,969000,NONE
ORD05360,CUST09383,2026-02-11,900000,NONE
ORD05361,CUST01794,2026-06-14,496000,DISC10
ORD05362,CUST02671,2026-06-27,240000,NONE
ORD05363,CUST00375,2026-02-17,822000,DISCC20
ORD05364,CUST09616,2026-03-27,792000,DISC 50
ORD05365,CUST01516,2026-01-13,335000,DISCC20
ORD05366,CUST04542,2026-09-02,694000,NONE
ORD05367,CUST03160,2026-09-19,83000,NONE
ORD05368,CUST00081,2026-04-11,615000,NONE
ORD05369,CUST01355,2026-08-29,240000,NONE
ORD05370,CUST01523,2026-09-13,648000,DISC10
ORD05371,CUST06518,2026-03-16,74000,NONE
ORD05372,CUST02487,2026-03-19,143000,DISCC20
ORD05373,CUST01935,2026-03-22,912000,NONE
ORD05374,CUST06720,2026-08-24,502000,NONE
ORD05375,CUST00877,2026-03-13,142000,NONE
ORD05376,CUST01900,2026-02-15,140000,NONE
ORD05377,CUST01713,2026-07-26,157000,DISCC20
ORD05378,CUST01982,2026-01-22,657000,NONE
ORD05379,CUST07316,2026-01-17,164000,NONE
ORD05380,CUST08670,2026-06-25,803000,NONE
ORD05381,CUST03244,2026-05-08,972000,NONE
ORD05382,CUST00607,2026-04-20,325000,NONE
ORD05383,CUST07069,2026-04-09,414000,DISC 50
ORD05384,CUST08785,2026-04-17,38000,NONE
ORD05385,CUST07461,2026-04-02,691000,NONE
ORD05386,CUST08536,2026-06-04,131000,DISCC20
ORD05387,CUST02886,2026-05-25,127000,DISC10
ORD05388,CUST00373,2026-05-26,833000,NONE
ORD05389,CUST08599,2026-07-22,168000,DISC 50
ORD05390,CUST09445,2026-01-05,705000,DISC 50
ORD05391,CUST02460,2026-03-10,635000,DISC 50
ORD05392,CUST02111,2026-07-12,42000,NONE
ORD05393,CUST06009,2026-04-10,383000,NONE
ORD05394,CUST01082,2026-07-14,854000,NONE
ORD05395,CUST03517,2026-01-01,757000,NONE
ORD05396,CUST02101,2026-06-26,822000,NONE
ORD05397,CUST00280,2026-09-12,819000,DISC10
ORD05398,CUST07434,2026-04-28,146000,DISCC20
ORD05399,CUST03126,2026-05-22,459000,DISC 50
ORD05400,CUST08842,2026-06-17,400000,NONE
ORD05401,CUST02136,2026-06-07,242000,DISC10
ORD05402,CUST01228,2026-05-13,934000,NONE
ORD05403,CUST00421,2026-03-21,169000,NONE
ORD05404,CUST06922,2026-01-28,151000,DISC 50
ORD05405,CUST07854,2026-03-24,261000,NONE
ORD05406,CUST04554,2026-09-11,86000,DISCC20
ORD05407,CUST07260,2026-02-01,761000,NONE
ORD05408,CUST07066,2026-02-13,461000,NONE
ORD05409,CUST06756,2026-01-12,258000,DISCC20
ORD05410,CUST04611,2026-03-06,568000,NONE
ORD05411,CUST05610,2026-02-24,352000,DISC 50
ORD05412,CUST00125,2026-03-23,252000,NONE
ORD05413,CUST00531,2026-05-27,280000,DISC10
ORD05414,CUST00277,2026-03-05,655000,DISC 50
ORD05415,CUST08133,2026-07-27,602000,NONE
ORD05416,CUST06039,2026-08-20,458000,DISC 50
ORD05417,CUST06077,2026-02-03,478000,NONE
ORD05418,CUST06095,2026-06-28,316000,NONE
ORD05419,CUST04033,2026-03-30,282000,NONE
ORD05420,CUST02243,2026-02-24,881000,DISC 50
ORD05421,CUST07114,2026-08-25,27000,DISC10
ORD05422,CUST09093,2026-01-23,85000,DISC10
ORD05423,CUST02010,2026-09-21,64000,DISCC20
ORD05424,CUST06760,2026-01-14,592000,DISCC20
ORD05425,CUST07362,2026-02-21,433000,DISC 50
ORD05426,CUST08012,2026-02-16,190000,NONE
ORD05427,CUST00699,2026-09-22,582000,DISC10
ORD05428,CUST01597,2026-09-22,856000,NONE
ORD05429,CUST07337,2026-07-07,134000,DISCC20
ORD05430,CUST01773,2026-01-16,375000,NONE
ORD05431,CUST07594,2026-02-01,111000,DISCC20
ORD05432,CUST00696,2026-09-18,443000,NONE
ORD05433,CUST04039,2026-02-22,80000,NONE
ORD05434,CUST05442,2026-04-28,106000,DISC10
ORD05435,CUST05917,2026-05-28,568000,DISC 50
ORD05436,CUST04920,2026-09-09,229000,NONE
ORD05437,CUST01872,2026-03-31,745000,DISCC20
ORD05438,CUST00286,2026-01-13,603000,NONE
ORD05439,CUST05717,2026-04-04,569000,NONE
ORD05440,CUST07321,2026-07-01,461000,NONE
ORD05441,CUST09768,2026-08-08,284000,NONE
ORD05442,CUST03352,2026-01-16,148000,NONE
ORD05443,CUST05469,2026-01-03,228000,NONE
ORD05444,CUST09945,2026-04-13,437000,DISCC20
ORD05445,CUST04166,2026-08-14,883000,NONE
ORD05446,CUST07157,2026-07-21,867000,DISCC20
ORD05447,CUST05788,2026-02-10,624000,DISC10
ORD05448,CUST03942,2026-09-26,875000,DISCC20
ORD05449,CUST00311,2026-09-01,57000,DISC10
ORD05450,CUST06603,2026-05-17,449000,NONE
ORD05451,CUST05089,2026-02-21,363000,NONE
ORD05452,CUST01112,2026-01-13,839000,DISC10
ORD05453,CUST07323,2026-01-26,627000,NONE
ORD05454,CUST02037,2026-08-28,960000,DISC 50
ORD05455,CUST00322,2026-01-20,791000,NONE
ORD05456,CUST09594,2026-05-15,266000,NONE
ORD05457,CUST09223,2026-02-04,800000,NONE
ORD05458,CUST09408,2026-05-19,28000,DISC 50
ORD05459,CUST01078,2026-05-08,349000,DISCC20
ORD05460,CUST04187,2026-01-22,650000,NONE
ORD05461,CUST00621,2026-09-14,852000,NONE
ORD05462,CUST09797,2026-06-02,866000,NONE
ORD05463,CUST09931,2026-07-22,566000,NONE
ORD05464,CUST01067,2026-04-25,228000,NONE
ORD05465,CUST01971,2026-08-13,858000,NONE
ORD05466,CUST09880,2026-07-15,594000,NONE
ORD05467,CUST01673,2026-05-30,445000,NONE
ORD05468,CUST02433,2026-02-20,246000,NONE
ORD05469,CUST00805,2026-05-27,521000,NONE
ORD05470,CUST04068,2026-05-17,263000,DISCC20
ORD05471,CUST07159,2026-06-15,212000,DISCC20
ORD05472,CUST09683,2026-09-21,634000,DISC 50
ORD05473,CUST07309,2026-02-28,851000,DISC10
ORD05474,CUST04328,2026-02-04,194000,NONE
ORD05475,CUST00432,2026-03-13,244000,NONE
ORD05476,CUST08448,2026-01-27,496000,NONE
ORD05477,CUST01732,2026-03-29,116000,NONE
ORD05478,CUST02595,2026-01-29,701000,NONE
ORD05479,CUST04252,2026-01-15,122000,NONE
ORD05480,CUST03854,2026-02-12,403000,NONE
ORD05481,CUST09757,2026-09-20,541000,NONE
ORD05482,CUST02402,2026-08-18,943000,DISC10
ORD05483,CUST07282,2026-02-12,47000,NONE
ORD05484,CUST09629,2026-09-15,321000,NONE
ORD05485,CUST00501,2026-09-18,859000,DISC10
ORD05486,CUST04261,2026-07-24,336000,NONE
ORD05487,CUST02634,2026-03-12,801000,DISC10
ORD05488,CUST05834,2026-08-20,559000,NONE
ORD05489,CUST09357,2026-04-30,475000,NONE
ORD05490,CUST07171,2026-07-11,979000,DISC10
ORD05491,CUST01012,2026-03-30,856000,DISC10
ORD05492,CUST08849,2026-05-13,72000,NONE
ORD05493,CUST05247,2026-08-31,509000,NONE
ORD05494,CUST02947,2026-02-17,887000,DISCC20
ORD05495,CUST09232,2026-07-14,112000,DISC 50
ORD05496,CUST01500,2026-07-26,807000,NONE
ORD05497,CUST02586,2026-02-13,548000,NONE
ORD05498,CUST02710,2026-05-19,639000,NONE
ORD05499,CUST09170,2026-08-05,950000,NONE
ORD05500,CUST07592,2026-03-19,768000,NONE
ORD05501,CUST00820,2026-09-02,298000,DISC10
ORD05502,CUST03758,2026-07-01,755000,DISC10
ORD05503,CUST01449,2026-05-13,834000,NONE
ORD05504,CUST01844,2026-08-05,388000,NONE
ORD05505,CUST08100,2026-01-23,946000,NONE
ORD05506,CUST02901,2026-05-08,524000,DISC 50
ORD05507,CUST05461,2026-04-25,765000,NONE
ORD05508,CUST01754,2026-07-01,822000,NONE
ORD05509,CUST02978,2026-07-23,324000,NONE
ORD05510,CUST09909,2026-01-24,973000,NONE
ORD05511,CUST09992,2026-05-25,410000,NONE
ORD05512,CUST04339,2026-05-08,983000,NONE
ORD05513,CUST00420,2026-08-08,297000,NONE
ORD05514,CUST05119,2026-09-19,180000,DISC10
ORD05515,CUST00191,2026-08-16,181000,NONE
ORD05516,CUST01675,2026-06-23,420000,DISCC20
ORD05517,CUST05826,2026-03-23,618000,DISCC20
ORD05518,CUST04510,2026-07-28,580000,NONE
ORD05519,CUST00006,2026-03-06,539000,NONE
ORD05520,CUST04357,2026-04-24,572000,NONE
ORD05521,CUST08222,2026-09-30,258000,NONE
ORD05522,CUST07142,2026-01-22,165000,DISC 50
ORD05523,CUST07857,2026-07-22,179000,NONE
ORD05524,CUST09863,2026-08-16,614000,DISC10
ORD05525,CUST00362,2026-08-06,663000,DISC10
ORD05526,CUST04914,2026-02-15,100000,DISCC20
ORD05527,CUST09610,2026-02-27,942000,NONE
ORD05528,CUST05862,2026-05-08,702000,NONE
ORD05529,CUST03352,2026-03-25,756000,NONE
ORD05530,CUST03812,2026-02-25,243000,NONE
ORD05531,CUST00007,2026-07-28,374000,DISCC20
ORD05532,CUST00718,2026-05-08,965000,DISC 50
ORD05533,CUST09115,2026-06-14,548000,DISC10
ORD05534,CUST05447,2026-07-25,823000,NONE
ORD05535,CUST02713,2026-01-12,393000,DISC 50
ORD05536,CUST08120,2026-06-04,173000,DISC 50
ORD05537,CUST01596,2026-03-05,464000,DISC 50
ORD05538,CUST03167,2026-01-17,738000,DISC 50
ORD05539,CUST00463,2026-05-21,831000,NONE
ORD05540,CUST06588,2026-08-02,890000,DISC10
ORD05541,CUST07934,2026-08-29,943000,NONE
ORD05542,CUST08451,2026-02-03,154000,NONE
ORD05543,CUST09742,2026-05-13,576000,NONE
ORD05544,CUST08958,2026-01-22,579000,NONE
ORD05545,CUST06566,2026-01-02,497000,NONE
ORD05546,CUST01588,2026-03-16,303000,DISC10
ORD05547,CUST04438,2026-08-15,448000,NONE
ORD05548,CUST03711,2026-02-23,884000,DISC 50
ORD05549,CUST06464,2026-04-05,666000,NONE
ORD05550,CUST08945,2026-05-16,457000,NONE
ORD05551,CUST09532,2026-05-08,430000,NONE
ORD05552,CUST05106,2026-08-14,977000,NONE
ORD05553,CUST09294,2026-07-15,344000,NONE
ORD05554,CUST05363,2026-02-16,373000,NONE
ORD05555,CUST05138,2026-05-14,847000,NONE
ORD05556,CUST01813,2026-01-26,152000,NONE
ORD05557,CUST09816,2026-03-11,720000,DISCC20
ORD05558,CUST07828,2026-01-30,394000,DISCC20
ORD05559,CUST00729,2026-07-15,384000,DISC10
ORD05560,CUST07774,2026-02-06,105000,NONE
ORD05561,CUST03721,2026-02-01,877000,NONE
ORD05562,CUST03394,2026-07-22,456000,DISC 50
ORD05563,CUST06731,2026-05-08,751000,NONE
ORD05564,CUST01639,2026-03-06,552000,NONE
ORD05565,CUST05369,2026-05-14,406000,NONE
ORD05566,CUST06210,2026-01-29,522000,DISC10
ORD05567,CUST00406,2026-01-26,633000,NONE
ORD05568,CUST02227,2026-06-04,330000,NONE
ORD05569,CUST02932,2026-05-09,73000,DISC 50
ORD05570,CUST06145,2026-07-12,723000,DISC 50
ORD05571,CUST07068,2026-08-11,534000,NONE
ORD05572,CUST05356,2026-01-26,833000,NONE
ORD05573,CUST02652,2026-05-15,39000,DISC 50
ORD05574,CUST06941,2026-06-11,910000,DISC 50
ORD05575,CUST07260,2026-09-08,373000,NONE
ORD05576,CUST09359,2026-01-15,486000,DISC 50
ORD05577,CUST03617,2026-06-13,221000,NONE
ORD05578,CUST06966,2026-01-15,158000,DISCC20
ORD05579,CUST04229,2026-07-09,843000,NONE
ORD05580,CUST02144,2026-07-15,899000,NONE
ORD05581,CUST06861,2026-04-05,369000,NONE
ORD05582,CUST00888,2026-05-29,136000,NONE
ORD05583,CUST09891,2026-06-21,647000,DISC 50
ORD05584,CUST00880,2026-04-28,34000,NONE
ORD05585,CUST02626,2026-08-06,901000,DISCC20
ORD05586,CUST02866,2026-03-02,180000,DISC 50
ORD05587,CUST07405,2026-04-03,463000,NONE
ORD05588,CUST05090,2026-08-31,435000,DISCC20
ORD05589,CUST01104,2026-06-11,424000,DISC10
ORD05590,CUST01296,2026-02-23,206000,DISC 50
ORD05591,CUST01513,2026-02-21,406000,NONE
ORD05592,CUST08740,2026-05-09,841000,NONE
ORD05593,CUST00983,2026-07-18,31000,NONE
ORD05594,CUST01776,2026-01-08,510000,NONE
ORD05595,CUST06490,2026-09-22,517000,NONE
ORD05596,CUST09156,2026-09-11,155000,DISCC20
ORD05597,CUST02833,2026-02-10,616000,NONE
ORD05598,CUST07276,2026-07-03,978000,DISC10
ORD05599,CUST07310,2026-05-20,163000,NONE
ORD05600,CUST04311,2026-07-29,898000,DISCC20
ORD05601,CUST01248,2026-08-06,175000,NONE
ORD05602,CUST02698,2026-02-26,79000,DISCC20
ORD05603,CUST04117,2026-09-28,259000,NONE
ORD05604,CUST05606,2026-09-03,258000,NONE
ORD05605,CUST09646,2026-06-27,772000,NONE
ORD05606,CUST00788,2026-09-30,497000,NONE
ORD05607,CUST02766,2026-06-29,402000,DISC 50
ORD05608,CUST02865,2026-09-21,342000,DISCC20
ORD05609,CUST09134,2026-03-05,736000,DISCC20
ORD05610,CUST05314,2026-09-15,924000,DISC 50
ORD05611,CUST04397,2026-07-05,73000,DISC10
ORD05612,CUST04170,2026-08-08,337000,NONE
ORD05613,CUST04673,2026-07-08,692000,NONE
ORD05614,CUST02387,2026-06-23,915000,DISCC20
ORD05615,CUST01826,2026-02-09,168000,DISCC20
ORD05616,CUST07332,2026-03-20,317000,NONE
ORD05617,CUST01391,2026-09-09,486000,NONE
ORD05618,CUST03380,2026-07-23,273000,NONE
ORD05619,CUST02726,2026-05-31,526000,DISCC20
ORD05620,CUST03140,2026-01-16,913000,NONE
ORD05621,CUST02781,2026-07-14,864000,DISC10
ORD05622,CUST05794,2026-09-01,756000,DISC10
ORD05623,CUST01103,2026-02-01,646000,NONE
ORD05624,CUST00684,2026-05-07,286000,DISC 50
ORD05625,CUST00544,2026-04-10,420000,NONE
ORD05626,CUST05325,2026-04-28,761000,NONE
ORD05627,CUST02373,2026-09-15,298000,NONE
ORD05628,CUST05424,2026-04-28,893000,DISCC20
ORD05629,CUST00194,2026-06-06,61000,NONE
ORD05630,CUST08433,2026-02-23,95000,NONE
ORD05631,CUST07218,2026-07-22,510000,NONE
ORD05632,CUST08425,2026-05-27,951000,DISC10
ORD05633,CUST05659,2026-08-06,201000,DISC 50
ORD05634,CUST04168,2026-05-11,963000,NONE
ORD05635,CUST04287,2026-07-04,293000,NONE
ORD05636,CUST08712,2026-01-28,240000,NONE
ORD05637,CUST01081,2026-07-05,511000,NONE
ORD05638,CUST07379,2026-04-22,746000,NONE
ORD05639,CUST00256,2026-02-24,682000,NONE
ORD05640,CUST03948,2026-06-14,684000,NONE
ORD05641,CUST02410,2026-03-05,574000,NONE
ORD05642,CUST08397,2026-09-15,701000,DISC 50
ORD05643,CUST09305,2026-07-17,618000,NONE
ORD05644,CUST08430,2026-09-28,820000,DISCC20
ORD05645,CUST05015,2026-02-01,347000,NONE
ORD05646,CUST07854,2026-03-10,132000,DISC 50
ORD05647,CUST02254,2026-08-19,284000,NONE
ORD05648,CUST00597,2026-04-30,854000,DISC10
ORD05649,CUST04140,2026-07-15,204000,DISC 50
ORD05650,CUST03338,2026-03-09,876000,NONE
ORD05651,CUST09706,2026-04-26,485000,DISCC20
ORD05652,CUST03858,2026-09-24,268000,NONE
ORD05653,CUST02474,2026-02-22,140000,NONE
ORD05654,CUST00493,2026-09-13,426000,DISCC20
ORD05655,CUST02825,2026-04-18,554000,NONE
ORD05656,CUST09472,2026-01-26,595000,DISCC20
ORD05657,CUST02388,2026-03-27,149000,DISC10
ORD05658,CUST00245,2026-03-01,214000,DISCC20
ORD05659,CUST00035,2026-03-31,41000,DISC10
ORD05660,CUST06324,2026-09-25,497000,NONE
ORD05661,CUST01878,2026-07-14,71000,DISC10
ORD05662,CUST09780,2026-09-18,712000,NONE
ORD05663,CUST06329,2026-09-04,149000,DISC10
ORD05664,CUST04842,2026-02-12,218000,DISC 50
ORD05665,CUST01523,2026-07-16,320000,DISC10
ORD05666,CUST09061,2026-05-01,321000,DISC 50
ORD05667,CUST01394,2026-05-05,628000,NONE
ORD05668,CUST07907,2026-01-25,307000,NONE
ORD05669,CUST03195,2026-03-12,347000,DISC 50
ORD05670,CUST09646,2026-07-29,348000,NONE
ORD05671,CUST00572,2026-02-20,28000,DISCC20
ORD05672,CUST07489,2026-01-09,880000,NONE
ORD05673,CUST00058,2026-04-04,403000,DISC 50
ORD05674,CUST09640,2026-06-18,413000,NONE
ORD05675,CUST05430,2026-02-08,45000,NONE
ORD05676,CUST07142,2026-01-24,468000,NONE
ORD05677,CUST06916,2026-07-19,300000,DISC10
ORD05678,CUST00214,2026-02-07,951000,NONE
ORD05679,CUST06078,2026-07-21,331000,DISC10
ORD05680,CUST03684,2026-02-16,313000,DISC10
ORD05681,CUST08875,2026-08-17,356000,DISC10
ORD05682,CUST09691,2026-07-24,300000,NONE
ORD05683,CUST00688,2026-08-29,560000,NONE
ORD05684,CUST06018,2026-01-08,816000,NONE
ORD05685,CUST07044,2026-04-10,454000,NONE
ORD05686,CUST04821,2026-04-14,592000,DISCC20
ORD05687,CUST08754,2026-07-13,768000,NONE
ORD05688,CUST02611,2026-07-27,422000,NONE
ORD05689,CUST00253,2026-08-24,565000,DISCC20
ORD05690,CUST09143,2026-08-10,593000,NONE
ORD05691,CUST07742,2026-03-02,566000,NONE
ORD05692,CUST01191,2026-09-06,397000,DISC10
ORD05693,CUST09689,2026-07-09,464000,DISCC20
ORD05694,CUST07431,2026-07-05,889000,DISC10
ORD05695,CUST06178,2026-08-21,48000,NONE
ORD05696,CUST02073,2026-05-02,47000,DISC10
ORD05697,CUST07072,2026-03-09,927000,NONE
ORD05698,CUST07448,2026-07-03,894000,NONE
ORD05699,CUST09459,2026-09-25,597000,DISCC20
ORD05700,CUST00241,2026-07-14,334000,DISC10
ORD05701,CUST09366,2026-01-03,402000,DISCC20
ORD05702,CUST07553,2026-02-07,394000,DISC 50
ORD05703,CUST05151,2026-09-19,145000,NONE
ORD05704,CUST07487,2026-09-07,322000,NONE
ORD05705,CUST02261,2026-02-16,524000,DISC 50
ORD05706,CUST09866,2026-07-17,214000,DISC10
ORD05707,CUST08878,2026-02-19,714000,NONE
ORD05708,CUST04593,2026-03-16,119000,NONE
ORD05709,CUST02258,2026-07-26,471000,DISC 50
ORD05710,CUST02666,2026-04-01,169000,NONE
ORD05711,CUST05477,2026-09-02,549000,NONE
ORD05712,CUST07361,2026-02-08,79000,NONE
ORD05713,CUST06004,2026-05-16,297000,DISCC20
ORD05714,CUST09070,2026-02-23,379000,NONE
ORD05715,CUST06109,2026-05-31,522000,DISC10
ORD05716,CUST07129,2026-06-13,823000,NONE
ORD05717,CUST00048,2026-03-06,890000,NONE
ORD05718,CUST02070,2026-03-14,889000,DISC 50
ORD05719,CUST00001,2026-09-12,752000,NONE
ORD05720,CUST00816,2026-01-10,89000,NONE
ORD05721,CUST03598,2026-07-24,972000,NONE
ORD05722,CUST06718,2026-06-25,306000,DISC10
ORD05723,CUST02813,2026-08-24,241000,DISCC20
ORD05724,CUST07701,2026-05-23,206000,NONE
ORD05725,CUST09175,2026-03-25,650000,DISC 50
ORD05726,CUST00083,2026-05-24,84000,DISC10
ORD05727,CUST08523,2026-09-06,692000,NONE
ORD05728,CUST02637,2026-04-04,730000,DISC 50
ORD05729,CUST03939,2026-08-20,117000,DISCC20
ORD05730,CUST01188,2026-08-03,423000,NONE
ORD05731,CUST00103,2026-07-11,518000,DISC10
ORD05732,CUST05758,2026-01-31,990000,NONE
ORD05733,CUST01499,2026-01-31,143000,NONE
ORD05734,CUST00017,2026-07-10,650000,DISCC20
ORD05735,CUST01790,2026-08-26,860000,NONE
ORD05736,CUST05161,2026-02-14,215000,NONE
ORD05737,CUST00715,2026-02-11,786000,DISC 50
ORD05738,CUST07219,2026-04-27,79000,NONE
ORD05739,CUST03271,2026-03-11,69000,DISC10
ORD05740,CUST01162,2026-08-25,854000,NONE
ORD05741,CUST00241,2026-06-10,29000,NONE
ORD05742,CUST01420,2026-05-12,923000,NONE
ORD05743,CUST09205,2026-06-09,753000,DISC 50
ORD05744,CUST03720,2026-05-31,855000,NONE
ORD05745,CUST09298,2026-03-14,559000,NONE
ORD05746,CUST09718,2026-07-31,593000,NONE
ORD05747,CUST06753,2026-04-20,377000,DISCC20
ORD05748,CUST04572,2026-05-12,508000,DISC10
ORD05749,CUST01444,2026-07-31,664000,NONE
ORD05750,CUST02315,2026-09-21,510000,DISCC20
ORD05751,CUST08822,2026-06-09,109000,DISCC20
ORD05752,CUST00582,2026-02-06,289000,DISC 50
ORD05753,CUST02519,2026-01-24,385000,NONE
ORD05754,CUST03634,2026-07-26,726000,DISCC20
ORD05755,CUST07673,2026-02-05,938000,DISC 50
ORD05756,CUST05898,2026-04-20,473000,DISC 50
ORD05757,CUST03965,2026-09-26,370000,DISCC20
ORD05758,CUST08683,2026-08-04,86000,NONE
ORD05759,CUST08941,2026-05-20,470000,DISC10
ORD05760,CUST07337,2026-08-08,223000,NONE
ORD05761,CUST04119,2026-04-23,937000,DISC 50
ORD05762,CUST03199,2026-09-15,585000,DISC 50
ORD05763,CUST05209,2026-04-01,844000,DISCC20
ORD05764,CUST04882,2026-07-15,440000,DISCC20
ORD05765,CUST05421,2026-01-25,367000,DISC10
ORD05766,CUST07280,2026-08-17,974000,DISC 50
ORD05767,CUST06447,2026-01-26,393000,NONE
ORD05768,CUST05775,2026-06-21,106000,DISC 50
ORD05769,CUST02613,2026-07-23,235000,NONE
ORD05770,CUST00160,2026-04-04,633000,DISC10
ORD05771,CUST05318,2026-06-20,134000,DISC10
ORD05772,CUST05071,2026-09-10,773000,DISC10
ORD05773,CUST03827,2026-02-22,127000,DISC10
ORD05774,CUST07581,2026-02-21,822000,NONE
ORD05775,CUST01553,2026-07-18,640000,NONE
ORD05776,CUST02332,2026-01-10,361000,DISC 50
ORD05777,CUST06375,2026-08-16,80000,NONE
ORD05778,CUST02756,2026-04-01,674000,DISC10
ORD05779,CUST06078,2026-07-27,966000,DISCC20
ORD05780,CUST04392,2026-06-11,740000,DISC10
ORD05781,CUST00011,2026-04-01,939000,DISC10
ORD05782,CUST02986,2026-03-11,473000,DISC 50
ORD05783,CUST00976,2026-07-02,35000,DISCC20
ORD05784,CUST00832,2026-08-02,105000,DISC 50
ORD05785,CUST05526,2026-02-26,244000,NONE
ORD05786,CUST05686,2026-04-04,842000,NONE
ORD05787,CUST07212,2026-05-13,673000,NONE
ORD05788,CUST00525,2026-06-23,473000,DISC 50
ORD05789,CUST08067,2026-01-23,127000,NONE
ORD05790,CUST02116,2026-04-08,499000,NONE
ORD05791,CUST05798,2026-01-26,750000,NONE
ORD05792,CUST00460,2026-07-07,960000,DISCC20
ORD05793,CUST00789,2026-02-03,34000,NONE
ORD05794,CUST03543,2026-05-28,336000,NONE
ORD05795,CUST03331,2026-01-07,731000,NONE
ORD05796,CUST00050,2026-03-02,309000,DISC 50
ORD05797,CUST00515,2026-03-06,924000,DISCC20
ORD05798,CUST00748,2026-08-08,543000,NONE
ORD05799,CUST01056,2026-05-26,98000,NONE
ORD05800,CUST01537,2026-06-03,251000,NONE
ORD05801,CUST02856,2026-06-22,583000,DISC 50
ORD05802,CUST03992,2026-06-27,956000,DISC 50
ORD05803,CUST02401,2026-06-24,71000,DISC 50
ORD05804,CUST01158,2026-07-18,59000,DISC10
ORD05805,CUST07978,2026-07-28,608000,NONE
ORD05806,CUST00315,2026-01-07,432000,NONE
ORD05807,CUST08971,2026-08-08,85000,DISC10
ORD05808,CUST07197,2026-07-18,513000,DISC 50
ORD05809,CUST03959,2026-01-23,515000,NONE
ORD05810,CUST02054,2026-05-17,758000,DISCC20
ORD05811,CUST09344,2026-04-10,893000,DISC 50
ORD05812,CUST09520,2026-06-07,740000,DISC 50
ORD05813,CUST00337,2026-04-26,27000,NONE
ORD05814,CUST07512,2026-09-09,411000,DISCC20
ORD05815,CUST05376,2026-06-21,33000,DISCC20
ORD05816,CUST05701,2026-03-24,873000,DISC10
ORD05817,CUST08082,2026-02-07,242000,NONE
ORD05818,CUST04180,2026-06-10,158000,NONE
ORD05819,CUST04684,2026-04-05,133000,NONE
ORD05820,CUST03011,2026-05-11,621000,DISC10
ORD05821,CUST09383,2026-04-06,744000,DISCC20
ORD05822,CUST03627,2026-04-23,340000,DISC 50
ORD05823,CUST01143,2026-02-18,40000,NONE
ORD05824,CUST09361,2026-01-17,65000,NONE
ORD05825,CUST00761,2026-08-04,389000,DISCC20
ORD05826,CUST08864,2026-01-03,594000,NONE
ORD05827,CUST04150,2026-09-19,273000,DISC10
ORD05828,CUST01912,2026-03-19,115000,NONE
ORD05829,CUST07276,2026-07-21,250000,DISCC20
ORD05830,CUST04614,2026-01-04,942000,NONE
ORD05831,CUST07480,2026-06-21,367000,NONE
ORD05832,CUST05297,2026-08-19,902000,NONE
ORD05833,CUST01438,2026-04-06,200000,NONE
ORD05834,CUST05107,2026-08-05,196000,NONE
ORD05835,CUST03784,2026-01-24,888000,DISCC20
ORD05836,CUST02936,2026-08-03,841000,DISC10
ORD05837,CUST07497,2026-03-14,403000,DISC 50
ORD05838,CUST03057,2026-09-24,104000,DISC 50
ORD05839,CUST07592,2026-08-25,936000,DISC10
ORD05840,CUST00018,2026-03-06,954000,NONE
ORD05841,CUST01489,2026-02-28,845000,DISC 50
ORD05842,CUST03698,2026-03-24,755000,NONE
ORD05843,CUST02965,2026-01-04,218000,NONE
ORD05844,CUST01622,2026-03-28,687000,NONE
ORD05845,CUST01107,2026-03-29,386000,NONE
ORD05846,CUST08557,2026-03-05,611000,NONE
ORD05847,CUST05998,2026-01-03,604000,DISC10
ORD05848,CUST01744,2026-08-11,816000,DISC10
ORD05849,CUST07153,2026-09-15,241000,NONE
ORD05850,CUST05445,2026-07-10,588000,NONE
ORD05851,CUST09643,2026-02-11,926000,DISC 50
ORD05852,CUST07708,2026-08-26,196000,NONE
ORD05853,CUST06255,2026-02-18,594000,NONE
ORD05854,CUST00825,2026-01-23,793000,DISC 50
ORD05855,CUST07844,2026-05-02,572000,NONE
ORD05856,CUST01101,2026-04-21,585000,NONE
ORD05857,CUST08332,2026-03-21,955000,NONE
ORD05858,CUST02825,2026-09-03,847000,NONE
ORD05859,CUST05435,2026-05-22,928000,DISC 50
ORD05860,CUST01573,2026-01-28,551000,DISCC20
ORD05861,CUST07812,2026-03-28,191000,DISC10
ORD05862,CUST02911,2026-01-28,589000,DISCC20
ORD05863,CUST08793,2026-05-31,155000,NONE
ORD05864,CUST02217,2026-04-28,703000,DISCC20
ORD05865,CUST04129,2026-01-31,115000,DISC 50
ORD05866,CUST07984,2026-05-23,310000,NONE
ORD05867,CUST02158,2026-04-19,971000,NONE
ORD05868,CUST01798,2026-09-26,92000,NONE
ORD05869,CUST09459,2026-07-04,641000,NONE
ORD05870,CUST00168,2026-04-11,714000,DISCC20
ORD05871,CUST02091,2026-01-07,61000,NONE
ORD05872,CUST00831,2026-04-17,308000,NONE
ORD05873,CUST03589,2026-03-18,897000,DISCC20
ORD05874,CUST07192,2026-03-08,534000,DISC 50
ORD05875,CUST01692,2026-03-07,274000,DISC 50
ORD05876,CUST00679,2026-04-10,945000,DISCC20
ORD05877,CUST01533,2026-09-15,452000,DISC 50
ORD05878,CUST06671,2026-01-25,284000,NONE
ORD05879,CUST00048,2026-04-11,723000,DISC10
ORD05880,CUST09747,2026-06-26,261000,NONE
ORD05881,CUST07531,2026-08-22,389000,NONE
ORD05882,CUST08803,2026-02-19,254000,DISCC20
ORD05883,CUST00376,2026-02-06,692000,DISCC20
ORD05884,CUST06812,2026-02-15,724000,NONE
ORD05885,CUST07696,2026-02-07,330000,NONE
ORD05886,CUST02608,2026-01-21,621000,NONE
ORD05887,CUST03575,2026-09-29,147000,DISC10
ORD05888,CUST04063,2026-05-15,887000,NONE
ORD05889,CUST01096,2026-05-22,659000,NONE
ORD05890,CUST02658,2026-07-20,179000,NONE
ORD05891,CUST03327,2026-02-11,986000,DISC10
ORD05892,CUST07977,2026-08-03,39000,NONE
ORD05893,CUST06012,2026-01-29,440000,NONE
ORD05894,CUST06844,2026-07-08,886000,NONE
ORD05895,CUST00665,2026-08-24,417000,DISCC20
ORD05896,CUST02507,2026-07-21,111000,NONE
ORD05897,CUST06451,2026-09-20,395000,DISC 50
ORD05898,CUST04968,2026-01-31,620000,DISC 50
ORD05899,CUST04924,2026-05-11,696000,DISC10
ORD05900,CUST07070,2026-08-14,425000,DISCC20
ORD05901,CUST09907,2026-06-06,813000,DISCC20
ORD05902,CUST09299,2026-04-26,451000,DISC 50
ORD05903,CUST04953,2026-01-05,687000,NONE
ORD05904,CUST02741,2026-07-12,489000,DISCC20
ORD05905,CUST02768,2026-03-08,419000,DISCC20
ORD05906,CUST01925,2026-08-11,115000,DISC 50
ORD05907,CUST04190,2026-03-17,246000,NONE
ORD05908,CUST05629,2026-03-12,988000,NONE
ORD05909,CUST04368,2026-06-14,714000,DISCC20
ORD05910,CUST08433,2026-02-21,895000,NONE
ORD05911,CUST08746,2026-01-21,777000,NONE
ORD05912,CUST06678,2026-02-20,176000,NONE
ORD05913,CUST05098,2026-05-03,954000,NONE
ORD05914,CUST09844,2026-02-13,609000,NONE
ORD05915,CUST04320,2026-07-14,250000,DISCC20
ORD05916,CUST03923,2026-06-23,933000,DISCC20
ORD05917,CUST07552,2026-05-25,216000,DISC 50
ORD05918,CUST05975,2026-01-30,569000,DISCC20
ORD05919,CUST04023,2026-04-26,291000,DISCC20
ORD05920,CUST03947,2026-01-18,104000,DISC10
ORD05921,CUST08668,2026-07-07,536000,NONE
ORD05922,CUST06126,2026-01-15,761000,DISC 50
ORD05923,CUST07650,2026-07-09,822000,NONE
ORD05924,CUST09236,2026-07-19,716000,DISC 50
ORD05925,CUST05421,2026-09-13,840000,NONE
ORD05926,CUST09615,2026-07-25,754000,NONE
ORD05927,CUST05497,2026-05-18,994000,DISCC20
ORD05928,CUST03931,2026-07-04,472000,DISC 50
ORD05929,CUST04438,2026-08-30,427000,NONE
ORD05930,CUST06264,2026-09-15,851000,DISC10
ORD05931,CUST03419,2026-08-09,952000,DISC 50
ORD05932,CUST01296,2026-03-06,206000,DISC 50
ORD05933,CUST06062,2026-05-27,47000,NONE
ORD05934,CUST09383,2026-01-05,365000,NONE
ORD05935,CUST08324,2026-06-06,114000,DISC 50
ORD05936,CUST06539,2026-04-05,635000,DISCC20
ORD05937,CUST06082,2026-06-15,614000,NONE
ORD05938,CUST04950,2026-07-23,889000,NONE
ORD05939,CUST01849,2026-04-04,898000,DISCC20
ORD05940,CUST07426,2026-01-07,915000,DISC 50
ORD05941,CUST03926,2026-03-11,401000,NONE
ORD05942,CUST04354,2026-03-02,210000,NONE
ORD05943,CUST04685,2026-03-04,78000,NONE
ORD05944,CUST08921,2026-05-16,622000,DISCC20
ORD05945,CUST02580,2026-05-07,988000,NONE
ORD05946,CUST04932,2026-03-01,820000,DISC 50
ORD05947,CUST03498,2026-06-08,760000,DISC10
ORD05948,CUST09283,2026-08-20,447000,DISCC20
ORD05949,CUST03703,2026-08-23,131000,NONE
ORD05950,CUST00492,2026-01-10,571000,NONE
ORD05951,CUST08122,2026-03-04,987000,NONE
ORD05952,CUST02737,2026-07-02,170000,DISC10
ORD05953,CUST06036,2026-02-10,772000,NONE
ORD05954,CUST01514,2026-08-17,963000,NONE
ORD05955,CUST05216,2026-05-24,185000,DISCC20
ORD05956,CUST04578,2026-07-05,781000,DISCC20
ORD05957,CUST08282,2026-08-10,841000,NONE
ORD05958,CUST04376,2026-05-13,889000,NONE
ORD05959,CUST00797,2026-09-13,140000,NONE
ORD05960,CUST02681,2026-04-10,915000,NONE
ORD05961,CUST08668,2026-01-13,445000,DISC 50
ORD05962,CUST03647,2026-03-17,951000,NONE
ORD05963,CUST07422,2026-08-25,160000,NONE
ORD05964,CUST06559,2026-08-09,723000,DISC 50
ORD05965,CUST03086,2026-07-28,224000,NONE
ORD05966,CUST01827,2026-01-02,310000,DISC10
ORD05967,CUST05851,2026-01-24,859000,DISCC20
ORD05968,CUST08799,2026-08-13,89000,DISC10
ORD05969,CUST05333,2026-07-08,689000,NONE
ORD05970,CUST00596,2026-01-24,50000,DISCC20
ORD05971,CUST02920,2026-09-05,771000,DISCC20
ORD05972,CUST05066,2026-02-03,215000,DISC 50
ORD05973,CUST03193,2026-08-26,147000,NONE
ORD05974,CUST09900,2026-01-14,333000,DISCC20
ORD05975,CUST03566,2026-03-05,806000,NONE
ORD05976,CUST01423,2026-09-28,531000,DISCC20
ORD05977,CUST03252,2026-01-18,149000,DISCC20
ORD05978,CUST05667,2026-07-13,384000,NONE
ORD05979,CUST08489,2026-03-20,819000,NONE
ORD05980,CUST00439,2026-04-01,640000,NONE
ORD05981,CUST09431,2026-04-06,768000,NONE
ORD05982,CUST04033,2026-09-06,377000,DISCC20
ORD05983,CUST05772,2026-07-11,872000,NONE
ORD05984,CUST03845,2026-04-20,176000,DISCC20
ORD05985,CUST07254,2026-03-19,257000,NONE
ORD05986,CUST08556,2026-04-08,642000,NONE
ORD05987,CUST00024,2026-03-31,319000,DISC 50
ORD05988,CUST03639,2026-08-31,825000,DISC 50
ORD05989,CUST02117,2026-04-26,257000,NONE
ORD05990,CUST01428,2026-08-07,544000,DISC 50
ORD05991,CUST07693,2026-01-18,431000,DISC10
ORD05992,CUST09032,2026-01-26,495000,DISC10
ORD05993,CUST03071,2026-09-19,423000,NONE
ORD05994,CUST01980,2026-09-12,807000,NONE
ORD05995,CUST03276,2026-03-23,415000,DISC10
ORD05996,CUST00232,2026-02-20,528000,DISC10
ORD05997,CUST06496,2026-03-21,127000,DISC 50
ORD05998,CUST09147,2026-04-24,719000,NONE
ORD05999,CUST01469,2026-04-04,904000,NONE
ORD06000,CUST04295,2026-08-11,571000,DISC 50
ORD06001,CUST07840,2026-07-26,230000,DISC 50
ORD06002,CUST04304,2026-08-15,159000,DISCC20
ORD06003,CUST03551,2026-04-18,732000,DISCC20
ORD06004,CUST02645,2026-03-14,966000,NONE
ORD06005,CUST00277,2026-09-18,674000,DISC10
ORD06006,CUST04158,2026-05-30,182000,DISC 50
ORD06007,CUST03017,2026-03-20,207000,NONE
ORD06008,CUST06636,2026-07-01,83000,NONE
ORD06009,CUST05531,2026-04-04,241000,DISC 50
ORD06010,CUST06384,2026-01-26,273000,NONE
ORD06011,CUST04009,2026-09-03,93000,NONE
ORD06012,CUST08710,2026-02-28,81000,DISC 50
ORD06013,CUST08058,2026-07-23,307000,DISC10
ORD06014,CUST00104,2026-05-01,522000,NONE
ORD06015,CUST03754,2026-06-11,902000,NONE
ORD06016,CUST02000,2026-06-06,693000,NONE
ORD06017,CUST02433,2026-06-15,38000,NONE
ORD06018,CUST03601,2026-02-06,818000,NONE
ORD06019,CUST06575,2026-03-31,701000,DISC10
ORD06020,CUST04700,2026-09-18,704000,NONE
ORD06021,CUST09354,2026-04-28,873000,NONE
ORD06022,CUST05987,2026-08-31,420000,DISC10
ORD06023,CUST04536,2026-06-10,834000,NONE
ORD06024,CUST05924,2026-01-24,351000,DISC 50
ORD06025,CUST02856,2026-02-07,984000,NONE
ORD06026,CUST06035,2026-02-04,113000,NONE
ORD06027,CUST01180,2026-05-18,104000,NONE
ORD06028,CUST05406,2026-06-25,463000,DISC 50
ORD06029,CUST09332,2026-01-09,980000,NONE
ORD06030,CUST09441,2026-02-16,763000,NONE
ORD06031,CUST09682,2026-04-19,353000,NONE
ORD06032,CUST05862,2026-09-12,849000,DISCC20
ORD06033,CUST07818,2026-01-31,847000,DISC10
ORD06034,CUST00298,2026-03-12,284000,DISCC20
ORD06035,CUST02594,2026-08-11,707000,DISC10
ORD06036,CUST08129,2026-02-06,123000,DISCC20
ORD06037,CUST02453,2026-02-15,339000,DISC10
ORD06038,CUST09365,2026-04-14,274000,NONE
ORD06039,CUST06612,2026-08-09,498000,NONE
ORD06040,CUST06652,2026-08-21,62000,NONE
ORD06041,CUST07776,2026-09-25,245000,DISC10
ORD06042,CUST06986,2026-03-26,527000,NONE
ORD06043,CUST01310,2026-04-29,842000,NONE
ORD06044,CUST02161,2026-04-05,473000,NONE
ORD06045,CUST00464,2026-07-19,496000,DISC 50
ORD06046,CUST08762,2026-09-29,661000,NONE
ORD06047,CUST05774,2026-08-04,267000,NONE
ORD06048,CUST09367,2026-04-17,946000,NONE
ORD06049,CUST03327,2026-06-08,143000,NONE
ORD06050,CUST06263,2026-02-16,361000,DISC 50
ORD06051,CUST00506,2026-04-07,549000,NONE
ORD06052,CUST02977,2026-06-21,263000,DISC10
ORD06053,CUST00749,2026-03-16,187000,DISC10
ORD06054,CUST05767,2026-02-05,887000,DISC10
ORD06055,CUST07968,2026-06-28,851000,NONE
ORD06056,CUST04634,2026-05-20,601000,NONE
ORD06057,CUST04655,2026-08-22,516000,DISC10
ORD06058,CUST00020,2026-01-26,168000,NONE
ORD06059,CUST06483,2026-08-26,338000,DISC 50
ORD06060,CUST08134,2026-08-11,435000,DISC 50
ORD06061,CUST09718,2026-08-18,485000,DISC 50
ORD06062,CUST06878,2026-02-15,860000,DISCC20
ORD06063,CUST05695,2026-07-17,461000,NONE
ORD06064,CUST04210,2026-01-18,903000,DISC 50
ORD06065,CUST00378,2026-01-17,441000,DISCC20
ORD06066,CUST05157,2026-06-30,740000,DISCC20
ORD06067,CUST03264,2026-08-29,63000,NONE
ORD06068,CUST04463,2026-07-17,603000,NONE
ORD06069,CUST07609,2026-04-06,476000,DISC10
ORD06070,CUST09265,2026-02-26,690000,DISC 50
ORD06071,CUST09328,2026-03-12,737000,NONE
ORD06072,CUST05261,2026-04-25,235000,DISC10
ORD06073,CUST09725,2026-07-09,502000,NONE
ORD06074,CUST02937,2026-01-05,401000,DISC 50
ORD06075,CUST02647,2026-02-26,566000,DISCC20
ORD06076,CUST06776,2026-08-25,715000,DISCC20
ORD06077,CUST04911,2026-08-07,265000,DISC10
ORD06078,CUST04752,2026-06-10,963000,NONE
ORD06079,CUST06447,2026-06-21,382000,DISC 50
ORD06080,CUST07121,2026-07-31,278000,DISC 50
ORD06081,CUST04289,2026-06-19,920000,DISC 50
ORD06082,CUST05037,2026-04-24,751000,DISC 50
ORD06083,CUST05003,2026-02-07,651000,DISC10
ORD06084,CUST09329,2026-07-22,975000,NONE
ORD06085,CUST09953,2026-05-06,273000,NONE
ORD06086,CUST04519,2026-05-13,617000,NONE
ORD06087,CUST03710,2026-05-26,613000,DISC 50
ORD06088,CUST04323,2026-07-29,42000,NONE
ORD06089,CUST02394,2026-03-29,254000,DISC10
ORD06090,CUST08201,2026-06-18,455000,DISCC20
ORD06091,CUST03581,2026-09-02,614000,NONE
ORD06092,CUST08559,2026-09-30,621000,DISC 50
ORD06093,CUST04083,2026-02-21,186000,DISC10
ORD06094,CUST09356,2026-01-05,481000,DISCC20
ORD06095,CUST02840,2026-02-01,142000,NONE
ORD06096,CUST07847,2026-01-23,359000,DISC 50
ORD06097,CUST05698,2026-09-23,222000,DISC 50
ORD06098,CUST06071,2026-07-31,369000,NONE
ORD06099,CUST02059,2026-03-09,63000,DISCC20
ORD06100,CUST00704,2026-01-06,334000,DISC 50
ORD06101,CUST04988,2026-08-10,415000,DISC10
ORD06102,CUST03661,2026-03-17,605000,DISC10
ORD06103,CUST02318,2026-01-15,943000,NONE
ORD06104,CUST01748,2026-07-02,164000,DISC10
ORD06105,CUST07561,2026-04-15,366000,NONE
ORD06106,CUST08664,2026-07-02,748000,NONE
ORD06107,CUST03119,2026-07-20,363000,NONE
ORD06108,CUST07723,2026-06-22,27000,NONE
ORD06109,CUST01293,2026-08-09,969000,NONE
ORD06110,CUST01127,2026-04-22,292000,NONE
ORD06111,CUST09053,2026-07-04,330000,DISCC20
ORD06112,CUST05362,2026-05-13,431000,NONE
ORD06113,CUST01387,2026-04-24,99000,DISCC20
ORD06114,CUST00788,2026-07-09,931000,DISCC20
ORD06115,CUST03008,2026-06-01,220000,NONE
ORD06116,CUST02224,2026-03-22,59000,DISCC20
ORD06117,CUST05080,2026-04-10,493000,DISC 50
ORD06118,CUST04344,2026-04-04,441000,DISCC20
ORD06119,CUST00307,2026-02-25,333000,DISCC20
ORD06120,CUST09494,2026-08-19,450000,NONE
ORD06121,CUST08852,2026-07-22,876000,DISC10
ORD06122,CUST09047,2026-01-17,835000,NONE
ORD06123,CUST02308,2026-06-10,607000,DISC 50
ORD06124,CUST09545,2026-07-15,76000,DISCC20
ORD06125,CUST07984,2026-02-15,473000,DISC 50
ORD06126,CUST07632,2026-02-02,294000,DISCC20
ORD06127,CUST04950,2026-01-20,237000,DISC 50
ORD06128,CUST02543,2026-01-30,258000,NONE
ORD06129,CUST00769,2026-07-07,192000,DISCC20
ORD06130,CUST06917,2026-05-24,425000,DISC 50
ORD06131,CUST07348,2026-04-03,794000,DISC 50
ORD06132,CUST03260,2026-03-23,230000,DISCC20
ORD06133,CUST02512,2026-09-24,663000,DISCC20
ORD06134,CUST02234,2026-01-05,41000,DISCC20
ORD06135,CUST06575,2026-06-19,612000,DISC10
ORD06136,CUST03350,2026-04-21,923000,DISC10
ORD06137,CUST00360,2026-04-28,249000,DISCC20
ORD06138,CUST06690,2026-05-10,504000,NONE
ORD06139,CUST02013,2026-02-04,711000,NONE
ORD06140,CUST05984,2026-08-22,980000,DISC10
ORD06141,CUST06994,2026-08-13,170000,NONE
ORD06142,CUST05165,2026-06-27,280000,NONE
ORD06143,CUST02844,2026-01-30,309000,NONE
ORD06144,CUST03451,2026-07-09,82000,DISC10
ORD06145,CUST03782,2026-03-30,777000,NONE
ORD06146,CUST07990,2026-05-13,199000,DISCC20
ORD06147,CUST03552,2026-01-15,302000,NONE
ORD06148,CUST00765,2026-03-09,155000,NONE
ORD06149,CUST07512,2026-06-01,94000,NONE
ORD06150,CUST01489,2026-01-09,490000,NONE
ORD06151,CUST02678,2026-03-25,702000,DISCC20
ORD06152,CUST00854,2026-05-30,927000,DISC 50
ORD06153,CUST07199,2026-01-30,858000,NONE
ORD06154,CUST04243,2026-07-31,701000,NONE
ORD06155,CUST01665,2026-08-25,876000,NONE
ORD06156,CUST05262,2026-09-11,869000,DISC 50
ORD06157,CUST01735,2026-07-31,662000,NONE
ORD06158,CUST04321,2026-04-04,76000,NONE
ORD06159,CUST08874,2026-07-04,257000,NONE
ORD06160,CUST02525,2026-08-14,832000,NONE
ORD06161,CUST02431,2026-08-29,372000,NONE
ORD06162,CUST02948,2026-02-02,184000,DISC 50
ORD06163,CUST09584,2026-01-21,825000,NONE
ORD06164,CUST06313,2026-06-25,428000,NONE
ORD06165,CUST04174,2026-05-25,961000,NONE
ORD06166,CUST04054,2026-03-17,522000,DISCC20
ORD06167,CUST07396,2026-04-07,612000,DISC10
ORD06168,CUST01634,2026-04-06,158000,DISC10
ORD06169,CUST00773,2026-02-14,147000,NONE
ORD06170,CUST08414,2026-08-23,67000,DISCC20
ORD06171,CUST09058,2026-06-27,450000,NONE
ORD06172,CUST01212,2026-01-26,490000,DISC10
ORD06173,CUST04774,2026-09-06,735000,DISC10
ORD06174,CUST09802,2026-04-26,179000,DISC 50
ORD06175,CUST09630,2026-02-23,659000,NONE
ORD06176,CUST05816,2026-05-09,207000,NONE
ORD06177,CUST01793,2026-06-12,530000,DISC10
ORD06178,CUST02876,2026-03-30,170000,NONE
ORD06179,CUST04171,2026-07-18,280000,DISCC20
ORD06180,CUST02979,2026-08-21,192000,DISC10
ORD06181,CUST04740,2026-07-04,178000,DISCC20
ORD06182,CUST06156,2026-02-27,205000,NONE
ORD06183,CUST04271,2026-06-14,630000,NONE
ORD06184,CUST03152,2026-07-15,955000,DISCC20
ORD06185,CUST08841,2026-01-01,861000,DISCC20
ORD06186,CUST04750,2026-04-14,326000,DISC 50
ORD06187,CUST00304,2026-08-15,337000,NONE
ORD06188,CUST08178,2026-09-23,545000,NONE
ORD06189,CUST00193,2026-06-19,302000,NONE
ORD06190,CUST02724,2026-01-11,35000,DISC 50
ORD06191,CUST08315,2026-07-13,725000,DISC 50
ORD06192,CUST05132,2026-02-06,219000,NONE
ORD06193,CUST08141,2026-08-18,288000,NONE
ORD06194,CUST06509,2026-04-04,462000,NONE
ORD06195,CUST02621,2026-04-18,995000,NONE
ORD06196,CUST06785,2026-06-12,263000,DISC 50
ORD06197,CUST07412,2026-04-05,968000,NONE
ORD06198,CUST05225,2026-08-31,838000,DISCC20
ORD06199,CUST05877,2026-03-23,605000,DISCC20
ORD06200,CUST06855,2026-01-09,107000,NONE
ORD06201,CUST08893,2026-06-28,110000,DISCC20
ORD06202,CUST00456,2026-03-10,694000,DISC 50
ORD06203,CUST02473,2026-03-22,631000,DISC 50
ORD06204,CUST01169,2026-03-01,355000,NONE
ORD06205,CUST00689,2026-04-22,180000,NONE
ORD06206,CUST05175,2026-06-12,800000,NONE
ORD06207,CUST03811,2026-07-25,471000,DISCC20
ORD06208,CUST02526,2026-08-26,686000,NONE
ORD06209,CUST04861,2026-03-30,705000,DISCC20
ORD06210,CUST07070,2026-01-22,411000,DISC10
ORD06211,CUST04247,2026-06-21,663000,NONE
ORD06212,CUST09032,2026-01-14,372000,DISC10
ORD06213,CUST03355,2026-04-10,766000,DISC10
ORD06214,CUST08820,2026-04-25,803000,DISC10
ORD06215,CUST04467,2026-01-23,612000,NONE
ORD06216,CUST02573,2026-04-25,90000,NONE
ORD06217,CUST02897,2026-02-12,895000,DISCC20
ORD06218,CUST02833,2026-02-18,825000,DISC10
ORD06219,CUST04851,2026-07-10,548000,NONE
ORD06220,CUST06103,2026-02-27,576000,DISCC20
ORD06221,CUST08904,2026-08-11,452000,NONE
ORD06222,CUST06578,2026-09-13,330000,DISC10
ORD06223,CUST09550,2026-02-23,137000,NONE
ORD06224,CUST04295,2026-06-17,594000,NONE
ORD06225,CUST06381,2026-01-30,341000,DISC 50
ORD06226,CUST00016,2026-03-10,68000,NONE
ORD06227,CUST09340,2026-04-01,975000,NONE
ORD06228,CUST07246,2026-09-12,678000,NONE
ORD06229,CUST04007,2026-09-03,876000,DISC 50
ORD06230,CUST05363,2026-09-24,819000,NONE
ORD06231,CUST06582,2026-07-18,313000,NONE
ORD06232,CUST01946,2026-06-09,635000,NONE
ORD06233,CUST03567,2026-03-08,328000,NONE
ORD06234,CUST01832,2026-04-03,650000,DISCC20
ORD06235,CUST02373,2026-08-12,208000,DISC10
ORD06236,CUST02999,2026-04-09,42000,DISC 50
ORD06237,CUST00746,2026-02-02,316000,DISCC20
ORD06238,CUST08715,2026-05-10,247000,DISC10
ORD06239,CUST07957,2026-05-25,985000,NONE
ORD06240,CUST01476,2026-02-27,507000,NONE
ORD06241,CUST02514,2026-08-17,870000,NONE
ORD06242,CUST09427,2026-05-23,732000,NONE
ORD06243,CUST02636,2026-02-19,551000,NONE
ORD06244,CUST01817,2026-04-12,778000,NONE
ORD06245,CUST00935,2026-01-11,249000,NONE
ORD06246,CUST06715,2026-08-05,46000,NONE
ORD06247,CUST00035,2026-03-28,88000,DISC10
ORD06248,CUST03223,2026-06-28,790000,DISCC20
ORD06249,CUST03169,2026-06-22,582000,NONE
ORD06250,CUST01579,2026-04-07,28000,DISC 50
ORD06251,CUST05352,2026-01-24,854000,DISCC20
ORD06252,CUST04003,2026-05-19,932000,NONE
ORD06253,CUST09009,2026-05-01,751000,DISC10
ORD06254,CUST09063,2026-07-01,730000,DISCC20
ORD06255,CUST02801,2026-08-02,700000,NONE
ORD06256,CUST00978,2026-02-01,486000,NONE
ORD06257,CUST07082,2026-10-01,192000,NONE
ORD06258,CUST03999,2026-08-12,903000,DISCC20
ORD06259,CUST09107,2026-04-01,935000,DISCC20
ORD06260,CUST09985,2026-09-14,939000,NONE
ORD06261,CUST03515,2026-04-15,859000,NONE
ORD06262,CUST01365,2026-07-28,542000,DISC 50
ORD06263,CUST08886,2026-02-28,959000,NONE
ORD06264,CUST06516,2026-04-01,490000,DISC10
ORD06265,CUST07112,2026-05-07,590000,DISC 50
ORD06266,CUST00014,2026-02-25,101000,DISCC20
ORD06267,CUST08288,2026-03-21,835000,DISCC20
ORD06268,CUST03697,2026-04-13,759000,NONE
ORD06269,CUST01625,2026-03-20,714000,NONE
ORD06270,CUST03667,2026-09-18,382000,DISCC20
ORD06271,CUST09832,2026-08-25,770000,DISC10
ORD06272,CUST07814,2026-09-28,358000,NONE
ORD06273,CUST06653,2026-01-11,1000000,NONE
ORD06274,CUST06319,2026-09-10,122000,NONE
ORD06275,CUST06923,2026-01-23,798000,NONE
ORD06276,CUST09536,2026-07-09,196000,DISC10
ORD06277,CUST01646,2026-09-25,901000,NONE
ORD06278,CUST04053,2026-05-17,813000,DISC10
ORD06279,CUST07653,2026-03-07,646000,NONE
ORD06280,CUST01914,2026-07-29,496000,NONE
ORD06281,CUST05773,2026-02-26,632000,NONE
ORD06282,CUST04047,2026-10-01,579000,NONE
ORD06283,CUST05734,2026-06-03,701000,NONE
ORD06284,CUST00273,2026-04-02,758000,NONE
ORD06285,CUST06403,2026-03-19,410000,DISC 50
ORD06286,CUST08747,2026-07-24,418000,DISCC20
ORD06287,CUST09417,2026-07-01,874000,DISC10
ORD06288,CUST05304,2026-03-12,483000,DISCC20
ORD06289,CUST08311,2026-06-07,632000,NONE
ORD06290,CUST05627,2026-03-25,358000,DISCC20
ORD06291,CUST07130,2026-05-20,668000,NONE
ORD06292,CUST07281,2026-01-05,780000,DISC 50
ORD06293,CUST09492,2026-03-11,907000,NONE
ORD06294,CUST07292,2026-01-12,299000,NONE
ORD06295,CUST02339,2026-09-01,808000,NONE
ORD06296,CUST06932,2026-07-30,629000,DISC 50
ORD06297,CUST07175,2026-02-02,612000,NONE
ORD06298,CUST07937,2026-07-22,47000,NONE
ORD06299,CUST09065,2026-01-02,825000,NONE
ORD06300,CUST05030,2026-08-23,727000,NONE
ORD06301,CUST04177,2026-09-12,597000,DISC 50
ORD06302,CUST06646,2026-05-26,307000,DISC10
ORD06303,CUST03171,2026-09-18,846000,NONE
ORD06304,CUST04953,2026-09-16,140000,NONE
ORD06305,CUST03974,2026-08-25,320000,NONE
ORD06306,CUST05626,2026-09-23,236000,NONE
ORD06307,CUST01751,2026-10-01,414000,DISC 50
ORD06308,CUST00459,2026-10-01,296000,DISC 50
ORD06309,CUST00162,2026-06-11,836000,NONE
ORD06310,CUST08434,2026-03-27,850000,NONE
ORD06311,CUST05353,2026-01-06,200000,DISC10
ORD06312,CUST02688,2026-01-17,433000,DISCC20
ORD06313,CUST00641,2026-08-23,431000,NONE
ORD06314,CUST09059,2026-05-29,641000,DISC10
ORD06315,CUST08919,2026-01-10,208000,DISC 50
ORD06316,CUST04140,2026-10-01,392000,NONE
ORD06317,CUST03629,2026-02-23,25000,NONE
ORD06318,CUST00675,2026-04-08,362000,NONE
ORD06319,CUST08862,2026-06-06,589000,DISCC20
ORD06320,CUST04292,2026-08-31,878000,NONE
ORD06321,CUST09066,2026-02-24,380000,NONE
ORD06322,CUST00239,2026-05-02,177000,NONE
ORD06323,CUST00209,2026-07-09,73000,DISC10
ORD06324,CUST00753,2026-04-19,720000,DISC 50
ORD06325,CUST06608,2026-07-19,129000,NONE
ORD06326,CUST03331,2026-07-02,42000,DISC 50
ORD06327,CUST04797,2026-07-18,124000,NONE
ORD06328,CUST09263,2026-05-14,221000,NONE
ORD06329,CUST07078,2026-05-31,484000,NONE
ORD06330,CUST08236,2026-01-27,804000,NONE
ORD06331,CUST01939,2026-01-10,568000,NONE
ORD06332,CUST06791,2026-03-24,924000,NONE
ORD06333,CUST00512,2026-01-18,140000,NONE
ORD06334,CUST07008,2026-04-15,406000,NONE
ORD06335,CUST00780,2026-03-04,261000,DISC 50
ORD06336,CUST04965,2026-06-01,997000,DISC 50
ORD06337,CUST09855,2026-03-09,634000,DISC10
ORD06338,CUST07930,2026-07-21,305000,NONE
ORD06339,CUST06914,2026-06-25,597000,NONE
ORD06340,CUST02701,2026-07-11,333000,DISC10
ORD06341,CUST02323,2026-07-13,831000,DISCC20
ORD06342,CUST05302,2026-03-01,957000,DISC 50
ORD06343,CUST07827,2026-08-12,165000,DISC 50
ORD06344,CUST02921,2026-08-06,213000,DISCC20
ORD06345,CUST09978,2026-03-05,33000,DISC 50
ORD06346,CUST03531,2026-05-01,979000,NONE
ORD06347,CUST07203,2026-05-31,837000,DISC10
ORD06348,CUST08175,2026-05-13,339000,NONE
ORD06349,CUST04974,2026-07-19,579000,DISC 50
ORD06350,CUST06101,2026-06-16,636000,DISCC20
ORD06351,CUST05346,2026-08-12,199000,DISC10
ORD06352,CUST08756,2026-04-29,255000,DISC 50
ORD06353,CUST08014,2026-01-04,875000,DISC10
ORD06354,CUST04710,2026-03-12,366000,NONE
ORD06355,CUST03575,2026-06-28,129000,DISCC20
ORD06356,CUST00055,2026-01-29,783000,DISCC20
ORD06357,CUST02093,2026-07-21,699000,DISCC20
ORD06358,CUST01114,2026-02-16,976000,NONE
ORD06359,CUST03881,2026-08-30,970000,NONE
ORD06360,CUST07591,2026-03-15,531000,DISCC20
ORD06361,CUST04436,2026-08-06,573000,NONE
ORD06362,CUST05678,2026-05-07,594000,DISC 50
ORD06363,CUST09080,2026-06-14,357000,DISCC20
ORD06364,CUST09576,2026-04-03,709000,DISC 50
ORD06365,CUST05674,2026-03-29,168000,NONE
ORD06366,CUST01662,2026-06-10,440000,DISC10
ORD06367,CUST05369,2026-09-15,525000,DISC 50
ORD06368,CUST07351,2026-02-13,93000,DISC10
ORD06369,CUST00856,2026-06-22,566000,NONE
ORD06370,CUST05952,2026-01-25,340000,NONE
ORD06371,CUST04233,2026-02-17,483000,NONE
ORD06372,CUST04412,2026-06-07,507000,DISCC20
ORD06373,CUST03520,2026-07-07,390000,DISCC20
ORD06374,CUST07183,2026-06-02,919000,NONE
ORD06375,CUST01838,2026-06-01,878000,NONE
ORD06376,CUST05840,2026-03-02,619000,DISC 50
ORD06377,CUST03268,2026-08-24,291000,DISC 50
ORD06378,CUST00601,2026-04-15,366000,DISCC20
ORD06379,CUST08365,2026-09-08,572000,DISC10
ORD06380,CUST03199,2026-04-24,152000,NONE
ORD06381,CUST06903,2026-04-22,110000,DISC10
ORD06382,CUST03927,2026-04-13,870000,NONE
ORD06383,CUST09845,2026-09-24,211000,NONE
ORD06384,CUST08405,2026-01-20,510000,NONE
ORD06385,CUST02869,2026-10-01,856000,NONE
ORD06386,CUST05778,2026-02-04,838000,DISCC20
ORD06387,CUST08902,2026-09-03,511000,DISCC20
ORD06388,CUST04674,2026-01-05,872000,NONE
ORD06389,CUST03014,2026-08-11,348000,NONE
ORD06390,CUST05136,2026-02-02,210000,DISC10
ORD06391,CUST05010,2026-08-16,443000,DISC 50
ORD06392,CUST05365,2026-04-19,771000,DISCC20
ORD06393,CUST08387,2026-09-05,76000,DISC10
ORD06394,CUST09250,2026-09-20,909000,DISC10
ORD06395,CUST06961,2026-07-02,727000,NONE
ORD06396,CUST04793,2026-04-07,310000,NONE
ORD06397,CUST01436,2026-09-12,777000,NONE
ORD06398,CUST06208,2026-08-15,980000,DISCC20
ORD06399,CUST09648,2026-07-23,979000,DISC10
ORD06400,CUST03678,2026-06-08,239000,NONE
ORD06401,CUST09629,2026-03-11,644000,NONE
ORD06402,CUST06162,2026-05-12,669000,NONE
ORD06403,CUST05595,2026-05-15,78000,NONE
ORD06404,CUST00606,2026-01-15,139000,DISC10
ORD06405,CUST09758,2026-09-30,592000,DISC 50
ORD06406,CUST03734,2026-09-03,616000,DISC10
ORD06407,CUST03834,2026-09-30,877000,NONE
ORD06408,CUST02683,2026-06-24,122000,NONE
ORD06409,CUST08853,2026-02-13,633000,NONE
ORD06410,CUST04760,2026-09-25,951000,DISC 50
ORD06411,CUST04831,2026-03-29,424000,DISC 50
ORD06412,CUST08466,2026-09-21,329000,NONE
ORD06413,CUST09550,2026-08-23,404000,NONE
ORD06414,CUST09193,2026-03-29,957000,DISC 50
ORD06415,CUST05384,2026-09-09,675000,NONE
ORD06416,CUST08519,2026-06-28,154000,NONE
ORD06417,CUST09705,2026-02-26,77000,DISCC20
ORD06418,CUST01171,2026-03-15,476000,NONE
ORD06419,CUST08828,2026-08-25,648000,NONE
ORD06420,CUST02256,2026-02-07,331000,NONE
ORD06421,CUST09969,2026-04-07,954000,NONE
ORD06422,CUST07572,2026-02-11,39000,DISC 50
ORD06423,CUST04903,2026-09-28,962000,DISC 50
ORD06424,CUST01621,2026-06-18,833000,DISC 50
ORD06425,CUST06971,2026-04-16,533000,DISCC20
ORD06426,CUST06410,2026-09-25,560000,DISC10
ORD06427,CUST02986,2026-02-12,768000,DISCC20
ORD06428,CUST03440,2026-01-16,565000,NONE
ORD06429,CUST07118,2026-06-24,894000,NONE
ORD06430,CUST01343,2026-02-28,616000,DISCC20
ORD06431,CUST08828,2026-09-09,106000,DISC 50
ORD06432,CUST09445,2026-06-22,36000,DISC10
ORD06433,CUST01727,2026-03-27,480000,NONE
ORD06434,CUST06069,2026-01-25,348000,DISCC20
ORD06435,CUST06930,2026-08-06,624000,DISCC20
ORD06436,CUST06123,2026-04-24,116000,NONE
ORD06437,CUST08268,2026-06-10,576000,DISC10
ORD06438,CUST00195,2026-08-26,812000,NONE
ORD06439,CUST03198,2026-06-13,154000,NONE
ORD06440,CUST00328,2026-07-22,789000,NONE
ORD06441,CUST01997,2026-03-04,614000,DISCC20
ORD06442,CUST00171,2026-02-10,279000,NONE
ORD06443,CUST09397,2026-03-06,510000,DISC 50
ORD06444,CUST05164,2026-03-10,382000,DISC10
ORD06445,CUST06990,2026-05-05,68000,NONE
ORD06446,CUST08702,2026-01-31,360000,NONE
ORD06447,CUST08230,2026-02-21,759000,DISC10
ORD06448,CUST04644,2026-01-22,360000,DISC10
ORD06449,CUST04905,2026-03-11,242000,NONE
ORD06450,CUST03385,2026-08-25,435000,DISC10
ORD06451,CUST08699,2026-06-25,533000,DISCC20
ORD06452,CUST06588,2026-07-14,168000,NONE
ORD06453,CUST03556,2026-02-10,731000,DISC 50
ORD06454,CUST09824,2026-09-18,435000,NONE
ORD06455,CUST03425,2026-05-06,386000,DISCC20
ORD06456,CUST00117,2026-01-31,666000,DISC 50
ORD06457,CUST07049,2026-06-14,117000,DISC 50
ORD06458,CUST07379,2026-05-30,706000,DISCC20
ORD06459,CUST05478,2026-02-14,906000,NONE
ORD06460,CUST03923,2026-07-12,623000,NONE
ORD06461,CUST05851,2026-04-06,380000,DISC10
ORD06462,CUST06224,2026-02-21,322000,DISCC20
ORD06463,CUST00698,2026-07-21,700000,DISCC20
ORD06464,CUST03932,2026-09-18,507000,NONE
ORD06465,CUST07487,2026-04-04,53000,DISCC20
ORD06466,CUST06197,2026-08-04,444000,DISC10
ORD06467,CUST04086,2026-06-25,327000,DISCC20
ORD06468,CUST01347,2026-09-24,411000,DISC 50
ORD06469,CUST01126,2026-05-12,861000,NONE
ORD06470,CUST01255,2026-07-31,60000,DISC10
ORD06471,CUST05298,2026-08-25,674000,DISCC20
ORD06472,CUST08773,2026-06-21,918000,NONE
ORD06473,CUST06711,2026-06-03,873000,DISC 50
ORD06474,CUST06117,2026-01-22,152000,DISC10
ORD06475,CUST09179,2026-04-07,584000,DISC10
ORD06476,CUST08035,2026-03-11,244000,DISC10
ORD06477,CUST02339,2026-05-16,523000,NONE
ORD06478,CUST06918,2026-04-17,162000,NONE
ORD06479,CUST04314,2026-02-22,673000,DISC 50
ORD06480,CUST07427,2026-05-19,143000,NONE
ORD06481,CUST09699,2026-04-28,349000,DISCC20
ORD06482,CUST09427,2026-01-12,446000,NONE
ORD06483,CUST06855,2026-01-23,532000,NONE
ORD06484,CUST09943,2026-05-14,666000,NONE
ORD06485,CUST09334,2026-01-02,202000,DISCC20
ORD06486,CUST08792,2026-09-16,806000,DISC 50
ORD06487,CUST07444,2026-09-18,808000,DISC 50
ORD06488,CUST05745,2026-06-13,139000,NONE
ORD06489,CUST05385,2026-05-02,575000,NONE
ORD06490,CUST02225,2026-08-21,891000,NONE
ORD06491,CUST07431,2026-03-05,297000,DISCC20
ORD06492,CUST06961,2026-01-11,850000,NONE
ORD06493,CUST01732,2026-03-03,800000,NONE
ORD06494,CUST00576,2026-05-19,232000,DISC 50
ORD06495,CUST09678,2026-04-17,540000,NONE
ORD06496,CUST08311,2026-02-03,530000,DISCC20
ORD06497,CUST07262,2026-08-29,692000,NONE
ORD06498,CUST08389,2026-07-03,252000,NONE
ORD06499,CUST03514,2026-04-30,439000,DISC 50
ORD06500,CUST07365,2026-09-01,39000,DISC 50
ORD06501,CUST03811,2026-02-18,759000,DISC10
ORD06502,CUST01847,2026-01-07,989000,DISC 50
ORD06503,CUST08400,2026-04-09,870000,NONE
ORD06504,CUST00380,2026-08-03,215000,NONE
ORD06505,CUST06487,2026-03-07,161000,DISC 50
ORD06506,CUST02734,2026-05-16,65000,DISC 50
ORD06507,CUST02792,2026-02-04,908000,DISCC20
ORD06508,CUST00571,2026-02-13,766000,NONE
ORD06509,CUST07377,2026-07-02,497000,DISCC20
ORD06510,CUST04400,2026-01-04,801000,DISC 50
ORD06511,CUST00323,2026-02-03,82000,NONE
ORD06512,CUST09693,2026-09-11,883000,NONE
ORD06513,CUST01634,2026-05-20,603000,DISCC20
ORD06514,CUST04436,2026-03-23,405000,DISCC20
ORD06515,CUST00975,2026-02-08,661000,NONE
ORD06516,CUST01619,2026-06-08,674000,DISCC20
ORD06517,CUST04540,2026-03-15,582000,NONE
ORD06518,CUST09624,2026-01-15,772000,NONE
ORD06519,CUST02475,2026-09-01,787000,NONE
ORD06520,CUST09410,2026-05-11,441000,DISCC20
ORD06521,CUST02908,2026-04-04,407000,DISC10
ORD06522,CUST04892,2026-09-11,837000,DISCC20
ORD06523,CUST04746,2026-04-05,39000,DISC 50
ORD06524,CUST02825,2026-04-20,454000,DISC10
ORD06525,CUST08743,2026-02-25,873000,NONE
ORD06526,CUST00581,2026-01-27,222000,DISC 50
ORD06527,CUST08616,2026-07-15,466000,DISC10
ORD06528,CUST03525,2026-07-15,76000,NONE
ORD06529,CUST02447,2026-01-07,584000,NONE
ORD06530,CUST02783,2026-08-18,82000,DISCC20
ORD06531,CUST00521,2026-01-18,633000,DISC 50
ORD06532,CUST06405,2026-05-02,939000,NONE
ORD06533,CUST01149,2026-03-11,609000,DISC 50
ORD06534,CUST06706,2026-04-11,581000,NONE
ORD06535,CUST00164,2026-01-16,372000,NONE
ORD06536,CUST09911,2026-09-01,345000,DISC10
ORD06537,CUST01570,2026-01-31,531000,DISCC20
ORD06538,CUST05465,2026-03-11,842000,NONE
ORD06539,CUST00426,2026-01-07,842000,NONE
ORD06540,CUST07561,2026-04-21,116000,DISCC20
ORD06541,CUST07397,2026-01-18,200000,DISCC20
ORD06542,CUST01789,2026-02-17,234000,NONE
ORD06543,CUST09280,2026-07-14,67000,NONE
ORD06544,CUST07744,2026-09-18,930000,DISC10
ORD06545,CUST08121,2026-07-19,170000,DISCC20
ORD06546,CUST00409,2026-03-03,848000,DISC 50
ORD06547,CUST04577,2026-06-11,786000,NONE
ORD06548,CUST08127,2026-02-27,138000,NONE
ORD06549,CUST08965,2026-03-27,852000,DISC10
ORD06550,CUST00104,2026-08-31,490000,DISC 50
ORD06551,CUST04013,2026-06-06,441000,DISC10
ORD06552,CUST03696,2026-03-16,802000,DISC 50
ORD06553,CUST02159,2026-05-31,213000,DISC 50
ORD06554,CUST01522,2026-03-15,688000,NONE
ORD06555,CUST02361,2026-01-08,375000,DISCC20
ORD06556,CUST09630,2026-04-20,301000,DISC10
ORD06557,CUST00279,2026-03-14,622000,DISC 50
ORD06558,CUST07309,2026-06-06,841000,NONE
ORD06559,CUST06158,2026-04-03,656000,DISC10
ORD06560,CUST02993,2026-04-17,455000,NONE
ORD06561,CUST05175,2026-06-30,121000,DISCC20
ORD06562,CUST07706,2026-03-08,443000,DISC10
ORD06563,CUST09875,2026-08-27,862000,DISC 50
ORD06564,CUST02195,2026-01-13,301000,DISC 50
ORD06565,CUST09574,2026-07-03,578000,DISC 50
ORD06566,CUST06264,2026-02-27,62000,DISCC20
ORD06567,CUST01742,2026-02-24,613000,NONE
ORD06568,CUST05238,2026-02-26,977000,NONE
ORD06569,CUST02798,2026-02-16,849000,NONE
ORD06570,CUST04679,2026-07-27,775000,NONE
ORD06571,CUST04183,2026-07-31,515000,NONE
ORD06572,CUST08417,2026-08-08,715000,NONE
ORD06573,CUST03505,2026-03-06,499000,NONE
ORD06574,CUST00159,2026-01-31,537000,NONE
ORD06575,CUST05112,2026-05-18,492000,DISC 50
ORD06576,CUST08376,2026-01-13,792000,DISCC20
ORD06577,CUST09134,2026-08-13,115000,NONE
ORD06578,CUST09370,2026-02-26,58000,NONE
ORD06579,CUST09294,2026-05-30,158000,DISC10
ORD06580,CUST04928,2026-08-12,69000,DISC10
ORD06581,CUST09360,2026-07-26,779000,NONE
ORD06582,CUST03304,2026-09-28,427000,NONE
ORD06583,CUST03234,2026-03-07,829000,DISC 50
ORD06584,CUST04565,2026-04-28,578000,DISC 50
ORD06585,CUST07161,2026-09-19,301000,NONE
ORD06586,CUST08261,2026-01-21,186000,DISC10
ORD06587,CUST09406,2026-04-25,565000,NONE
ORD06588,CUST04495,2026-06-13,467000,DISCC20
ORD06589,CUST00160,2026-03-17,197000,DISC10
ORD06590,CUST03266,2026-03-27,786000,NONE
ORD06591,CUST02432,2026-09-09,912000,DISC10
ORD06592,CUST05388,2026-07-03,26000,DISCC20
ORD06593,CUST00033,2026-04-22,87000,DISC10
ORD06594,CUST08988,2026-01-10,556000,NONE
ORD06595,CUST04780,2026-05-08,786000,NONE
ORD06596,CUST07430,2026-07-26,270000,NONE
ORD06597,CUST00080,2026-02-26,28000,NONE
ORD06598,CUST09368,2026-09-24,811000,NONE
ORD06599,CUST01988,2026-02-16,283000,DISC10
ORD06600,CUST00044,2026-07-27,48000,NONE
ORD06601,CUST06300,2026-02-17,606000,NONE
ORD06602,CUST03852,2026-03-19,167000,NONE
ORD06603,CUST03303,2026-09-11,981000,NONE
ORD06604,CUST09457,2026-09-30,769000,NONE
ORD06605,CUST06361,2026-01-23,34000,NONE
ORD06606,CUST04919,2026-06-22,581000,DISC10
ORD06607,CUST07865,2026-08-06,289000,NONE
ORD06608,CUST00666,2026-05-06,76000,DISC10
ORD06609,CUST04544,2026-09-21,725000,DISCC20
ORD06610,CUST07120,2026-05-08,146000,DISC10
ORD06611,CUST07302,2026-05-06,109000,DISC10
ORD06612,CUST01396,2026-09-25,350000,DISC10
ORD06613,CUST04246,2026-07-09,362000,NONE
ORD06614,CUST09394,2026-03-14,849000,DISC 50
ORD06615,CUST00298,2026-03-18,218000,NONE
ORD06616,CUST00198,2026-05-14,95000,DISC 50
ORD06617,CUST05308,2026-04-15,805000,DISCC20
ORD06618,CUST06765,2026-05-23,445000,DISC10
ORD06619,CUST05270,2026-08-17,409000,NONE
ORD06620,CUST04643,2026-05-09,620000,NONE
ORD06621,CUST06627,2026-05-20,467000,NONE
ORD06622,CUST00880,2026-03-17,122000,DISC10
ORD06623,CUST04375,2026-03-12,927000,NONE
ORD06624,CUST02282,2026-01-09,748000,NONE
ORD06625,CUST08307,2026-02-16,180000,DISCC20
ORD06626,CUST08411,2026-04-24,482000,NONE
ORD06627,CUST00019,2026-05-28,177000,NONE
ORD06628,CUST00552,2026-03-14,568000,DISC 50
ORD06629,CUST01148,2026-09-14,533000,DISC 50
ORD06630,CUST02228,2026-06-16,503000,DISCC20
ORD06631,CUST03157,2026-07-03,446000,DISC 50
ORD06632,CUST03642,2026-03-23,377000,NONE
ORD06633,CUST00138,2026-01-09,326000,DISC10
ORD06634,CUST01552,2026-03-23,815000,NONE
ORD06635,CUST09039,2026-03-13,743000,DISC 50
ORD06636,CUST08995,2026-02-24,143000,NONE
ORD06637,CUST01138,2026-08-03,668000,DISCC20
ORD06638,CUST05669,2026-06-17,603000,DISC10
ORD06639,CUST06514,2026-05-27,142000,DISC10
ORD06640,CUST07613,2026-02-01,641000,DISCC20
ORD06641,CUST00908,2026-04-23,295000,NONE
ORD06642,CUST00386,2026-07-29,80000,DISC10
ORD06643,CUST09201,2026-03-07,273000,NONE
ORD06644,CUST07509,2026-03-15,113000,DISC10
ORD06645,CUST02880,2026-02-15,230000,DISCC20
ORD06646,CUST01125,2026-08-07,384000,DISC10
ORD06647,CUST00482,2026-03-06,695000,DISC 50
ORD06648,CUST06132,2026-09-30,36000,NONE
ORD06649,CUST07131,2026-08-08,794000,DISC 50
ORD06650,CUST04237,2026-04-25,344000,NONE
ORD06651,CUST05005,2026-01-24,695000,DISCC20
ORD06652,CUST07206,2026-03-15,454000,DISCC20
ORD06653,CUST06273,2026-06-03,870000,DISC10
ORD06654,CUST01444,2026-02-24,365000,DISCC20
ORD06655,CUST05996,2026-01-04,536000,NONE
ORD06656,CUST05065,2026-04-15,528000,DISCC20
ORD06657,CUST03849,2026-05-13,383000,NONE
ORD06658,CUST01362,2026-08-04,527000,NONE
ORD06659,CUST02771,2026-10-01,192000,DISC 50
ORD06660,CUST02068,2026-02-21,870000,NONE
ORD06661,CUST06460,2026-04-04,488000,DISC10
ORD06662,CUST06423,2026-09-18,892000,NONE
ORD06663,CUST05753,2026-07-18,979000,NONE
ORD06664,CUST02501,2026-07-24,901000,DISCC20
ORD06665,CUST01255,2026-05-22,973000,NONE
ORD06666,CUST06698,2026-08-15,897000,NONE
ORD06667,CUST08367,2026-08-15,901000,DISC 50
ORD06668,CUST07755,2026-05-31,503000,DISC10
ORD06669,CUST09473,2026-03-23,86000,NONE
ORD06670,CUST05925,2026-04-17,40000,DISC10
ORD06671,CUST01784,2026-07-31,850000,NONE
ORD06672,CUST08202,2026-06-05,604000,NONE
ORD06673,CUST02386,2026-06-04,153000,DISCC20
ORD06674,CUST04455,2026-06-10,856000,DISCC20
ORD06675,CUST00879,2026-06-07,339000,NONE
ORD06676,CUST06200,2026-08-03,585000,DISCC20
ORD06677,CUST02471,2026-02-26,113000,DISC 50
ORD06678,CUST04142,2026-08-10,644000,NONE
ORD06679,CUST02681,2026-07-02,390000,DISC 50
ORD06680,CUST00282,2026-03-30,434000,NONE
ORD06681,CUST04638,2026-05-22,683000,DISC10
ORD06682,CUST01657,2026-03-05,711000,NONE
ORD06683,CUST03205,2026-09-10,584000,NONE
ORD06684,CUST08704,2026-02-11,175000,NONE
ORD06685,CUST00042,2026-05-08,902000,NONE
ORD06686,CUST03826,2026-08-08,339000,DISCC20
ORD06687,CUST09614,2026-06-22,832000,DISC 50
ORD06688,CUST08237,2026-09-14,850000,DISCC20
ORD06689,CUST08655,2026-02-03,554000,DISC 50
ORD06690,CUST08796,2026-08-03,48000,NONE
ORD06691,CUST04255,2026-07-27,911000,DISC10
ORD06692,CUST01612,2026-06-27,861000,DISC10
ORD06693,CUST02978,2026-01-23,118000,DISCC20
ORD06694,CUST05096,2026-07-09,225000,NONE
ORD06695,CUST01348,2026-05-23,846000,NONE
ORD06696,CUST04050,2026-04-06,908000,DISC10
ORD06697,CUST06578,2026-03-02,77000,DISC 50
ORD06698,CUST06945,2026-09-28,29000,DISCC20
ORD06699,CUST02332,2026-09-12,127000,NONE
ORD06700,CUST06309,2026-09-16,79000,DISC10
ORD06701,CUST02674,2026-04-14,88000,NONE
ORD06702,CUST01721,2026-04-14,633000,NONE
ORD06703,CUST01314,2026-01-26,116000,DISC 50
ORD06704,CUST00217,2026-01-17,239000,DISC 50
ORD06705,CUST01914,2026-09-01,271000,DISC10
ORD06706,CUST01621,2026-09-12,628000,NONE
ORD06707,CUST00747,2026-08-01,824000,NONE
ORD06708,CUST06357,2026-02-23,930000,DISCC20
ORD06709,CUST00835,2026-07-01,764000,NONE
ORD06710,CUST01615,2026-05-13,620000,NONE
ORD06711,CUST07646,2026-05-26,866000,NONE
ORD06712,CUST05975,2026-06-18,968000,DISC10
ORD06713,CUST01263,2026-03-03,235000,NONE
ORD06714,CUST03662,2026-06-24,370000,NONE
ORD06715,CUST01956,2026-03-26,48000,NONE
ORD06716,CUST09145,2026-03-27,566000,NONE
ORD06717,CUST08563,2026-08-16,787000,DISC10
ORD06718,CUST02255,2026-08-30,823000,NONE
ORD06719,CUST03715,2026-01-29,504000,DISC10
ORD06720,CUST01734,2026-08-01,461000,DISC10
ORD06721,CUST01820,2026-09-20,822000,NONE
ORD06722,CUST02534,2026-08-29,157000,DISCC20
ORD06723,CUST04118,2026-07-16,517000,NONE
ORD06724,CUST08774,2026-03-03,227000,NONE
ORD06725,CUST03715,2026-06-23,66000,NONE
ORD06726,CUST09170,2026-08-03,909000,DISC10
ORD06727,CUST02983,2026-01-04,842000,DISC 50
ORD06728,CUST08996,2026-01-08,400000,DISC 50
ORD06729,CUST08201,2026-08-27,57000,DISC10
ORD06730,CUST04209,2026-03-28,710000,DISC 50
ORD06731,CUST02212,2026-04-10,243000,NONE
ORD06732,CUST02659,2026-04-06,869000,DISC10
ORD06733,CUST09586,2026-07-20,63000,NONE
ORD06734,CUST09036,2026-07-15,385000,NONE
ORD06735,CUST06528,2026-05-13,707000,NONE
ORD06736,CUST06373,2026-01-11,845000,NONE
ORD06737,CUST01087,2026-07-02,472000,NONE
ORD06738,CUST04029,2026-03-02,616000,DISC 50
ORD06739,CUST01466,2026-03-14,354000,DISC10
ORD06740,CUST06662,2026-03-01,941000,DISC 50
ORD06741,CUST06364,2026-03-16,99000,DISC10
ORD06742,CUST00159,2026-09-03,247000,DISCC20
ORD06743,CUST00761,2026-07-06,988000,NONE
ORD06744,CUST04228,2026-09-25,939000,DISCC20
ORD06745,CUST03472,2026-05-25,744000,NONE
ORD06746,CUST08818,2026-02-27,911000,DISCC20
ORD06747,CUST04728,2026-03-12,579000,DISC 50
ORD06748,CUST01081,2026-09-15,250000,DISC10
ORD06749,CUST04939,2026-01-06,959000,DISC10
ORD06750,CUST09842,2026-08-06,853000,DISC10
ORD06751,CUST05184,2026-01-08,903000,DISCC20
ORD06752,CUST02415,2026-01-24,128000,DISC 50
ORD06753,CUST06178,2026-02-06,512000,NONE
ORD06754,CUST09013,2026-07-06,422000,NONE
ORD06755,CUST06624,2026-05-29,755000,DISCC20
ORD06756,CUST05407,2026-04-29,263000,DISC 50
ORD06757,CUST01532,2026-02-16,28000,DISC 50
ORD06758,CUST01942,2026-01-09,926000,DISC 50
ORD06759,CUST06892,2026-09-13,290000,DISCC20
ORD06760,CUST08284,2026-09-09,864000,NONE
ORD06761,CUST02004,2026-08-06,352000,NONE
ORD06762,CUST09041,2026-05-07,370000,DISC 50
ORD06763,CUST02242,2026-02-26,584000,DISC10
ORD06764,CUST08073,2026-08-18,362000,DISC10
ORD06765,CUST03838,2026-03-10,631000,DISC 50
ORD06766,CUST08302,2026-09-12,125000,DISC 50
ORD06767,CUST04254,2026-07-05,183000,NONE
ORD06768,CUST09807,2026-01-24,497000,DISCC20
ORD06769,CUST06281,2026-04-27,44000,DISCC20
ORD06770,CUST04796,2026-06-01,470000,NONE
ORD06771,CUST04591,2026-07-09,457000,NONE
ORD06772,CUST02316,2026-08-28,62000,DISC 50
ORD06773,CUST07235,2026-02-03,129000,DISC10
ORD06774,CUST03336,2026-08-24,87000,NONE
ORD06775,CUST02008,2026-08-26,395000,NONE
ORD06776,CUST07876,2026-05-15,569000,NONE
ORD06777,CUST07884,2026-04-28,705000,NONE
ORD06778,CUST03548,2026-02-01,125000,NONE
ORD06779,CUST05029,2026-06-12,258000,NONE
ORD06780,CUST03043,2026-01-09,934000,NONE
ORD06781,CUST01195,2026-06-01,885000,DISC 50
ORD06782,CUST05314,2026-09-15,747000,NONE
ORD06783,CUST06281,2026-04-03,76000,DISCC20
ORD06784,CUST05445,2026-03-30,290000,NONE
ORD06785,CUST06600,2026-09-28,176000,NONE
ORD06786,CUST09094,2026-04-06,553000,DISC 50
ORD06787,CUST07352,2026-01-24,451000,NONE
ORD06788,CUST02230,2026-05-09,35000,NONE
ORD06789,CUST03390,2026-07-13,172000,NONE
ORD06790,CUST03384,2026-02-04,990000,DISC 50
ORD06791,CUST08987,2026-04-17,967000,NONE
ORD06792,CUST06842,2026-09-01,733000,DISCC20
ORD06793,CUST09892,2026-07-03,153000,DISCC20
ORD06794,CUST07066,2026-09-28,764000,NONE
ORD06795,CUST09952,2026-09-01,78000,NONE
ORD06796,CUST04314,2026-01-16,554000,NONE
ORD06797,CUST09689,2026-07-21,720000,DISCC20
ORD06798,CUST00943,2026-04-01,735000,DISC 50
ORD06799,CUST03856,2026-07-09,290000,DISC10
ORD06800,CUST00417,2026-06-27,728000,NONE
ORD06801,CUST07771,2026-03-16,229000,NONE
ORD06802,CUST01374,2026-08-03,951000,DISC 50
ORD06803,CUST07030,2026-08-19,999000,DISC 50
ORD06804,CUST05150,2026-01-05,221000,NONE
ORD06805,CUST06742,2026-06-14,486000,DISC10
ORD06806,CUST08196,2026-08-31,634000,NONE
ORD06807,CUST05555,2026-09-13,377000,DISC 50
ORD06808,CUST07149,2026-03-23,895000,DISC10
ORD06809,CUST03953,2026-01-15,876000,NONE
ORD06810,CUST02412,2026-05-13,890000,DISCC20
ORD06811,CUST03442,2026-09-02,905000,NONE
ORD06812,CUST07462,2026-03-08,771000,DISCC20
ORD06813,CUST00978,2026-04-03,748000,DISCC20
ORD06814,CUST02413,2026-03-31,518000,DISC10
ORD06815,CUST01229,2026-02-24,880000,NONE
ORD06816,CUST08030,2026-07-09,461000,NONE
ORD06817,CUST08058,2026-03-03,134000,NONE
ORD06818,CUST00938,2026-03-26,823000,DISC 50
ORD06819,CUST08900,2026-03-22,405000,DISC10
ORD06820,CUST04395,2026-05-28,882000,NONE
ORD06821,CUST09456,2026-07-26,591000,DISCC20
ORD06822,CUST06141,2026-01-17,204000,DISC10
ORD06823,CUST09480,2026-08-06,33000,DISCC20
ORD06824,CUST03067,2026-04-02,55000,DISCC20
ORD06825,CUST09317,2026-07-31,838000,NONE
ORD06826,CUST01568,2026-01-08,936000,DISC 50
ORD06827,CUST06513,2026-04-05,300000,NONE
ORD06828,CUST00993,2026-02-09,457000,NONE
ORD06829,CUST01171,2026-01-13,486000,NONE
ORD06830,CUST03540,2026-01-10,850000,DISC10
ORD06831,CUST03179,2026-07-24,481000,DISC10
ORD06832,CUST00177,2026-06-25,988000,DISC10
ORD06833,CUST09557,2026-05-30,228000,DISCC20
ORD06834,CUST06771,2026-04-05,880000,NONE
ORD06835,CUST04159,2026-04-04,963000,DISC 50
ORD06836,CUST09463,2026-07-12,254000,DISC10
ORD06837,CUST02620,2026-08-14,601000,DISC 50
ORD06838,CUST07099,2026-08-16,272000,NONE
ORD06839,CUST08847,2026-01-03,252000,NONE
ORD06840,CUST06516,2026-01-17,799000,DISC 50
ORD06841,CUST00998,2026-05-14,185000,DISC 50
ORD06842,CUST01782,2026-06-16,740000,NONE
ORD06843,CUST09908,2026-04-23,255000,DISCC20
ORD06844,CUST02589,2026-08-25,801000,NONE
ORD06845,CUST08863,2026-04-03,906000,DISC10
ORD06846,CUST09382,2026-03-23,145000,NONE
ORD06847,CUST05703,2026-04-24,692000,DISC10
ORD06848,CUST09228,2026-06-02,861000,NONE
ORD06849,CUST02056,2026-01-31,875000,NONE
ORD06850,CUST07415,2026-08-03,429000,NONE
ORD06851,CUST02813,2026-06-19,489000,DISCC20
ORD06852,CUST05832,2026-06-05,235000,NONE
ORD06853,CUST04339,2026-09-08,663000,NONE
ORD06854,CUST00384,2026-07-11,488000,NONE
ORD06855,CUST08285,2026-01-01,904000,NONE
ORD06856,CUST04938,2026-08-11,860000,DISC10
ORD06857,CUST08113,2026-08-03,397000,NONE
ORD06858,CUST02780,2026-01-12,70000,NONE
ORD06859,CUST01693,2026-01-06,603000,DISCC20
ORD06860,CUST02719,2026-01-24,215000,DISC10
ORD06861,CUST04904,2026-07-10,928000,DISCC20
ORD06862,CUST04580,2026-01-17,290000,NONE
ORD06863,CUST09582,2026-01-18,255000,DISCC20
ORD06864,CUST05710,2026-03-22,222000,DISCC20
ORD06865,CUST02840,2026-04-16,31000,DISCC20
ORD06866,CUST05858,2026-05-06,93000,DISC10
ORD06867,CUST06132,2026-03-20,952000,NONE
ORD06868,CUST05637,2026-06-19,898000,DISC10
ORD06869,CUST03707,2026-02-28,370000,DISC 50
ORD06870,CUST00548,2026-06-18,256000,NONE
ORD06871,CUST09084,2026-09-16,852000,NONE
ORD06872,CUST03411,2026-05-26,663000,DISCC20
ORD06873,CUST03158,2026-05-06,921000,DISCC20
ORD06874,CUST04036,2026-05-31,428000,DISCC20
ORD06875,CUST02167,2026-08-07,32000,NONE
ORD06876,CUST05683,2026-01-14,602000,NONE
ORD06877,CUST02007,2026-04-29,154000,DISC 50
ORD06878,CUST01483,2026-05-19,190000,NONE
ORD06879,CUST07280,2026-01-30,823000,DISC 50
ORD06880,CUST05130,2026-07-21,954000,NONE
ORD06881,CUST00925,2026-03-10,145000,DISCC20
ORD06882,CUST08134,2026-05-05,436000,DISCC20
ORD06883,CUST07883,2026-02-08,495000,DISC 50
ORD06884,CUST04553,2026-07-10,188000,DISC10
ORD06885,CUST06291,2026-01-08,211000,NONE
ORD06886,CUST01523,2026-05-18,604000,DISCC20
ORD06887,CUST05602,2026-08-18,662000,DISC10
ORD06888,CUST02963,2026-03-09,430000,NONE
ORD06889,CUST03754,2026-02-08,127000,NONE
ORD06890,CUST03804,2026-07-10,764000,NONE
ORD06891,CUST06940,2026-03-07,900000,DISC 50
ORD06892,CUST05219,2026-08-31,179000,NONE
ORD06893,CUST06532,2026-09-18,282000,NONE
ORD06894,CUST02325,2026-02-22,743000,DISC10
ORD06895,CUST01974,2026-08-06,484000,DISCC20
ORD06896,CUST00074,2026-01-14,609000,NONE
ORD06897,CUST08734,2026-03-23,949000,DISC 50
ORD06898,CUST02252,2026-06-11,301000,DISC10
ORD06899,CUST02724,2026-04-08,747000,DISC10
ORD06900,CUST05798,2026-02-02,732000,DISCC20
ORD06901,CUST05811,2026-06-19,35000,DISC 50
ORD06902,CUST04439,2026-02-18,239000,NONE
ORD06903,CUST01645,2026-03-13,620000,NONE
ORD06904,CUST04908,2026-02-23,268000,NONE
ORD06905,CUST08478,2026-01-26,896000,NONE
ORD06906,CUST09688,2026-09-06,497000,NONE
ORD06907,CUST04276,2026-03-13,502000,NONE
ORD06908,CUST06134,2026-03-06,734000,NONE
ORD06909,CUST02152,2026-05-09,182000,DISC10
ORD06910,CUST08934,2026-09-14,266000,NONE
ORD06911,CUST05265,2026-05-11,742000,NONE
ORD06912,CUST09679,2026-02-26,209000,NONE
ORD06913,CUST04957,2026-01-04,815000,NONE
ORD06914,CUST08072,2026-09-05,67000,NONE
ORD06915,CUST06263,2026-09-10,874000,NONE
ORD06916,CUST03424,2026-04-12,926000,DISCC20
ORD06917,CUST09649,2026-03-29,628000,NONE
ORD06918,CUST05805,2026-08-09,122000,DISC 50
ORD06919,CUST02719,2026-01-30,373000,NONE
ORD06920,CUST07100,2026-05-29,306000,DISC10
ORD06921,CUST05465,2026-09-24,676000,NONE
ORD06922,CUST08640,2026-07-03,568000,DISCC20
ORD06923,CUST05254,2026-03-29,741000,NONE
ORD06924,CUST02212,2026-09-02,439000,DISCC20
ORD06925,CUST08322,2026-01-10,297000,NONE
ORD06926,CUST02054,2026-09-04,699000,NONE
ORD06927,CUST05938,2026-03-28,337000,DISCC20
ORD06928,CUST06116,2026-06-13,107000,NONE
ORD06929,CUST02766,2026-07-20,593000,DISCC20
ORD06930,CUST03008,2026-03-30,915000,DISC 50
ORD06931,CUST01742,2026-01-05,571000,DISCC20
ORD06932,CUST06648,2026-06-30,197000,DISC 50
ORD06933,CUST02820,2026-08-17,590000,NONE
ORD06934,CUST09650,2026-04-07,803000,DISC 50
ORD06935,CUST00209,2026-04-03,117000,DISCC20
ORD06936,CUST04026,2026-03-25,969000,DISC 50
ORD06937,CUST04710,2026-02-14,608000,NONE
ORD06938,CUST09733,2026-03-31,36000,DISC10
ORD06939,CUST06463,2026-08-02,199000,NONE
ORD06940,CUST00652,2026-08-16,162000,NONE
ORD06941,CUST00005,2026-07-24,293000,DISC 50
ORD06942,CUST09515,2026-01-27,394000,NONE
ORD06943,CUST03033,2026-04-10,93000,NONE
ORD06944,CUST00645,2026-05-26,44000,NONE
ORD06945,CUST01227,2026-04-29,76000,NONE
ORD06946,CUST09420,2026-02-13,249000,DISCC20
ORD06947,CUST03290,2026-07-09,576000,NONE
ORD06948,CUST02204,2026-04-01,189000,DISC 50
ORD06949,CUST01535,2026-08-26,113000,NONE
ORD06950,CUST06264,2026-04-24,897000,DISC10
ORD06951,CUST06880,2026-01-24,46000,NONE
ORD06952,CUST07560,2026-03-15,522000,NONE
ORD06953,CUST05249,2026-01-20,434000,DISC 50
ORD06954,CUST01817,2026-07-24,970000,NONE
ORD06955,CUST00900,2026-08-03,510000,NONE
ORD06956,CUST06405,2026-03-08,313000,DISCC20
ORD06957,CUST05800,2026-09-27,35000,DISC10
ORD06958,CUST03740,2026-06-16,499000,DISCC20
ORD06959,CUST04447,2026-04-13,458000,DISC10
ORD06960,CUST06974,2026-08-16,699000,DISCC20
ORD06961,CUST01824,2026-04-25,235000,DISCC20
ORD06962,CUST01879,2026-07-30,37000,NONE
ORD06963,CUST04639,2026-05-13,754000,DISC10
ORD06964,CUST04910,2026-08-11,165000,DISCC20
ORD06965,CUST06375,2026-02-20,382000,DISC 50
ORD06966,CUST01906,2026-05-28,962000,NONE
ORD06967,CUST07533,2026-04-11,207000,NONE
ORD06968,CUST06363,2026-08-29,560000,DISC 50
ORD06969,CUST06885,2026-09-02,940000,DISC10
ORD06970,CUST03415,2026-08-05,834000,DISC 50
ORD06971,CUST02951,2026-05-30,663000,DISC10
ORD06972,CUST07022,2026-05-23,853000,DISC10
ORD06973,CUST05371,2026-08-31,903000,DISC 50
ORD06974,CUST08383,2026-02-21,588000,NONE
ORD06975,CUST01418,2026-01-11,880000,NONE
ORD06976,CUST02826,2026-04-07,331000,NONE
ORD06977,CUST00675,2026-04-04,928000,DISCC20
ORD06978,CUST09181,2026-05-27,249000,NONE
ORD06979,CUST04369,2026-06-07,815000,DISC 50
ORD06980,CUST08130,2026-02-09,197000,DISCC20
ORD06981,CUST05659,2026-05-18,463000,DISC 50
ORD06982,CUST08209,2026-04-11,868000,NONE
ORD06983,CUST07351,2026-05-11,608000,DISC10
ORD06984,CUST05881,2026-03-26,920000,DISC 50
ORD06985,CUST03693,2026-07-09,412000,DISCC20
ORD06986,CUST09166,2026-08-03,606000,DISC10
ORD06987,CUST07662,2026-05-24,202000,DISCC20
ORD06988,CUST07109,2026-09-22,776000,NONE
ORD06989,CUST01036,2026-05-17,693000,DISC10
ORD06990,CUST09759,2026-01-02,372000,DISCC20
ORD06991,CUST05525,2026-09-14,665000,DISC 50
ORD06992,CUST04390,2026-09-04,203000,DISC10
ORD06993,CUST04564,2026-07-20,265000,DISC 50
ORD06994,CUST00533,2026-01-09,620000,DISCC20
ORD06995,CUST08744,2026-09-02,104000,DISC 50
ORD06996,CUST00818,2026-08-07,337000,NONE
ORD06997,CUST01538,2026-07-30,325000,DISCC20
ORD06998,CUST08278,2026-08-22,953000,NONE
ORD06999,CUST04519,2026-05-15,242000,NONE
ORD07000,CUST06492,2026-01-27,770000,NONE
ORD07001,CUST08884,2026-02-12,795000,NONE
ORD07002,CUST06810,2026-06-29,287000,NONE
ORD07003,CUST02153,2026-08-28,720000,NONE
ORD07004,CUST06622,2026-04-30,591000,DISC10
ORD07005,CUST04865,2026-07-08,928000,NONE
ORD07006,CUST08511,2026-02-14,406000,NONE
ORD07007,CUST00980,2026-01-18,177000,NONE
ORD07008,CUST02736,2026-09-01,615000,DISC10
ORD07009,CUST08471,2026-01-06,340000,DISC 50
ORD07010,CUST07446,2026-01-21,690000,NONE
ORD07011,CUST00335,2026-07-17,322000,DISCC20
ORD07012,CUST06749,2026-07-06,795000,NONE
ORD07013,CUST05529,2026-01-18,946000,DISC10
ORD07014,CUST04063,2026-04-27,479000,DISC 50
ORD07015,CUST09702,2026-08-06,546000,DISCC20
ORD07016,CUST00444,2026-04-19,430000,NONE
ORD07017,CUST03457,2026-08-14,47000,NONE
ORD07018,CUST01971,2026-08-30,586000,DISCC20
ORD07019,CUST03005,2026-04-04,455000,NONE
ORD07020,CUST09415,2026-09-01,682000,DISC 50
ORD07021,CUST00265,2026-02-11,814000,NONE
ORD07022,CUST08325,2026-08-20,687000,NONE
ORD07023,CUST05392,2026-08-09,248000,NONE
ORD07024,CUST09795,2026-06-18,852000,DISC10
ORD07025,CUST07713,2026-07-18,794000,DISCC20
ORD07026,CUST03349,2026-08-01,336000,NONE
ORD07027,CUST08439,2026-03-28,735000,NONE
ORD07028,CUST07891,2026-09-15,434000,DISC10
ORD07029,CUST05287,2026-06-11,893000,DISC10
ORD07030,CUST09356,2026-06-04,166000,DISCC20
ORD07031,CUST07462,2026-03-02,85000,DISC 50
ORD07032,CUST01274,2026-08-05,583000,NONE
ORD07033,CUST00488,2026-08-15,441000,NONE
ORD07034,CUST03061,2026-04-16,884000,DISC10
ORD07035,CUST06590,2026-02-05,806000,DISCC20
ORD07036,CUST07776,2026-01-08,221000,NONE
ORD07037,CUST08339,2026-04-01,884000,NONE
ORD07038,CUST09284,2026-02-11,860000,NONE
ORD07039,CUST08037,2026-03-23,147000,NONE
ORD07040,CUST06860,2026-03-20,744000,DISC 50
ORD07041,CUST03824,2026-04-15,499000,DISC10
ORD07042,CUST00100,2026-08-23,571000,NONE
ORD07043,CUST04300,2026-06-07,200000,NONE
ORD07044,CUST02585,2026-05-30,55000,DISCC20
ORD07045,CUST01428,2026-05-01,715000,DISCC20
ORD07046,CUST04956,2026-06-17,728000,NONE
ORD07047,CUST01851,2026-01-10,314000,DISC 50
ORD07048,CUST07367,2026-08-03,52000,NONE
ORD07049,CUST01041,2026-04-02,656000,DISC 50
ORD07050,CUST03111,2026-08-13,27000,DISC 50
ORD07051,CUST09950,2026-05-13,568000,DISCC20
ORD07052,CUST03802,2026-05-20,599000,NONE
ORD07053,CUST04020,2026-05-23,856000,DISC10
ORD07054,CUST01235,2026-03-17,502000,NONE
ORD07055,CUST06788,2026-02-27,507000,NONE
ORD07056,CUST06331,2026-01-03,674000,NONE
ORD07057,CUST03634,2026-05-19,719000,DISC10
ORD07058,CUST08646,2026-06-25,618000,DISC10
ORD07059,CUST06220,2026-02-22,691000,DISC 50
ORD07060,CUST08373,2026-03-14,120000,DISC 50
ORD07061,CUST03273,2026-01-01,987000,NONE
ORD07062,CUST01875,2026-01-24,512000,DISC10
ORD07063,CUST06755,2026-03-21,670000,DISC 50
ORD07064,CUST07312,2026-01-22,925000,DISC10
ORD07065,CUST00510,2026-04-15,550000,NONE
ORD07066,CUST08481,2026-01-17,680000,DISC10
ORD07067,CUST02611,2026-08-21,436000,DISCC20
ORD07068,CUST02714,2026-09-28,640000,NONE
ORD07069,CUST04850,2026-03-31,877000,DISC 50
ORD07070,CUST05346,2026-09-27,795000,DISC10
ORD07071,CUST07499,2026-01-10,175000,NONE
ORD07072,CUST09494,2026-09-17,372000,NONE
ORD07073,CUST07651,2026-04-05,671000,DISC 50
ORD07074,CUST01234,2026-02-15,454000,NONE
ORD07075,CUST06931,2026-01-02,984000,NONE
ORD07076,CUST09828,2026-02-27,930000,NONE
ORD07077,CUST02810,2026-02-26,844000,NONE
ORD07078,CUST06422,2026-07-27,160000,DISC10
ORD07079,CUST08690,2026-01-17,161000,DISC10
ORD07080,CUST01967,2026-05-03,492000,DISC10
ORD07081,CUST06903,2026-03-31,224000,NONE
ORD07082,CUST04598,2026-05-16,300000,DISCC20
ORD07083,CUST09747,2026-06-16,415000,NONE
ORD07084,CUST04147,2026-04-05,367000,NONE
ORD07085,CUST00097,2026-09-06,108000,DISCC20
ORD07086,CUST04838,2026-01-06,854000,NONE
ORD07087,CUST04887,2026-03-15,191000,NONE
ORD07088,CUST03522,2026-07-11,442000,NONE
ORD07089,CUST09594,2026-01-10,117000,DISCC20
ORD07090,CUST07513,2026-04-25,397000,DISCC20
ORD07091,CUST02993,2026-01-05,589000,DISC 50
ORD07092,CUST06637,2026-08-20,867000,NONE
ORD07093,CUST04095,2026-01-31,649000,NONE
ORD07094,CUST00013,2026-08-18,160000,DISC 50
ORD07095,CUST06152,2026-05-05,350000,DISCC20
ORD07096,CUST00689,2026-06-07,385000,DISC 50
ORD07097,CUST06962,2026-04-24,286000,NONE
ORD07098,CUST08730,2026-02-10,859000,NONE
ORD07099,CUST04562,2026-07-08,720000,DISC10
ORD07100,CUST06556,2026-05-05,871000,NONE
ORD07101,CUST08357,2026-05-20,584000,DISCC20
ORD07102,CUST05772,2026-03-02,920000,NONE
ORD07103,CUST08166,2026-08-20,279000,NONE
ORD07104,CUST04530,2026-07-09,986000,NONE
ORD07105,CUST06736,2026-07-24,180000,DISCC20
ORD07106,CUST03782,2026-03-07,463000,DISC10
ORD07107,CUST06607,2026-07-15,851000,NONE
ORD07108,CUST06681,2026-09-28,315000,NONE
ORD07109,CUST02120,2026-02-07,406000,NONE
ORD07110,CUST09289,2026-06-08,861000,NONE
ORD07111,CUST02211,2026-03-31,791000,DISC10
ORD07112,CUST03048,2026-05-12,644000,NONE
ORD07113,CUST03024,2026-07-18,194000,NONE
ORD07114,CUST00182,2026-03-07,418000,NONE
ORD07115,CUST01191,2026-07-23,489000,NONE
ORD07116,CUST02899,2026-07-28,218000,DISC 50
ORD07117,CUST09999,2026-07-13,629000,NONE
ORD07118,CUST09634,2026-03-21,961000,NONE
ORD07119,CUST03529,2026-05-07,353000,NONE
ORD07120,CUST06551,2026-09-02,594000,NONE
ORD07121,CUST08118,2026-08-26,486000,NONE
ORD07122,CUST06098,2026-04-06,963000,NONE
ORD07123,CUST04934,2026-01-07,149000,DISCC20
ORD07124,CUST08605,2026-05-11,201000,DISC10
ORD07125,CUST04121,2026-09-25,941000,NONE
ORD07126,CUST01568,2026-05-07,360000,DISCC20
ORD07127,CUST03107,2026-09-28,807000,NONE
ORD07128,CUST02536,2026-02-13,154000,NONE
ORD07129,CUST00481,2026-01-06,29000,DISC10
ORD07130,CUST04875,2026-05-29,75000,NONE
ORD07131,CUST06536,2026-08-27,175000,NONE
ORD07132,CUST04997,2026-02-04,783000,NONE
ORD07133,CUST00554,2026-04-27,916000,DISC 50
ORD07134,CUST03568,2026-02-06,332000,DISC10
ORD07135,CUST03345,2026-01-09,553000,NONE
ORD07136,CUST05266,2026-09-11,180000,NONE
ORD07137,CUST02170,2026-08-29,58000,NONE
ORD07138,CUST05362,2026-08-11,877000,NONE
ORD07139,CUST04869,2026-07-16,188000,NONE
ORD07140,CUST04864,2026-03-11,955000,DISC10
ORD07141,CUST02480,2026-06-18,81000,NONE
ORD07142,CUST03827,2026-04-04,369000,DISCC20
ORD07143,CUST09343,2026-01-16,979000,NONE
ORD07144,CUST07015,2026-08-07,648000,DISC10
ORD07145,CUST09154,2026-05-14,952000,NONE
ORD07146,CUST02050,2026-07-25,962000,NONE
ORD07147,CUST06063,2026-01-18,436000,NONE
ORD07148,CUST00071,2026-03-09,112000,NONE
ORD07149,CUST04031,2026-07-06,668000,DISC10
ORD07150,CUST06693,2026-08-18,443000,DISC10
ORD07151,CUST07056,2026-09-27,610000,DISC 50
ORD07152,CUST02506,2026-09-03,800000,NONE
ORD07153,CUST00111,2026-05-29,342000,DISCC20
ORD07154,CUST08041,2026-06-07,288000,DISC10
ORD07155,CUST05210,2026-03-25,255000,DISC10
ORD07156,CUST07900,2026-04-10,701000,NONE
ORD07157,CUST06631,2026-06-11,124000,DISC10
ORD07158,CUST08130,2026-01-27,526000,NONE
ORD07159,CUST02779,2026-04-11,100000,NONE
ORD07160,CUST01018,2026-06-29,256000,NONE
ORD07161,CUST09431,2026-02-14,805000,NONE
ORD07162,CUST00738,2026-04-02,175000,NONE
ORD07163,CUST09566,2026-06-20,636000,NONE
ORD07164,CUST09680,2026-02-06,228000,NONE
ORD07165,CUST03169,2026-09-05,240000,NONE
ORD07166,CUST03111,2026-01-21,330000,NONE
ORD07167,CUST04816,2026-04-05,897000,DISC 50
ORD07168,CUST07350,2026-05-21,318000,NONE
ORD07169,CUST04439,2026-01-01,530000,NONE
ORD07170,CUST07274,2026-01-14,792000,NONE
ORD07171,CUST02109,2026-08-01,818000,DISCC20
ORD07172,CUST01077,2026-06-11,970000,DISC10
ORD07173,CUST06776,2026-08-29,354000,DISC10
ORD07174,CUST07721,2026-02-06,669000,DISC10
ORD07175,CUST01472,2026-07-02,519000,NONE
ORD07176,CUST02728,2026-05-03,909000,NONE
ORD07177,CUST01286,2026-06-27,299000,DISC 50
ORD07178,CUST03156,2026-07-16,286000,DISC10
ORD07179,CUST09148,2026-02-07,838000,DISC 50
ORD07180,CUST00024,2026-09-18,377000,DISC 50
ORD07181,CUST01564,2026-02-10,353000,NONE
ORD07182,CUST04445,2026-05-14,760000,NONE
ORD07183,CUST05993,2026-07-20,279000,NONE
ORD07184,CUST06527,2026-03-01,73000,NONE
ORD07185,CUST07747,2026-09-09,27000,DISC10
ORD07186,CUST00186,2026-05-26,626000,DISCC20
ORD07187,CUST05104,2026-01-07,351000,DISC 50
ORD07188,CUST08841,2026-03-02,307000,DISC10
ORD07189,CUST09900,2026-05-08,970000,NONE
ORD07190,CUST02920,2026-03-18,108000,NONE
ORD07191,CUST03425,2026-01-13,627000,NONE
ORD07192,CUST02627,2026-07-21,810000,NONE
ORD07193,CUST03909,2026-01-21,551000,DISC 50
ORD07194,CUST04567,2026-07-24,668000,NONE
ORD07195,CUST07288,2026-01-11,571000,NONE
ORD07196,CUST02484,2026-01-07,426000,DISC 50
ORD07197,CUST09963,2026-03-22,739000,DISC 50
ORD07198,CUST06261,2026-02-16,314000,NONE
ORD07199,CUST09836,2026-08-12,236000,DISCC20
ORD07200,CUST05613,2026-05-02,763000,NONE
ORD07201,CUST03279,2026-03-09,81000,DISCC20
ORD07202,CUST04915,2026-08-28,294000,DISC10
ORD07203,CUST08311,2026-09-15,946000,DISC10
ORD07204,CUST07986,2026-08-10,68000,NONE
ORD07205,CUST00698,2026-09-05,635000,DISCC20
ORD07206,CUST01925,2026-01-22,638000,NONE
ORD07207,CUST08862,2026-02-17,884000,NONE
ORD07208,CUST03644,2026-05-25,105000,DISC10
ORD07209,CUST02380,2026-04-13,855000,NONE
ORD07210,CUST01643,2026-07-13,123000,DISC 50
ORD07211,CUST09070,2026-05-22,371000,NONE
ORD07212,CUST05619,2026-01-25,191000,NONE
ORD07213,CUST03056,2026-05-04,698000,DISC10
ORD07214,CUST09733,2026-02-27,696000,NONE
ORD07215,CUST04838,2026-01-17,490000,NONE
ORD07216,CUST02405,2026-03-23,43000,DISC 50
ORD07217,CUST09841,2026-04-26,951000,NONE
ORD07218,CUST07800,2026-01-04,513000,DISC 50
ORD07219,CUST04564,2026-07-06,328000,NONE
ORD07220,CUST08714,2026-01-30,720000,NONE
ORD07221,CUST03223,2026-03-12,106000,NONE
ORD07222,CUST04740,2026-02-02,424000,NONE
ORD07223,CUST09377,2026-02-07,372000,NONE
ORD07224,CUST09447,2026-05-05,303000,NONE
ORD07225,CUST06349,2026-09-06,442000,DISCC20
ORD07226,CUST02946,2026-07-28,279000,DISC 50
ORD07227,CUST00046,2026-07-12,397000,DISCC20
ORD07228,CUST02259,2026-01-07,792000,NONE
ORD07229,CUST08760,2026-02-07,333000,DISC10
ORD07230,CUST06128,2026-03-08,522000,NONE
ORD07231,CUST00098,2026-08-18,246000,NONE
ORD07232,CUST06575,2026-09-22,74000,DISC 50
ORD07233,CUST06445,2026-01-27,267000,DISC10
ORD07234,CUST06485,2026-07-22,269000,NONE
ORD07235,CUST06078,2026-01-05,70000,DISCC20
ORD07236,CUST01438,2026-09-29,687000,NONE
ORD07237,CUST04358,2026-08-08,882000,DISC10
ORD07238,CUST00180,2026-03-03,905000,DISCC20
ORD07239,CUST09706,2026-01-23,146000,DISCC20
ORD07240,CUST03888,2026-01-31,679000,DISC10
ORD07241,CUST05978,2026-03-15,163000,DISC10
ORD07242,CUST05554,2026-05-15,186000,NONE
ORD07243,CUST07538,2026-04-13,800000,DISC 50
ORD07244,CUST09789,2026-08-28,400000,DISCC20
ORD07245,CUST09413,2026-02-27,689000,DISCC20
ORD07246,CUST00683,2026-07-20,75000,NONE
ORD07247,CUST07052,2026-10-01,69000,DISCC20
ORD07248,CUST05716,2026-08-26,964000,NONE
ORD07249,CUST05271,2026-06-01,288000,DISC 50
ORD07250,CUST00719,2026-03-12,351000,DISC 50
ORD07251,CUST04675,2026-05-25,972000,DISC 50
ORD07252,CUST08419,2026-04-26,117000,DISC10
ORD07253,CUST09193,2026-01-09,148000,NONE
ORD07254,CUST05700,2026-07-19,669000,DISC 50
ORD07255,CUST03463,2026-09-29,315000,DISC 50
ORD07256,CUST06524,2026-06-19,440000,DISCC20
ORD07257,CUST09784,2026-03-27,838000,NONE
ORD07258,CUST02448,2026-07-09,151000,NONE
ORD07259,CUST00858,2026-09-11,347000,NONE
ORD07260,CUST06225,2026-07-28,37000,DISCC20
ORD07261,CUST01681,2026-07-29,855000,NONE
ORD07262,CUST05073,2026-03-13,579000,NONE
ORD07263,CUST07335,2026-01-16,35000,DISC 50
ORD07264,CUST02528,2026-08-18,800000,NONE
ORD07265,CUST00263,2026-07-27,159000,DISCC20
ORD07266,CUST01031,2026-06-30,399000,NONE
ORD07267,CUST00446,2026-07-06,97000,DISC 50
ORD07268,CUST00072,2026-04-12,94000,NONE
ORD07269,CUST01478,2026-04-28,458000,NONE
ORD07270,CUST05178,2026-02-18,458000,DISC10
ORD07271,CUST08628,2026-06-27,475000,NONE
ORD07272,CUST06119,2026-02-01,157000,DISCC20
ORD07273,CUST04952,2026-05-11,101000,DISCC20
ORD07274,CUST09679,2026-05-06,359000,DISC 50
ORD07275,CUST09293,2026-08-15,296000,DISC10
ORD07276,CUST04329,2026-07-12,774000,NONE
ORD07277,CUST03503,2026-07-07,124000,NONE
ORD07278,CUST07661,2026-06-13,622000,DISC10
ORD07279,CUST07541,2026-06-13,151000,NONE
ORD07280,CUST08597,2026-02-10,677000,NONE
ORD07281,CUST06519,2026-09-30,470000,NONE
ORD07282,CUST06630,2026-06-03,619000,DISCC20
ORD07283,CUST05409,2026-08-08,422000,DISC10
ORD07284,CUST03192,2026-05-01,927000,DISC 50
ORD07285,CUST04323,2026-09-11,667000,NONE
ORD07286,CUST06488,2026-08-24,585000,DISC10
ORD07287,CUST07680,2026-07-11,75000,DISCC20
ORD07288,CUST07836,2026-05-05,892000,NONE
ORD07289,CUST08882,2026-02-15,296000,DISCC20
ORD07290,CUST01643,2026-01-04,602000,DISCC20
ORD07291,CUST00419,2026-03-25,642000,DISC 50
ORD07292,CUST08010,2026-08-10,272000,DISCC20
ORD07293,CUST02354,2026-04-08,731000,NONE
ORD07294,CUST03485,2026-09-03,830000,NONE
ORD07295,CUST03447,2026-03-10,604000,NONE
ORD07296,CUST04245,2026-05-29,65000,DISCC20
ORD07297,CUST05279,2026-03-10,270000,DISCC20
ORD07298,CUST07540,2026-07-22,410000,NONE
ORD07299,CUST04232,2026-04-06,194000,NONE
ORD07300,CUST03880,2026-08-31,661000,NONE
ORD07301,CUST03668,2026-03-23,763000,NONE
ORD07302,CUST02306,2026-06-23,72000,DISCC20
ORD07303,CUST02988,2026-05-03,47000,NONE
ORD07304,CUST04119,2026-02-18,730000,DISC10
ORD07305,CUST06936,2026-02-03,656000,DISCC20
ORD07306,CUST02871,2026-04-27,553000,DISC 50
ORD07307,CUST02266,2026-05-31,242000,DISC 50
ORD07308,CUST01157,2026-09-11,644000,NONE
ORD07309,CUST02447,2026-09-26,935000,NONE
ORD07310,CUST07918,2026-01-05,364000,DISC 50
ORD07311,CUST05379,2026-02-13,887000,DISC 50
ORD07312,CUST02079,2026-06-25,943000,NONE
ORD07313,CUST07251,2026-01-30,356000,NONE
ORD07314,CUST03306,2026-02-05,589000,DISCC20
ORD07315,CUST00483,2026-03-05,28000,NONE
ORD07316,CUST04659,2026-07-21,276000,DISCC20
ORD07317,CUST03020,2026-03-21,817000,NONE
ORD07318,CUST02102,2026-03-19,529000,NONE
ORD07319,CUST07650,2026-08-28,248000,DISCC20
ORD07320,CUST06786,2026-02-08,932000,NONE
ORD07321,CUST00554,2026-09-17,432000,NONE
ORD07322,CUST07834,2026-06-02,53000,NONE
ORD07323,CUST03397,2026-01-02,596000,DISC 50
ORD07324,CUST03901,2026-01-27,412000,DISC10
ORD07325,CUST05132,2026-06-21,198000,NONE
ORD07326,CUST04985,2026-09-15,163000,NONE
ORD07327,CUST01390,2026-05-28,770000,DISC10
ORD07328,CUST04875,2026-08-31,770000,DISC10
ORD07329,CUST08128,2026-03-09,301000,DISC10
ORD07330,CUST07754,2026-08-11,825000,DISC 50
ORD07331,CUST02737,2026-09-17,463000,NONE
ORD07332,CUST02257,2026-08-04,405000,NONE
ORD07333,CUST07041,2026-01-02,875000,DISCC20
ORD07334,CUST00656,2026-01-08,275000,NONE
ORD07335,CUST03128,2026-07-27,849000,NONE
ORD07336,CUST06612,2026-07-02,929000,DISC 50
ORD07337,CUST01163,2026-07-30,314000,NONE
ORD07338,CUST04379,2026-08-18,347000,NONE
ORD07339,CUST09605,2026-09-06,238000,DISC10
ORD07340,CUST03565,2026-09-25,626000,NONE
ORD07341,CUST09410,2026-09-06,883000,NONE
ORD07342,CUST09801,2026-05-23,833000,DISC10
ORD07343,CUST09810,2026-05-12,960000,NONE
ORD07344,CUST07001,2026-09-17,60000,NONE
ORD07345,CUST05138,2026-06-11,39000,DISC 50
ORD07346,CUST02342,2026-04-17,868000,NONE
ORD07347,CUST04860,2026-08-12,246000,DISCC20
ORD07348,CUST03645,2026-03-09,629000,DISC 50
ORD07349,CUST01662,2026-07-15,158000,DISC10
ORD07350,CUST08980,2026-03-22,624000,NONE
ORD07351,CUST01223,2026-10-01,701000,DISC10
ORD07352,CUST04724,2026-06-18,600000,DISC 50
ORD07353,CUST04121,2026-04-27,41000,DISC10
ORD07354,CUST02990,2026-02-07,726000,NONE
ORD07355,CUST02677,2026-08-12,165000,DISCC20
ORD07356,CUST04984,2026-09-29,986000,NONE
ORD07357,CUST02829,2026-06-03,871000,NONE
ORD07358,CUST05588,2026-03-24,432000,NONE
ORD07359,CUST08258,2026-08-25,737000,NONE
ORD07360,CUST08412,2026-02-02,817000,NONE
ORD07361,CUST02316,2026-09-27,955000,DISCC20
ORD07362,CUST07377,2026-04-15,563000,NONE
ORD07363,CUST00948,2026-09-05,362000,NONE
ORD07364,CUST01105,2026-05-29,422000,NONE
ORD07365,CUST06299,2026-01-26,739000,DISC10
ORD07366,CUST04185,2026-04-13,614000,NONE
ORD07367,CUST06567,2026-07-09,338000,NONE
ORD07368,CUST06413,2026-05-19,50000,NONE
ORD07369,CUST08443,2026-06-16,463000,NONE
ORD07370,CUST04413,2026-08-16,605000,NONE
ORD07371,CUST08874,2026-04-09,272000,DISC10
ORD07372,CUST02526,2026-08-16,231000,NONE
ORD07373,CUST00831,2026-03-03,884000,NONE
ORD07374,CUST09404,2026-01-31,926000,DISCC20
ORD07375,CUST01371,2026-08-02,418000,NONE
ORD07376,CUST00122,2026-03-09,126000,NONE
ORD07377,CUST05839,2026-06-15,947000,DISC 50
ORD07378,CUST08300,2026-08-19,441000,DISC 50
ORD07379,CUST08180,2026-06-19,706000,NONE
ORD07380,CUST05284,2026-07-24,360000,DISC 50
ORD07381,CUST05769,2026-09-10,127000,DISCC20
ORD07382,CUST07705,2026-05-11,466000,DISC 50
ORD07383,CUST00113,2026-01-03,78000,NONE
ORD07384,CUST07314,2026-09-26,370000,NONE
ORD07385,CUST08700,2026-08-01,901000,DISCC20
ORD07386,CUST00942,2026-05-30,390000,DISC10
ORD07387,CUST06269,2026-08-01,386000,DISC 50
ORD07388,CUST01746,2026-06-16,182000,DISCC20
ORD07389,CUST04957,2026-05-12,291000,DISC10
ORD07390,CUST09646,2026-09-20,651000,NONE
ORD07391,CUST00081,2026-06-01,172000,DISCC20
ORD07392,CUST08672,2026-04-14,441000,NONE
ORD07393,CUST00279,2026-08-07,549000,DISCC20
ORD07394,CUST07700,2026-06-12,913000,DISC10
ORD07395,CUST07416,2026-02-02,45000,DISCC20
ORD07396,CUST03179,2026-07-29,71000,NONE
ORD07397,CUST04388,2026-06-02,182000,DISCC20
ORD07398,CUST06738,2026-09-20,87000,DISCC20
ORD07399,CUST05453,2026-01-24,773000,DISC10
ORD07400,CUST03660,2026-10-01,56000,NONE
ORD07401,CUST01134,2026-05-23,242000,DISC 50
ORD07402,CUST09567,2026-01-07,813000,NONE
ORD07403,CUST09952,2026-02-03,512000,NONE
ORD07404,CUST09435,2026-09-06,923000,NONE
ORD07405,CUST04469,2026-03-11,369000,DISCC20
ORD07406,CUST01795,2026-05-18,239000,DISC 50
ORD07407,CUST09985,2026-07-19,301000,NONE
ORD07408,CUST04896,2026-01-07,350000,DISC10
ORD07409,CUST03353,2026-08-26,387000,NONE
ORD07410,CUST04902,2026-09-09,546000,DISC10
ORD07411,CUST08164,2026-06-14,680000,NONE
ORD07412,CUST09389,2026-04-25,282000,NONE
ORD07413,CUST05518,2026-01-10,623000,NONE
ORD07414,CUST02300,2026-01-24,698000,NONE
ORD07415,CUST02763,2026-01-01,759000,NONE
ORD07416,CUST04429,2026-05-09,175000,NONE
ORD07417,CUST03822,2026-01-23,117000,DISC 50
ORD07418,CUST09839,2026-09-29,806000,DISCC20
ORD07419,CUST08530,2026-06-20,312000,NONE
ORD07420,CUST07679,2026-01-09,220000,DISC 50
ORD07421,CUST00670,2026-03-20,257000,DISC10
ORD07422,CUST07534,2026-08-14,507000,DISC 50
ORD07423,CUST07157,2026-09-30,496000,DISC 50
ORD07424,CUST01863,2026-07-07,697000,DISC 50
ORD07425,CUST08413,2026-02-04,945000,NONE
ORD07426,CUST08564,2026-05-17,763000,DISCC20
ORD07427,CUST00061,2026-04-14,537000,NONE
ORD07428,CUST09935,2026-03-08,352000,NONE
ORD07429,CUST06496,2026-09-24,738000,NONE
ORD07430,CUST01738,2026-05-22,609000,NONE
ORD07431,CUST04010,2026-03-23,687000,DISCC20
ORD07432,CUST07035,2026-03-28,56000,NONE
ORD07433,CUST08989,2026-07-04,410000,NONE
ORD07434,CUST02716,2026-05-24,495000,NONE
ORD07435,CUST04793,2026-09-04,975000,NONE
ORD07436,CUST01617,2026-04-18,894000,NONE
ORD07437,CUST00041,2026-04-09,418000,NONE
ORD07438,CUST09673,2026-04-04,243000,NONE
ORD07439,CUST06088,2026-02-14,119000,NONE
ORD07440,CUST07680,2026-02-16,578000,NONE
ORD07441,CUST04832,2026-03-18,822000,DISCC20
ORD07442,CUST05928,2026-07-15,866000,DISC 50
ORD07443,CUST06789,2026-06-09,662000,NONE
ORD07444,CUST06888,2026-01-12,975000,DISCC20
ORD07445,CUST02188,2026-05-01,496000,NONE
ORD07446,CUST03606,2026-03-15,694000,NONE
ORD07447,CUST07378,2026-03-02,664000,NONE
ORD07448,CUST02483,2026-01-14,930000,DISCC20
ORD07449,CUST07726,2026-04-27,720000,NONE
ORD07450,CUST00589,2026-01-29,750000,NONE
ORD07451,CUST04469,2026-06-11,918000,NONE
ORD07452,CUST00912,2026-08-18,712000,NONE
ORD07453,CUST07636,2026-05-24,482000,NONE
ORD07454,CUST04252,2026-06-15,97000,NONE
ORD07455,CUST06894,2026-08-16,533000,DISC 50
ORD07456,CUST03319,2026-06-10,632000,NONE
ORD07457,CUST08924,2026-02-09,578000,NONE
ORD07458,CUST07413,2026-01-21,791000,DISCC20
ORD07459,CUST08425,2026-08-25,92000,DISC 50
ORD07460,CUST05250,2026-02-03,530000,NONE
ORD07461,CUST09140,2026-01-30,619000,DISC 50
ORD07462,CUST08355,2026-07-09,648000,NONE
ORD07463,CUST02747,2026-07-19,439000,NONE
ORD07464,CUST08283,2026-04-18,294000,NONE
ORD07465,CUST07263,2026-09-20,445000,DISCC20
ORD07466,CUST00375,2026-09-26,906000,DISCC20
ORD07467,CUST07848,2026-01-09,433000,DISC10
ORD07468,CUST03897,2026-03-19,632000,NONE
ORD07469,CUST02956,2026-02-25,142000,NONE
ORD07470,CUST05468,2026-01-15,780000,DISC10
ORD07471,CUST02535,2026-02-21,975000,NONE
ORD07472,CUST06341,2026-09-25,892000,NONE
ORD07473,CUST08369,2026-02-20,810000,DISCC20
ORD07474,CUST08003,2026-01-14,32000,NONE
ORD07475,CUST09765,2026-07-18,62000,DISC10
ORD07476,CUST07450,2026-01-25,625000,DISCC20
ORD07477,CUST07882,2026-04-23,823000,DISCC20
ORD07478,CUST06351,2026-03-15,591000,NONE
ORD07479,CUST03669,2026-04-29,306000,NONE
ORD07480,CUST07155,2026-09-19,702000,DISC 50
ORD07481,CUST00758,2026-08-21,273000,NONE
ORD07482,CUST00725,2026-06-11,455000,NONE
ORD07483,CUST07541,2026-06-17,548000,NONE
ORD07484,CUST08497,2026-07-31,826000,NONE
ORD07485,CUST03130,2026-04-26,371000,DISC 50
ORD07486,CUST00218,2026-08-17,844000,NONE
ORD07487,CUST03869,2026-08-15,782000,DISC10
ORD07488,CUST03573,2026-03-29,127000,DISC 50
ORD07489,CUST05575,2026-06-18,672000,DISC10
ORD07490,CUST07209,2026-06-12,717000,DISC10
ORD07491,CUST02081,2026-07-03,684000,DISC10
ORD07492,CUST07839,2026-09-26,657000,NONE
ORD07493,CUST08464,2026-04-24,305000,NONE
ORD07494,CUST04316,2026-05-24,70000,DISC 50
ORD07495,CUST08342,2026-07-08,575000,DISCC20
ORD07496,CUST01251,2026-02-23,343000,DISC10
ORD07497,CUST07920,2026-06-07,998000,DISC10
ORD07498,CUST02497,2026-02-22,983000,DISCC20
ORD07499,CUST00807,2026-06-15,228000,NONE
ORD07500,CUST01866,2026-08-16,357000,NONE
ORD07501,CUST08747,2026-07-21,641000,DISC10
ORD07502,CUST09549,2026-01-20,679000,NONE
ORD07503,CUST07314,2026-08-19,575000,DISC10
ORD07504,CUST03804,2026-03-14,679000,DISC 50
ORD07505,CUST05852,2026-05-17,461000,NONE
ORD07506,CUST04316,2026-05-30,446000,NONE
ORD07507,CUST00406,2026-05-31,961000,DISCC20
ORD07508,CUST07001,2026-08-05,330000,DISC10
ORD07509,CUST07078,2026-02-03,248000,DISCC20
ORD07510,CUST07861,2026-06-13,248000,NONE
ORD07511,CUST03413,2026-09-17,914000,DISC10
ORD07512,CUST09541,2026-07-01,992000,NONE
ORD07513,CUST07423,2026-07-07,748000,DISCC20
ORD07514,CUST07196,2026-03-17,264000,DISC10
ORD07515,CUST06448,2026-09-18,597000,NONE
ORD07516,CUST00619,2026-04-17,164000,NONE
ORD07517,CUST05431,2026-02-15,597000,DISC 50
ORD07518,CUST02682,2026-06-05,866000,DISCC20
ORD07519,CUST02869,2026-04-27,332000,DISC10
ORD07520,CUST06109,2026-07-12,95000,NONE
ORD07521,CUST04167,2026-06-27,575000,DISCC20
ORD07522,CUST06375,2026-08-10,49000,NONE
ORD07523,CUST04914,2026-04-17,323000,NONE
ORD07524,CUST04172,2026-08-30,423000,DISCC20
ORD07525,CUST05659,2026-03-04,785000,NONE
ORD07526,CUST08926,2026-07-02,315000,NONE
ORD07527,CUST07980,2026-02-12,299000,NONE
ORD07528,CUST06959,2026-02-28,90000,NONE
ORD07529,CUST05517,2026-01-02,38000,DISCC20
ORD07530,CUST01261,2026-03-26,550000,NONE
ORD07531,CUST06628,2026-02-18,603000,NONE
ORD07532,CUST04697,2026-02-06,937000,DISC10
ORD07533,CUST04913,2026-04-27,882000,DISC 50
ORD07534,CUST06335,2026-09-03,740000,DISC10
ORD07535,CUST09216,2026-05-11,233000,NONE
ORD07536,CUST07369,2026-09-07,319000,DISC10
ORD07537,CUST09691,2026-03-07,854000,NONE
ORD07538,CUST08783,2026-03-06,439000,DISC 50
ORD07539,CUST03298,2026-05-04,814000,DISC10
ORD07540,CUST06960,2026-03-19,898000,NONE
ORD07541,CUST00485,2026-06-28,613000,NONE
ORD07542,CUST03067,2026-07-16,144000,NONE
ORD07543,CUST06810,2026-04-07,411000,NONE
ORD07544,CUST02018,2026-08-24,639000,NONE
ORD07545,CUST06808,2026-07-13,448000,NONE
ORD07546,CUST00025,2026-02-09,167000,DISC 50
ORD07547,CUST03941,2026-07-21,309000,DISCC20
ORD07548,CUST02203,2026-01-17,837000,DISCC20
ORD07549,CUST03608,2026-03-10,300000,NONE
ORD07550,CUST01186,2026-01-21,946000,DISCC20
ORD07551,CUST06937,2026-08-13,592000,DISCC20
ORD07552,CUST08000,2026-08-04,391000,NONE
ORD07553,CUST01537,2026-01-09,510000,NONE
ORD07554,CUST05365,2026-02-06,178000,NONE
ORD07555,CUST04524,2026-06-05,858000,NONE
ORD07556,CUST04495,2026-03-03,325000,DISC10
ORD07557,CUST03462,2026-03-26,276000,DISC 50
ORD07558,CUST07503,2026-02-02,336000,NONE
ORD07559,CUST07116,2026-07-04,927000,DISC 50
ORD07560,CUST06176,2026-03-13,858000,DISC10
ORD07561,CUST09005,2026-02-26,417000,DISCC20
ORD07562,CUST02102,2026-09-08,413000,DISCC20
ORD07563,CUST09300,2026-02-04,623000,DISC 50
ORD07564,CUST05487,2026-07-15,389000,NONE
ORD07565,CUST02994,2026-03-22,522000,NONE
ORD07566,CUST06155,2026-08-13,896000,DISC 50
ORD07567,CUST04893,2026-02-17,647000,DISC10
ORD07568,CUST03545,2026-01-14,974000,NONE
ORD07569,CUST00041,2026-06-15,208000,NONE
ORD07570,CUST05625,2026-06-21,90000,NONE
ORD07571,CUST04442,2026-04-17,823000,DISC 50
ORD07572,CUST09001,2026-05-11,433000,NONE
ORD07573,CUST02959,2026-03-14,571000,NONE
ORD07574,CUST09383,2026-04-28,25000,DISC 50
ORD07575,CUST03952,2026-08-29,264000,DISC10
ORD07576,CUST05918,2026-05-10,307000,NONE
ORD07577,CUST06125,2026-02-12,728000,NONE
ORD07578,CUST09507,2026-05-30,874000,DISCC20
ORD07579,CUST05859,2026-03-18,120000,DISC10
ORD07580,CUST09640,2026-05-14,493000,NONE
ORD07581,CUST07645,2026-09-22,628000,DISC 50
ORD07582,CUST01041,2026-04-20,162000,NONE
ORD07583,CUST04744,2026-01-05,39000,NONE
ORD07584,CUST04677,2026-06-14,274000,NONE
ORD07585,CUST07135,2026-09-11,460000,DISC10
ORD07586,CUST03184,2026-09-21,78000,NONE
ORD07587,CUST06128,2026-09-28,539000,DISC10
ORD07588,CUST01637,2026-01-31,765000,NONE
ORD07589,CUST03985,2026-09-03,112000,DISC 50
ORD07590,CUST09541,2026-04-16,111000,DISC 50
ORD07591,CUST01064,2026-02-17,281000,DISCC20
ORD07592,CUST07887,2026-08-10,572000,NONE
ORD07593,CUST01703,2026-03-29,992000,DISC10
ORD07594,CUST08987,2026-09-06,104000,NONE
ORD07595,CUST01595,2026-08-22,71000,NONE
ORD07596,CUST08594,2026-07-27,352000,NONE
ORD07597,CUST02112,2026-06-04,363000,NONE
ORD07598,CUST06661,2026-01-28,682000,NONE
ORD07599,CUST02340,2026-01-02,909000,NONE
ORD07600,CUST04005,2026-04-12,971000,NONE
ORD07601,CUST06100,2026-02-06,989000,DISC 50
ORD07602,CUST03215,2026-04-02,37000,NONE
ORD07603,CUST00865,2026-01-18,214000,DISCC20
ORD07604,CUST03032,2026-01-28,539000,NONE
ORD07605,CUST05491,2026-06-21,956000,NONE
ORD07606,CUST05349,2026-01-10,962000,DISCC20
ORD07607,CUST04724,2026-03-28,783000,DISC10
ORD07608,CUST04740,2026-02-19,832000,DISCC20
ORD07609,CUST06615,2026-01-14,443000,NONE
ORD07610,CUST01690,2026-01-19,347000,DISC10
ORD07611,CUST05239,2026-05-12,781000,NONE
ORD07612,CUST00313,2026-03-14,122000,NONE
ORD07613,CUST04094,2026-08-06,235000,NONE
ORD07614,CUST02305,2026-09-23,156000,DISCC20
ORD07615,CUST04553,2026-03-11,63000,DISC10
ORD07616,CUST03803,2026-06-13,914000,NONE
ORD07617,CUST03018,2026-03-08,705000,DISCC20
ORD07618,CUST06103,2026-01-25,411000,DISCC20
ORD07619,CUST01567,2026-01-15,704000,NONE
ORD07620,CUST01238,2026-01-24,141000,DISCC20
ORD07621,CUST08753,2026-05-12,339000,DISCC20
ORD07622,CUST09436,2026-04-25,128000,DISCC20
ORD07623,CUST02856,2026-04-27,397000,DISCC20
ORD07624,CUST06207,2026-09-22,144000,DISCC20
ORD07625,CUST03986,2026-03-23,775000,NONE
ORD07626,CUST05498,2026-05-11,877000,NONE
ORD07627,CUST05461,2026-05-26,154000,DISCC20
ORD07628,CUST03043,2026-06-05,537000,NONE
ORD07629,CUST04882,2026-06-02,649000,NONE
ORD07630,CUST00082,2026-08-08,202000,DISC 50
ORD07631,CUST07046,2026-09-20,464000,DISCC20
ORD07632,CUST02849,2026-05-18,788000,DISC10
ORD07633,CUST04056,2026-07-02,472000,NONE
ORD07634,CUST03974,2026-08-31,308000,NONE
ORD07635,CUST02906,2026-07-04,661000,NONE
ORD07636,CUST05837,2026-04-29,439000,DISC10
ORD07637,CUST02910,2026-06-21,417000,NONE
ORD07638,CUST05448,2026-07-09,601000,DISC10
ORD07639,CUST07995,2026-05-17,807000,NONE
ORD07640,CUST06058,2026-03-22,831000,DISCC20
ORD07641,CUST00993,2026-09-19,659000,NONE
ORD07642,CUST04918,2026-08-02,132000,DISC 50
ORD07643,CUST06054,2026-08-31,249000,DISCC20
ORD07644,CUST09530,2026-07-27,739000,DISC 50
ORD07645,CUST04728,2026-03-23,924000,NONE
ORD07646,CUST06453,2026-05-19,469000,NONE
ORD07647,CUST03823,2026-06-12,371000,DISCC20
ORD07648,CUST02086,2026-07-28,805000,NONE
ORD07649,CUST04094,2026-06-23,182000,DISC 50
ORD07650,CUST06362,2026-04-14,530000,NONE
ORD07651,CUST04880,2026-03-19,130000,DISC 50
ORD07652,CUST01341,2026-09-01,185000,NONE
ORD07653,CUST06855,2026-08-23,998000,DISCC20
ORD07654,CUST05309,2026-04-25,302000,DISCC20
ORD07655,CUST06731,2026-05-27,586000,DISC 50
ORD07656,CUST07032,2026-09-14,277000,NONE
ORD07657,CUST06766,2026-01-14,828000,DISC10
ORD07658,CUST08822,2026-07-21,175000,DISC 50
ORD07659,CUST09671,2026-08-29,679000,DISCC20
ORD07660,CUST06804,2026-02-09,123000,DISC 50
ORD07661,CUST08194,2026-04-25,110000,DISC10
ORD07662,CUST08443,2026-07-21,696000,DISCC20
ORD07663,CUST01449,2026-08-25,54000,DISCC20
ORD07664,CUST08145,2026-01-12,850000,DISCC20
ORD07665,CUST02144,2026-08-31,413000,DISC10
ORD07666,CUST02721,2026-08-30,818000,DISC10
ORD07667,CUST04488,2026-02-18,574000,NONE
ORD07668,CUST07897,2026-08-05,592000,NONE
ORD07669,CUST09109,2026-01-10,942000,DISCC20
ORD07670,CUST04508,2026-07-17,612000,DISCC20
ORD07671,CUST02160,2026-03-02,150000,DISC 50
ORD07672,CUST03219,2026-07-23,631000,DISC 50
ORD07673,CUST06503,2026-08-15,213000,DISC 50
ORD07674,CUST02362,2026-05-23,791000,NONE
ORD07675,CUST06367,2026-03-26,887000,NONE
ORD07676,CUST05644,2026-06-01,793000,NONE
ORD07677,CUST03134,2026-04-16,637000,DISC10
ORD07678,CUST02273,2026-08-24,791000,NONE
ORD07679,CUST00186,2026-06-03,245000,NONE
ORD07680,CUST08285,2026-05-15,891000,NONE
ORD07681,CUST01800,2026-02-10,210000,NONE
ORD07682,CUST06280,2026-07-31,760000,DISC 50
ORD07683,CUST01449,2026-08-24,660000,NONE
ORD07684,CUST00420,2026-08-20,446000,NONE
ORD07685,CUST03580,2026-04-25,361000,DISCC20
ORD07686,CUST00539,2026-02-26,132000,NONE
ORD07687,CUST02783,2026-02-25,383000,NONE
ORD07688,CUST01862,2026-01-15,435000,NONE
ORD07689,CUST09301,2026-05-07,641000,DISC 50
ORD07690,CUST01333,2026-01-18,224000,DISCC20
ORD07691,CUST04460,2026-04-29,303000,DISCC20
ORD07692,CUST06870,2026-09-01,878000,NONE
ORD07693,CUST04484,2026-04-16,571000,DISC10
ORD07694,CUST00747,2026-05-25,870000,NONE
ORD07695,CUST01452,2026-05-16,770000,DISC10
ORD07696,CUST07114,2026-02-06,530000,NONE
ORD07697,CUST00618,2026-04-21,100000,DISC 50
ORD07698,CUST01700,2026-02-16,435000,DISC10
ORD07699,CUST09476,2026-05-25,695000,NONE
ORD07700,CUST00409,2026-02-12,73000,DISC 50
ORD07701,CUST00634,2026-03-24,179000,NONE
ORD07702,CUST06833,2026-08-02,973000,DISC10
ORD07703,CUST08918,2026-07-26,58000,NONE
ORD07704,CUST09867,2026-02-07,65000,DISCC20
ORD07705,CUST02366,2026-05-30,149000,DISCC20
ORD07706,CUST08224,2026-05-13,941000,NONE
ORD07707,CUST04954,2026-06-18,591000,DISC 50
ORD07708,CUST00982,2026-03-21,239000,DISC 50
ORD07709,CUST01224,2026-04-12,460000,DISC10
ORD07710,CUST09265,2026-09-02,712000,DISC10
ORD07711,CUST09695,2026-09-06,127000,DISCC20
ORD07712,CUST00963,2026-07-15,106000,DISC 50
ORD07713,CUST01621,2026-09-04,900000,NONE
ORD07714,CUST08119,2026-02-14,143000,DISCC20
ORD07715,CUST01602,2026-03-11,621000,NONE
ORD07716,CUST00266,2026-06-08,163000,DISC 50
ORD07717,CUST00071,2026-08-26,190000,NONE
ORD07718,CUST04741,2026-02-15,119000,DISC10
ORD07719,CUST08743,2026-03-09,495000,NONE
ORD07720,CUST05196,2026-06-03,164000,NONE
ORD07721,CUST09955,2026-02-08,243000,NONE
ORD07722,CUST08358,2026-09-01,402000,NONE
ORD07723,CUST04827,2026-07-14,905000,NONE
ORD07724,CUST09916,2026-04-07,98000,DISCC20
ORD07725,CUST00615,2026-02-10,965000,NONE
ORD07726,CUST04943,2026-09-13,654000,DISC10
ORD07727,CUST02001,2026-07-14,826000,NONE
ORD07728,CUST02775,2026-05-27,280000,NONE
ORD07729,CUST01950,2026-03-19,381000,DISC 50
ORD07730,CUST01248,2026-01-25,752000,DISCC20
ORD07731,CUST05498,2026-02-12,248000,DISC 50
ORD07732,CUST06734,2026-01-27,636000,NONE
ORD07733,CUST03040,2026-08-10,422000,DISC10
ORD07734,CUST08977,2026-07-28,284000,DISC 50
ORD07735,CUST02740,2026-06-22,355000,DISCC20
ORD07736,CUST05110,2026-09-12,939000,DISC10
ORD07737,CUST02277,2026-01-02,673000,DISC 50
ORD07738,CUST07972,2026-05-25,762000,DISC10
ORD07739,CUST09565,2026-08-27,580000,NONE
ORD07740,CUST08530,2026-05-22,563000,DISC 50
ORD07741,CUST06397,2026-08-07,644000,DISC 50
ORD07742,CUST09343,2026-09-17,997000,NONE
ORD07743,CUST00957,2026-04-24,56000,DISC 50
ORD07744,CUST09681,2026-02-24,668000,NONE
ORD07745,CUST07090,2026-06-24,487000,DISC 50
ORD07746,CUST03412,2026-07-25,399000,DISC 50
ORD07747,CUST04854,2026-09-16,932000,DISCC20
ORD07748,CUST07345,2026-04-05,678000,NONE
ORD07749,CUST07466,2026-02-14,184000,NONE
ORD07750,CUST02184,2026-07-26,803000,NONE
ORD07751,CUST06638,2026-07-05,400000,DISC10
ORD07752,CUST06272,2026-05-13,919000,DISC10
ORD07753,CUST00370,2026-09-01,704000,DISC10
ORD07754,CUST04818,2026-02-12,904000,NONE
ORD07755,CUST01823,2026-05-21,883000,DISCC20
ORD07756,CUST06195,2026-01-03,546000,NONE
ORD07757,CUST02950,2026-08-04,291000,DISC10
ORD07758,CUST07293,2026-09-20,821000,DISC10
ORD07759,CUST00057,2026-01-03,678000,NONE
ORD07760,CUST08872,2026-07-29,638000,DISC10
ORD07761,CUST01644,2026-05-20,522000,DISCC20
ORD07762,CUST00127,2026-03-14,508000,NONE
ORD07763,CUST03149,2026-03-28,538000,NONE
ORD07764,CUST01995,2026-02-26,384000,NONE
ORD07765,CUST02294,2026-03-24,259000,DISCC20
ORD07766,CUST02966,2026-03-17,204000,NONE
ORD07767,CUST04652,2026-03-21,38000,NONE
ORD07768,CUST07718,2026-05-23,359000,DISCC20
ORD07769,CUST03156,2026-09-27,391000,NONE
ORD07770,CUST00524,2026-06-02,26000,DISC 50
ORD07771,CUST00640,2026-02-17,768000,NONE
ORD07772,CUST07412,2026-05-18,644000,DISC10
ORD07773,CUST06112,2026-04-27,936000,DISC10
ORD07774,CUST04035,2026-03-01,380000,NONE
ORD07775,CUST05152,2026-01-16,223000,DISC 50
ORD07776,CUST02386,2026-08-15,193000,NONE
ORD07777,CUST09701,2026-09-29,159000,DISC10
ORD07778,CUST04740,2026-08-12,145000,NONE
ORD07779,CUST08018,2026-07-04,594000,DISC10
ORD07780,CUST08589,2026-08-26,271000,DISC10
ORD07781,CUST08855,2026-03-07,42000,DISC10
ORD07782,CUST04917,2026-01-13,129000,NONE
ORD07783,CUST05398,2026-05-28,273000,DISC 50
ORD07784,CUST05455,2026-02-09,917000,DISCC20
ORD07785,CUST01567,2026-09-19,977000,NONE
ORD07786,CUST04718,2026-05-15,505000,NONE
ORD07787,CUST07441,2026-07-29,319000,NONE
ORD07788,CUST09022,2026-03-07,62000,DISCC20
ORD07789,CUST08355,2026-02-13,715000,NONE
ORD07790,CUST00370,2026-04-25,419000,DISCC20
ORD07791,CUST08155,2026-06-26,959000,NONE
ORD07792,CUST03725,2026-01-13,500000,NONE
ORD07793,CUST02391,2026-03-01,124000,DISCC20
ORD07794,CUST04106,2026-08-16,978000,DISCC20
ORD07795,CUST09770,2026-07-26,614000,DISC10
ORD07796,CUST05439,2026-06-13,590000,DISC 50
ORD07797,CUST08078,2026-06-26,828000,DISC 50
ORD07798,CUST00342,2026-06-06,582000,DISC 50
ORD07799,CUST09436,2026-04-06,941000,NONE
ORD07800,CUST06867,2026-01-01,642000,NONE
ORD07801,CUST04884,2026-01-26,392000,DISCC20
ORD07802,CUST09958,2026-09-24,845000,NONE
ORD07803,CUST00243,2026-08-08,411000,DISC10
ORD07804,CUST06366,2026-01-25,364000,NONE
ORD07805,CUST03942,2026-08-24,264000,NONE
ORD07806,CUST06083,2026-05-20,479000,DISC10
ORD07807,CUST06539,2026-02-12,350000,DISCC20
ORD07808,CUST06790,2026-08-16,120000,DISCC20
ORD07809,CUST09178,2026-08-03,95000,DISC 50
ORD07810,CUST02294,2026-01-30,391000,DISCC20
ORD07811,CUST08390,2026-01-11,312000,DISCC20
ORD07812,CUST06529,2026-09-03,655000,NONE
ORD07813,CUST06518,2026-03-24,327000,DISC 50
ORD07814,CUST07534,2026-06-04,817000,NONE
ORD07815,CUST05294,2026-04-03,846000,DISC10
ORD07816,CUST04621,2026-09-30,716000,DISCC20
ORD07817,CUST02308,2026-05-04,947000,DISC 50
ORD07818,CUST03484,2026-03-31,333000,NONE
ORD07819,CUST00523,2026-01-03,305000,DISC10
ORD07820,CUST02065,2026-08-21,340000,DISC10
ORD07821,CUST05604,2026-06-19,277000,NONE
ORD07822,CUST05368,2026-02-25,572000,DISC 50
ORD07823,CUST07513,2026-06-11,313000,NONE
ORD07824,CUST06295,2026-01-15,203000,NONE
ORD07825,CUST00245,2026-07-13,191000,DISC 50
ORD07826,CUST06045,2026-03-26,488000,DISC10
ORD07827,CUST03489,2026-05-03,251000,NONE
ORD07828,CUST05537,2026-03-15,716000,NONE
ORD07829,CUST05880,2026-05-30,210000,DISCC20
ORD07830,CUST05279,2026-02-12,680000,NONE
ORD07831,CUST08608,2026-03-13,421000,DISCC20
ORD07832,CUST04580,2026-01-24,45000,DISCC20
ORD07833,CUST06428,2026-08-11,213000,NONE
ORD07834,CUST07252,2026-02-16,186000,DISC10
ORD07835,CUST04842,2026-09-06,999000,DISCC20
ORD07836,CUST02147,2026-03-13,52000,DISC 50
ORD07837,CUST06673,2026-02-14,500000,NONE
ORD07838,CUST01954,2026-04-01,392000,NONE
ORD07839,CUST09673,2026-05-04,205000,NONE
ORD07840,CUST09898,2026-07-15,239000,NONE
ORD07841,CUST06492,2026-01-03,251000,DISCC20
ORD07842,CUST00541,2026-07-01,245000,DISC10
ORD07843,CUST09608,2026-04-29,185000,NONE
ORD07844,CUST04950,2026-01-24,569000,DISC 50
ORD07845,CUST03031,2026-01-04,179000,DISC10
ORD07846,CUST01561,2026-08-03,712000,NONE
ORD07847,CUST01741,2026-01-25,615000,DISCC20
ORD07848,CUST03468,2026-05-05,407000,NONE
ORD07849,CUST08019,2026-04-26,643000,NONE
ORD07850,CUST09892,2026-02-13,88000,DISC10
ORD07851,CUST00356,2026-01-30,213000,NONE
ORD07852,CUST07050,2026-06-24,126000,NONE
ORD07853,CUST03019,2026-03-16,886000,DISC 50
ORD07854,CUST04601,2026-07-12,741000,NONE
ORD07855,CUST08424,2026-02-02,782000,DISC 50
ORD07856,CUST09826,2026-07-01,341000,DISC10
ORD07857,CUST09493,2026-08-19,661000,DISCC20
ORD07858,CUST00008,2026-04-27,317000,DISC 50
ORD07859,CUST02240,2026-04-22,785000,DISCC20
ORD07860,CUST06309,2026-02-12,691000,NONE
ORD07861,CUST07627,2026-08-28,963000,NONE
ORD07862,CUST04668,2026-02-08,364000,NONE
ORD07863,CUST07227,2026-05-29,776000,DISC 50
ORD07864,CUST07274,2026-05-06,38000,NONE
ORD07865,CUST04845,2026-03-02,992000,DISC 50
ORD07866,CUST01711,2026-04-11,967000,DISC10
ORD07867,CUST08175,2026-08-20,463000,NONE
ORD07868,CUST05571,2026-08-08,84000,DISC 50
ORD07869,CUST07716,2026-04-01,688000,NONE
ORD07870,CUST02049,2026-02-04,52000,NONE
ORD07871,CUST09074,2026-03-23,113000,NONE
ORD07872,CUST07812,2026-06-14,585000,DISC10
ORD07873,CUST01216,2026-07-28,841000,NONE
ORD07874,CUST02554,2026-01-31,160000,DISCC20
ORD07875,CUST01866,2026-02-05,425000,NONE
ORD07876,CUST00394,2026-08-15,420000,NONE
ORD07877,CUST07006,2026-09-02,234000,DISC 50
ORD07878,CUST02220,2026-05-06,179000,DISCC20
ORD07879,CUST02017,2026-09-06,577000,DISC 50
ORD07880,CUST01174,2026-03-21,914000,DISCC20
ORD07881,CUST08468,2026-07-13,762000,DISC 50
ORD07882,CUST06024,2026-09-20,449000,DISCC20
ORD07883,CUST01373,2026-09-12,110000,DISC 50
ORD07884,CUST09934,2026-03-19,344000,DISCC20
ORD07885,CUST00657,2026-01-12,54000,NONE
ORD07886,CUST07432,2026-05-06,875000,DISC 50
ORD07887,CUST09336,2026-05-06,795000,NONE
ORD07888,CUST03987,2026-03-18,744000,NONE
ORD07889,CUST03395,2026-02-07,171000,DISC 50
ORD07890,CUST05646,2026-08-12,638000,NONE
ORD07891,CUST06228,2026-09-15,414000,NONE
ORD07892,CUST02078,2026-04-17,515000,NONE
ORD07893,CUST01693,2026-05-13,527000,NONE
ORD07894,CUST08142,2026-04-14,447000,DISC 50
ORD07895,CUST05585,2026-02-06,942000,DISCC20
ORD07896,CUST02285,2026-09-26,67000,DISC10
ORD07897,CUST04503,2026-02-20,708000,DISC10
ORD07898,CUST05786,2026-07-18,192000,NONE
ORD07899,CUST06438,2026-08-08,324000,DISCC20
ORD07900,CUST07293,2026-08-09,911000,DISCC20
ORD07901,CUST01043,2026-07-08,849000,DISCC20
ORD07902,CUST03000,2026-09-07,311000,DISC 50
ORD07903,CUST03615,2026-06-26,852000,DISCC20
ORD07904,CUST05988,2026-09-08,713000,NONE
ORD07905,CUST06323,2026-06-10,653000,NONE
ORD07906,CUST04263,2026-07-30,566000,NONE
ORD07907,CUST04809,2026-09-19,627000,NONE
ORD07908,CUST02699,2026-03-23,310000,NONE
ORD07909,CUST06023,2026-05-28,875000,DISC10
ORD07910,CUST05028,2026-01-12,441000,NONE
ORD07911,CUST05160,2026-03-12,30000,NONE
ORD07912,CUST09298,2026-03-08,453000,DISC 50
ORD07913,CUST08747,2026-07-16,976000,DISC 50
ORD07914,CUST02343,2026-02-26,863000,NONE
ORD07915,CUST06910,2026-01-28,809000,DISCC20
ORD07916,CUST06847,2026-08-18,753000,NONE
ORD07917,CUST09786,2026-04-02,992000,DISCC20
ORD07918,CUST00357,2026-06-13,653000,NONE
ORD07919,CUST04218,2026-04-21,726000,DISC 50
ORD07920,CUST01196,2026-03-12,159000,NONE
ORD07921,CUST04935,2026-02-26,472000,NONE
ORD07922,CUST00072,2026-07-10,215000,DISCC20
ORD07923,CUST04796,2026-04-11,939000,NONE
ORD07924,CUST09013,2026-08-25,902000,NONE
ORD07925,CUST04701,2026-01-04,957000,DISC 50
ORD07926,CUST09294,2026-09-10,499000,DISCC20
ORD07927,CUST01905,2026-07-11,909000,NONE
ORD07928,CUST00851,2026-05-30,494000,DISC10
ORD07929,CUST03772,2026-04-15,690000,NONE
ORD07930,CUST02195,2026-09-29,120000,DISC 50
ORD07931,CUST09102,2026-08-20,721000,DISCC20
ORD07932,CUST03164,2026-05-05,480000,NONE
ORD07933,CUST00920,2026-03-21,973000,NONE
ORD07934,CUST05189,2026-05-19,90000,NONE
ORD07935,CUST08000,2026-07-22,434000,NONE
ORD07936,CUST00193,2026-08-16,429000,DISCC20
ORD07937,CUST03600,2026-07-28,712000,DISCC20
ORD07938,CUST06986,2026-09-24,230000,DISC10
ORD07939,CUST01104,2026-02-27,166000,DISCC20
ORD07940,CUST00803,2026-01-14,937000,NONE
ORD07941,CUST04788,2026-09-23,540000,DISC 50
ORD07942,CUST06353,2026-03-06,861000,DISC 50
ORD07943,CUST03353,2026-04-15,795000,DISCC20
ORD07944,CUST07396,2026-08-05,716000,NONE
ORD07945,CUST00376,2026-07-15,994000,NONE
ORD07946,CUST08852,2026-03-27,644000,NONE
ORD07947,CUST01406,2026-09-13,739000,DISCC20
ORD07948,CUST00143,2026-07-15,897000,DISC 50
ORD07949,CUST09939,2026-05-10,964000,DISC 50
ORD07950,CUST09821,2026-08-11,161000,DISC10
ORD07951,CUST06870,2026-07-09,311000,NONE
ORD07952,CUST01864,2026-01-27,912000,DISCC20
ORD07953,CUST04286,2026-03-16,661000,DISC 50
ORD07954,CUST09240,2026-02-17,977000,DISCC20
ORD07955,CUST00818,2026-07-11,869000,NONE
ORD07956,CUST01269,2026-01-01,135000,DISC 50
ORD07957,CUST06415,2026-05-30,137000,NONE
ORD07958,CUST08694,2026-06-26,757000,NONE
ORD07959,CUST08862,2026-01-31,923000,DISC10
ORD07960,CUST08584,2026-04-21,776000,NONE
ORD07961,CUST04684,2026-01-19,286000,NONE
ORD07962,CUST01004,2026-02-04,313000,DISC10
ORD07963,CUST03965,2026-05-20,90000,DISC 50
ORD07964,CUST06308,2026-07-27,940000,NONE
ORD07965,CUST01243,2026-06-24,728000,DISCC20
ORD07966,CUST03129,2026-06-19,559000,NONE
ORD07967,CUST04497,2026-02-22,552000,NONE
ORD07968,CUST07821,2026-04-22,342000,NONE
ORD07969,CUST05772,2026-06-13,542000,DISC10
ORD07970,CUST00690,2026-04-11,664000,NONE
ORD07971,CUST01690,2026-01-07,969000,NONE
ORD07972,CUST05207,2026-09-22,415000,DISC 50
ORD07973,CUST01803,2026-08-18,523000,NONE
ORD07974,CUST00592,2026-05-15,118000,NONE
ORD07975,CUST02536,2026-01-20,934000,NONE
ORD07976,CUST06633,2026-02-22,943000,NONE
ORD07977,CUST09155,2026-09-27,686000,NONE
ORD07978,CUST07926,2026-04-15,743000,DISC10
ORD07979,CUST01531,2026-08-12,134000,DISC 50
ORD07980,CUST06378,2026-09-22,459000,NONE
ORD07981,CUST01849,2026-08-05,112000,NONE
ORD07982,CUST06315,2026-08-29,474000,DISC 50
ORD07983,CUST03309,2026-09-24,704000,DISCC20
ORD07984,CUST06781,2026-03-23,92000,NONE
ORD07985,CUST05257,2026-01-22,910000,DISC10
ORD07986,CUST08787,2026-06-20,237000,DISC 50
ORD07987,CUST04188,2026-04-08,390000,NONE
ORD07988,CUST09635,2026-02-04,381000,NONE
ORD07989,CUST07205,2026-06-17,747000,DISCC20
ORD07990,CUST04046,2026-07-09,398000,DISCC20
ORD07991,CUST09479,2026-05-07,696000,NONE
ORD07992,CUST02673,2026-09-18,314000,DISCC20
ORD07993,CUST06557,2026-07-18,700000,DISCC20
ORD07994,CUST07670,2026-02-18,952000,NONE
ORD07995,CUST05492,2026-09-04,597000,DISC10
ORD07996,CUST05411,2026-02-04,577000,DISC 50
ORD07997,CUST07009,2026-08-06,586000,NONE
ORD07998,CUST00071,2026-04-17,859000,DISCC20
ORD07999,CUST02485,2026-01-04,832000,NONE
ORD08000,CUST03351,2026-06-24,186000,NONE
ORD08001,CUST07848,2026-04-02,797000,NONE
ORD08002,CUST09708,2026-08-09,598000,NONE
ORD08003,CUST04179,2026-04-24,349000,DISC10
ORD08004,CUST01004,2026-07-09,193000,DISC 50
ORD08005,CUST08485,2026-03-06,404000,DISC 50
ORD08006,CUST01745,2026-08-07,269000,DISC10
ORD08007,CUST03121,2026-08-28,988000,DISC10
ORD08008,CUST02050,2026-08-30,932000,NONE
ORD08009,CUST07483,2026-01-05,808000,DISCC20
ORD08010,CUST07927,2026-03-27,837000,NONE
ORD08011,CUST07470,2026-08-29,966000,NONE
ORD08012,CUST01981,2026-03-01,924000,NONE
ORD08013,CUST02298,2026-05-30,351000,DISCC20
ORD08014,CUST08257,2026-09-04,968000,NONE
ORD08015,CUST00018,2026-04-12,823000,NONE
ORD08016,CUST00142,2026-02-01,478000,DISC10
ORD08017,CUST01200,2026-03-16,74000,DISCC20
ORD08018,CUST02308,2026-05-23,223000,DISC 50
ORD08019,CUST08010,2026-05-29,246000,NONE
ORD08020,CUST05715,2026-01-27,781000,NONE
ORD08021,CUST07325,2026-09-05,505000,DISC10
ORD08022,CUST01972,2026-08-07,719000,NONE
ORD08023,CUST01775,2026-09-01,410000,DISC 50
ORD08024,CUST05733,2026-08-11,815000,NONE
ORD08025,CUST07459,2026-07-26,441000,DISC 50
ORD08026,CUST09950,2026-01-21,649000,NONE
ORD08027,CUST08586,2026-07-13,900000,DISCC20
ORD08028,CUST04712,2026-04-10,822000,DISC 50
ORD08029,CUST00287,2026-01-09,654000,NONE
ORD08030,CUST02496,2026-07-07,190000,DISC 50
ORD08031,CUST06224,2026-03-12,723000,NONE
ORD08032,CUST03216,2026-07-06,824000,NONE
ORD08033,CUST02987,2026-04-13,155000,DISC10
ORD08034,CUST04234,2026-02-08,274000,NONE
ORD08035,CUST07515,2026-01-07,46000,DISC 50
ORD08036,CUST07836,2026-05-26,712000,DISCC20
ORD08037,CUST00821,2026-08-04,805000,DISC10
ORD08038,CUST08075,2026-06-21,832000,NONE
ORD08039,CUST01354,2026-02-28,954000,DISC 50
ORD08040,CUST01576,2026-01-20,69000,DISC10
ORD08041,CUST02481,2026-07-23,454000,DISC10
ORD08042,CUST08257,2026-01-16,58000,DISCC20
ORD08043,CUST05713,2026-07-25,598000,NONE
ORD08044,CUST04287,2026-04-17,889000,NONE
ORD08045,CUST09796,2026-06-22,491000,NONE
ORD08046,CUST03616,2026-04-15,351000,DISC 50
ORD08047,CUST08199,2026-09-17,755000,DISCC20
ORD08048,CUST08061,2026-07-03,940000,DISC10
ORD08049,CUST01767,2026-04-06,315000,NONE
ORD08050,CUST07734,2026-07-26,608000,DISC10
ORD08051,CUST06299,2026-05-10,273000,NONE
ORD08052,CUST06770,2026-09-16,673000,NONE
ORD08053,CUST03934,2026-05-26,856000,DISCC20
ORD08054,CUST03403,2026-01-12,118000,NONE
ORD08055,CUST06680,2026-03-13,458000,DISC 50
ORD08056,CUST08495,2026-03-16,170000,DISC 50
ORD08057,CUST08827,2026-07-21,366000,DISC 50
ORD08058,CUST08161,2026-03-27,710000,DISCC20
ORD08059,CUST00043,2026-05-29,65000,DISC10
ORD08060,CUST00341,2026-03-14,584000,NONE
ORD08061,CUST01415,2026-01-26,336000,NONE
ORD08062,CUST00287,2026-07-13,352000,DISC10
ORD08063,CUST09167,2026-01-13,809000,DISC 50
ORD08064,CUST03416,2026-05-24,868000,DISCC20
ORD08065,CUST01877,2026-09-11,435000,NONE
ORD08066,CUST00935,2026-04-14,925000,NONE
ORD08067,CUST03842,2026-04-12,352000,NONE
ORD08068,CUST06249,2026-04-22,637000,NONE
ORD08069,CUST00211,2026-04-13,116000,DISC10
ORD08070,CUST00618,2026-01-30,628000,DISC10
ORD08071,CUST09752,2026-09-27,627000,DISCC20
ORD08072,CUST09062,2026-02-03,479000,NONE
ORD08073,CUST00059,2026-02-28,853000,DISC 50
ORD08074,CUST00735,2026-09-30,202000,NONE
ORD08075,CUST05504,2026-04-29,740000,DISC 50
ORD08076,CUST05491,2026-02-03,581000,NONE
ORD08077,CUST00829,2026-04-03,661000,NONE
ORD08078,CUST00809,2026-04-28,970000,DISC 50
ORD08079,CUST07267,2026-04-23,452000,NONE
ORD08080,CUST03973,2026-02-15,813000,NONE
ORD08081,CUST02792,2026-07-21,571000,NONE
ORD08082,CUST08387,2026-01-13,832000,DISC10
ORD08083,CUST02247,2026-03-13,715000,NONE
ORD08084,CUST08519,2026-08-08,93000,DISC 50
ORD08085,CUST07519,2026-06-05,940000,NONE
ORD08086,CUST07504,2026-05-12,892000,DISC10
ORD08087,CUST03610,2026-06-27,100000,DISC10
ORD08088,CUST05716,2026-01-19,722000,NONE
ORD08089,CUST04007,2026-04-19,33000,NONE
ORD08090,CUST08147,2026-08-10,977000,DISCC20
ORD08091,CUST08255,2026-08-18,322000,DISCC20
ORD08092,CUST09138,2026-02-18,623000,DISC10
ORD08093,CUST02293,2026-06-07,708000,NONE
ORD08094,CUST07773,2026-04-30,442000,NONE
ORD08095,CUST00472,2026-07-02,800000,NONE
ORD08096,CUST06645,2026-02-23,856000,NONE
ORD08097,CUST07847,2026-08-07,731000,DISC10
ORD08098,CUST08115,2026-09-18,515000,NONE
ORD08099,CUST08697,2026-03-06,580000,DISCC20
ORD08100,CUST03870,2026-07-29,467000,NONE
ORD08101,CUST05858,2026-09-27,50000,DISC10
ORD08102,CUST02646,2026-07-23,495000,NONE
ORD08103,CUST09702,2026-03-30,187000,DISCC20
ORD08104,CUST07083,2026-08-06,470000,NONE
ORD08105,CUST08436,2026-09-21,36000,NONE
ORD08106,CUST07333,2026-04-10,684000,NONE
ORD08107,CUST06475,2026-02-13,861000,DISC 50
ORD08108,CUST03069,2026-03-28,588000,NONE
ORD08109,CUST07599,2026-01-01,323000,NONE
ORD08110,CUST05210,2026-05-04,604000,NONE
ORD08111,CUST02222,2026-02-24,356000,DISC 50
ORD08112,CUST07869,2026-09-02,501000,DISCC20
ORD08113,CUST05288,2026-08-11,642000,NONE
ORD08114,CUST04856,2026-07-14,50000,NONE
ORD08115,CUST09127,2026-04-07,403000,NONE
ORD08116,CUST00404,2026-09-30,349000,DISC10
ORD08117,CUST04767,2026-02-07,152000,NONE
ORD08118,CUST06350,2026-02-25,362000,NONE
ORD08119,CUST09367,2026-04-07,96000,DISCC20
ORD08120,CUST06496,2026-06-30,384000,DISC10
ORD08121,CUST08731,2026-10-01,476000,DISC10
ORD08122,CUST05053,2026-02-28,563000,NONE
ORD08123,CUST00919,2026-01-21,918000,NONE
ORD08124,CUST00715,2026-07-04,29000,NONE
ORD08125,CUST04291,2026-04-05,301000,NONE
ORD08126,CUST08567,2026-04-03,995000,NONE
ORD08127,CUST05728,2026-09-09,679000,NONE
ORD08128,CUST03817,2026-01-26,682000,DISC10
ORD08129,CUST09661,2026-03-14,225000,DISC10
ORD08130,CUST01666,2026-03-05,773000,DISCC20
ORD08131,CUST00217,2026-06-24,90000,NONE
ORD08132,CUST06414,2026-09-17,880000,NONE
ORD08133,CUST08084,2026-01-19,306000,DISCC20
ORD08134,CUST06579,2026-01-12,702000,NONE
ORD08135,CUST02446,2026-06-26,210000,DISCC20
ORD08136,CUST03098,2026-04-27,442000,NONE
ORD08137,CUST01951,2026-04-18,674000,NONE
ORD08138,CUST06299,2026-01-09,197000,DISC10
ORD08139,CUST08168,2026-01-07,679000,DISCC20
ORD08140,CUST02230,2026-01-11,856000,DISC 50
ORD08141,CUST06307,2026-03-30,691000,NONE
ORD08142,CUST02276,2026-08-05,290000,NONE
ORD08143,CUST05956,2026-08-20,269000,NONE
ORD08144,CUST00408,2026-05-28,739000,DISC 50
ORD08145,CUST01508,2026-09-11,851000,NONE
ORD08146,CUST04999,2026-05-22,425000,NONE
ORD08147,CUST06685,2026-07-08,719000,NONE
ORD08148,CUST00815,2026-05-11,762000,NONE
ORD08149,CUST03413,2026-09-10,395000,NONE
ORD08150,CUST04148,2026-06-05,987000,DISC 50
ORD08151,CUST04168,2026-04-23,363000,NONE
ORD08152,CUST04599,2026-02-03,414000,NONE
ORD08153,CUST08995,2026-08-08,574000,NONE
ORD08154,CUST05799,2026-08-03,974000,NONE
ORD08155,CUST04386,2026-04-12,543000,DISCC20
ORD08156,CUST09201,2026-06-01,784000,DISCC20
ORD08157,CUST08963,2026-06-30,992000,NONE
ORD08158,CUST06824,2026-03-23,877000,NONE
ORD08159,CUST07114,2026-04-21,426000,DISC 50
ORD08160,CUST05132,2026-09-23,271000,DISCC20
ORD08161,CUST07549,2026-01-16,509000,DISC 50
ORD08162,CUST07717,2026-09-26,29000,NONE
ORD08163,CUST03993,2026-05-29,187000,NONE
ORD08164,CUST09996,2026-07-29,599000,DISCC20
ORD08165,CUST04928,2026-05-09,274000,NONE
ORD08166,CUST09783,2026-08-09,732000,DISC 50
ORD08167,CUST05834,2026-01-17,49000,NONE
ORD08168,CUST05229,2026-06-06,843000,DISC10
ORD08169,CUST00523,2026-07-04,635000,DISCC20
ORD08170,CUST04410,2026-09-30,435000,NONE
ORD08171,CUST00135,2026-03-26,77000,NONE
ORD08172,CUST04594,2026-04-11,201000,NONE
ORD08173,CUST09293,2026-04-11,71000,NONE
ORD08174,CUST07321,2026-08-28,257000,NONE
ORD08175,CUST02325,2026-09-08,889000,NONE
ORD08176,CUST04418,2026-06-11,675000,DISC 50
ORD08177,CUST03960,2026-01-03,600000,DISC10
ORD08178,CUST06910,2026-02-02,166000,DISC 50
ORD08179,CUST01802,2026-06-29,387000,DISC10
ORD08180,CUST00080,2026-03-09,332000,DISC 50
ORD08181,CUST03031,2026-01-12,600000,DISC10
ORD08182,CUST03437,2026-06-09,376000,DISCC20
ORD08183,CUST02282,2026-02-03,955000,NONE
ORD08184,CUST03810,2026-05-16,869000,DISCC20
ORD08185,CUST05417,2026-09-09,217000,DISC10
ORD08186,CUST01830,2026-02-21,170000,DISCC20
ORD08187,CUST09439,2026-06-30,54000,DISC 50
ORD08188,CUST06572,2026-03-27,391000,DISCC20
ORD08189,CUST04329,2026-08-24,177000,NONE
ORD08190,CUST06231,2026-08-11,952000,DISCC20
ORD08191,CUST01819,2026-06-26,733000,DISC10
ORD08192,CUST05956,2026-09-26,532000,DISCC20
ORD08193,CUST03153,2026-09-28,592000,NONE
ORD08194,CUST05711,2026-06-29,324000,DISC 50
ORD08195,CUST04253,2026-02-11,672000,NONE
ORD08196,CUST09890,2026-01-21,868000,NONE
ORD08197,CUST09579,2026-02-11,262000,DISC 50
ORD08198,CUST01285,2026-02-18,513000,NONE
ORD08199,CUST05637,2026-06-05,873000,DISC 50
ORD08200,CUST03604,2026-06-10,730000,NONE
ORD08201,CUST06847,2026-01-17,163000,NONE
ORD08202,CUST08910,2026-04-06,890000,DISC10
ORD08203,CUST07466,2026-08-01,229000,DISCC20
ORD08204,CUST04099,2026-08-15,419000,DISC10
ORD08205,CUST01424,2026-03-13,708000,DISC 50
ORD08206,CUST06137,2026-09-01,458000,NONE
ORD08207,CUST06970,2026-03-27,288000,DISC10
ORD08208,CUST06952,2026-03-30,54000,NONE
ORD08209,CUST08614,2026-05-12,146000,NONE
ORD08210,CUST06427,2026-08-15,188000,DISC10
ORD08211,CUST06946,2026-01-31,609000,DISCC20
ORD08212,CUST09888,2026-02-12,877000,NONE
ORD08213,CUST00331,2026-05-04,834000,DISCC20
ORD08214,CUST01209,2026-06-22,471000,NONE
ORD08215,CUST00972,2026-09-10,343000,DISC 50
ORD08216,CUST05406,2026-01-17,763000,NONE
ORD08217,CUST02049,2026-03-15,961000,NONE
ORD08218,CUST07221,2026-08-03,258000,NONE
ORD08219,CUST02839,2026-02-21,1000000,DISCC20
ORD08220,CUST03755,2026-05-24,872000,NONE
ORD08221,CUST00631,2026-09-29,340000,NONE
ORD08222,CUST01482,2026-06-26,698000,DISC 50
ORD08223,CUST00937,2026-03-19,173000,DISC 50
ORD08224,CUST06566,2026-05-05,329000,DISC 50
ORD08225,CUST02372,2026-01-24,591000,DISCC20
ORD08226,CUST01755,2026-05-02,277000,DISC 50
ORD08227,CUST07724,2026-03-09,395000,DISC 50
ORD08228,CUST06203,2026-08-15,502000,DISCC20
ORD08229,CUST01806,2026-02-02,760000,DISC 50
ORD08230,CUST09675,2026-05-30,49000,NONE
ORD08231,CUST04240,2026-05-27,223000,DISC10
ORD08232,CUST03328,2026-09-24,687000,DISC 50
ORD08233,CUST07142,2026-05-08,929000,NONE
ORD08234,CUST03687,2026-07-10,962000,DISC10
ORD08235,CUST02569,2026-01-20,705000,NONE
ORD08236,CUST07925,2026-09-05,146000,NONE
ORD08237,CUST05255,2026-02-24,41000,NONE
ORD08238,CUST09578,2026-03-17,142000,NONE
ORD08239,CUST09912,2026-08-28,154000,NONE
ORD08240,CUST01053,2026-06-23,956000,NONE
ORD08241,CUST02650,2026-04-20,546000,DISC10
ORD08242,CUST02315,2026-08-07,726000,NONE
ORD08243,CUST00878,2026-02-12,773000,NONE
ORD08244,CUST03746,2026-09-08,864000,NONE
ORD08245,CUST02568,2026-03-21,125000,NONE
ORD08246,CUST06506,2026-05-07,605000,DISC10
ORD08247,CUST07253,2026-06-14,248000,NONE
ORD08248,CUST07130,2026-08-24,821000,NONE
ORD08249,CUST00441,2026-02-28,392000,DISCC20
ORD08250,CUST07393,2026-09-21,524000,DISC10
ORD08251,CUST04785,2026-08-15,379000,NONE
ORD08252,CUST06114,2026-02-11,909000,DISCC20
ORD08253,CUST04167,2026-01-29,305000,DISC 50
ORD08254,CUST00170,2026-01-27,853000,DISCC20
ORD08255,CUST02146,2026-01-04,819000,NONE
ORD08256,CUST08532,2026-07-13,274000,NONE
ORD08257,CUST09093,2026-09-11,652000,DISC10
ORD08258,CUST05074,2026-04-20,678000,DISC 50
ORD08259,CUST02787,2026-01-29,633000,DISC 50
ORD08260,CUST06550,2026-09-15,488000,NONE
ORD08261,CUST03896,2026-01-25,689000,DISC10
ORD08262,CUST00140,2026-05-20,644000,NONE
ORD08263,CUST04476,2026-04-16,442000,NONE
ORD08264,CUST05702,2026-08-24,329000,NONE
ORD08265,CUST08790,2026-02-05,753000,NONE
ORD08266,CUST03934,2026-03-16,832000,NONE
ORD08267,CUST01578,2026-09-16,70000,DISC10
ORD08268,CUST09003,2026-05-05,705000,DISCC20
ORD08269,CUST02827,2026-08-17,98000,DISC10
ORD08270,CUST01641,2026-06-10,274000,DISCC20
ORD08271,CUST06149,2026-05-24,86000,DISC10
ORD08272,CUST02617,2026-06-08,177000,DISC10
ORD08273,CUST03851,2026-02-20,573000,NONE
ORD08274,CUST05926,2026-03-28,840000,DISCC20
ORD08275,CUST00517,2026-03-30,814000,NONE
ORD08276,CUST01259,2026-04-11,927000,NONE
ORD08277,CUST08569,2026-07-18,149000,NONE
ORD08278,CUST03642,2026-07-30,450000,DISC10
ORD08279,CUST08806,2026-05-02,603000,NONE
ORD08280,CUST07847,2026-02-14,276000,NONE
ORD08281,CUST09835,2026-07-14,37000,NONE
ORD08282,CUST09708,2026-09-19,748000,DISC 50
ORD08283,CUST07020,2026-09-06,518000,DISCC20
ORD08284,CUST00701,2026-01-24,48000,DISC 50
ORD08285,CUST01324,2026-03-08,288000,NONE
ORD08286,CUST00826,2026-02-21,510000,DISC10
ORD08287,CUST01871,2026-08-22,469000,DISCC20
ORD08288,CUST09186,2026-05-18,398000,DISC10
ORD08289,CUST09940,2026-09-30,353000,DISC10
ORD08290,CUST03551,2026-04-03,494000,DISC10
ORD08291,CUST06084,2026-09-28,107000,DISC10
ORD08292,CUST04339,2026-02-11,842000,NONE
ORD08293,CUST05928,2026-06-05,290000,DISC 50
ORD08294,CUST09921,2026-08-04,508000,DISCC20
ORD08295,CUST05639,2026-07-22,371000,NONE
ORD08296,CUST09832,2026-02-28,215000,NONE
ORD08297,CUST08168,2026-08-08,105000,DISCC20
ORD08298,CUST07310,2026-08-13,776000,NONE
ORD08299,CUST08209,2026-03-01,537000,NONE
ORD08300,CUST06974,2026-03-14,271000,NONE
ORD08301,CUST06567,2026-07-01,134000,DISCC20
ORD08302,CUST06254,2026-07-25,970000,NONE
ORD08303,CUST00414,2026-04-23,406000,DISC 50
ORD08304,CUST03400,2026-09-11,494000,DISC10
ORD08305,CUST08921,2026-04-11,891000,NONE
ORD08306,CUST04694,2026-09-02,867000,DISC10
ORD08307,CUST02291,2026-03-26,247000,NONE
ORD08308,CUST06239,2026-05-28,95000,DISC 50
ORD08309,CUST06406,2026-06-02,932000,NONE
ORD08310,CUST08098,2026-04-01,459000,DISCC20
ORD08311,CUST00014,2026-04-22,328000,NONE
ORD08312,CUST01174,2026-02-26,849000,NONE
ORD08313,CUST01586,2026-08-02,725000,DISC 50
ORD08314,CUST01676,2026-03-31,408000,DISCC20
ORD08315,CUST08379,2026-06-01,257000,DISC10
ORD08316,CUST08715,2026-07-23,779000,NONE
ORD08317,CUST06811,2026-04-17,293000,NONE
ORD08318,CUST04101,2026-01-14,422000,DISC 50
ORD08319,CUST08826,2026-07-13,603000,NONE
ORD08320,CUST07915,2026-09-19,974000,DISC10
ORD08321,CUST06184,2026-04-21,589000,NONE
ORD08322,CUST00049,2026-04-29,53000,DISC 50
ORD08323,CUST07970,2026-04-23,724000,NONE
ORD08324,CUST06580,2026-04-27,771000,DISCC20
ORD08325,CUST05645,2026-02-10,615000,DISCC20
ORD08326,CUST09730,2026-03-16,141000,NONE
ORD08327,CUST07907,2026-03-27,982000,DISC10
ORD08328,CUST05404,2026-07-16,637000,DISCC20
ORD08329,CUST01056,2026-05-24,69000,DISC 50
ORD08330,CUST06179,2026-01-26,785000,NONE
ORD08331,CUST09487,2026-03-16,121000,DISC10
ORD08332,CUST02791,2026-08-20,156000,NONE
ORD08333,CUST04601,2026-03-22,516000,DISC10
ORD08334,CUST03156,2026-09-23,45000,DISC10
ORD08335,CUST07313,2026-02-28,738000,NONE
ORD08336,CUST00876,2026-07-25,893000,NONE
ORD08337,CUST07344,2026-06-21,563000,NONE
ORD08338,CUST04130,2026-09-24,877000,NONE
ORD08339,CUST04668,2026-09-02,620000,NONE
ORD08340,CUST09835,2026-08-18,83000,DISC 50
ORD08341,CUST02209,2026-03-24,134000,NONE
ORD08342,CUST01809,2026-03-05,310000,NONE
ORD08343,CUST05501,2026-07-29,452000,DISC 50
ORD08344,CUST01556,2026-09-22,591000,NONE
ORD08345,CUST01672,2026-10-01,988000,DISC10
ORD08346,CUST01262,2026-08-10,529000,DISCC20
ORD08347,CUST06659,2026-06-10,907000,DISCC20
ORD08348,CUST06684,2026-02-18,229000,DISC10
ORD08349,CUST09772,2026-03-28,497000,DISC 50
ORD08350,CUST07351,2026-06-30,862000,DISCC20
ORD08351,CUST01694,2026-08-01,453000,NONE
ORD08352,CUST09975,2026-06-06,445000,DISCC20
ORD08353,CUST09185,2026-09-07,544000,DISC10
ORD08354,CUST09404,2026-02-15,884000,DISCC20
ORD08355,CUST09667,2026-09-27,688000,NONE
ORD08356,CUST06422,2026-01-28,568000,DISCC20
ORD08357,CUST01865,2026-01-25,806000,DISCC20
ORD08358,CUST08186,2026-01-07,103000,NONE
ORD08359,CUST05703,2026-09-10,218000,NONE
ORD08360,CUST01883,2026-03-29,423000,DISCC20
ORD08361,CUST06908,2026-04-10,968000,DISC10
ORD08362,CUST01260,2026-05-04,506000,NONE
ORD08363,CUST05398,2026-09-27,299000,NONE
ORD08364,CUST00744,2026-01-19,342000,NONE
ORD08365,CUST03976,2026-01-29,512000,NONE
ORD08366,CUST09853,2026-03-25,390000,NONE
ORD08367,CUST06088,2026-06-01,553000,DISC 50
ORD08368,CUST03685,2026-09-15,374000,NONE
ORD08369,CUST03841,2026-08-04,721000,NONE
ORD08370,CUST02510,2026-03-05,518000,DISC 50
ORD08371,CUST09892,2026-04-22,672000,DISCC20
ORD08372,CUST05279,2026-03-16,820000,DISC 50
ORD08373,CUST07176,2026-02-24,853000,DISC 50
ORD08374,CUST09834,2026-02-05,742000,NONE
ORD08375,CUST05287,2026-04-05,596000,DISC10
ORD08376,CUST08087,2026-05-11,913000,NONE
ORD08377,CUST01742,2026-04-02,863000,NONE
ORD08378,CUST03079,2026-04-04,440000,DISC10
ORD08379,CUST08881,2026-03-04,429000,DISCC20
ORD08380,CUST05866,2026-05-14,289000,DISC10
ORD08381,CUST09091,2026-04-17,282000,DISC 50
ORD08382,CUST01538,2026-04-30,346000,NONE
ORD08383,CUST00864,2026-04-22,642000,DISCC20
ORD08384,CUST07706,2026-01-05,637000,NONE
ORD08385,CUST05533,2026-09-24,818000,NONE
ORD08386,CUST09620,2026-01-24,463000,NONE
ORD08387,CUST05937,2026-06-06,928000,NONE
ORD08388,CUST02222,2026-08-26,669000,DISC 50
ORD08389,CUST09215,2026-01-17,792000,NONE
ORD08390,CUST01764,2026-04-01,496000,NONE
ORD08391,CUST05385,2026-04-07,691000,DISC10
ORD08392,CUST06562,2026-08-03,545000,DISC10
ORD08393,CUST03379,2026-02-04,245000,NONE
ORD08394,CUST03148,2026-08-29,981000,NONE
ORD08395,CUST00472,2026-08-20,514000,NONE
ORD08396,CUST01983,2026-03-11,515000,NONE
ORD08397,CUST04813,2026-04-26,36000,NONE
ORD08398,CUST05008,2026-04-03,160000,NONE
ORD08399,CUST02798,2026-03-29,777000,DISC 50
ORD08400,CUST08606,2026-02-18,925000,NONE
ORD08401,CUST01005,2026-04-28,446000,NONE
ORD08402,CUST03029,2026-05-06,776000,DISCC20
ORD08403,CUST05123,2026-08-11,340000,DISC10
ORD08404,CUST08918,2026-02-18,127000,NONE
ORD08405,CUST04755,2026-06-08,299000,DISCC20
ORD08406,CUST09057,2026-06-01,918000,DISC 50
ORD08407,CUST00505,2026-03-21,186000,NONE
ORD08408,CUST04009,2026-05-24,852000,DISC 50
ORD08409,CUST09846,2026-01-04,340000,NONE
ORD08410,CUST05752,2026-07-30,743000,DISC10
ORD08411,CUST08434,2026-03-02,461000,NONE
ORD08412,CUST05511,2026-02-03,451000,DISC 50
ORD08413,CUST09437,2026-01-05,316000,DISC10
ORD08414,CUST08110,2026-06-08,384000,DISCC20
ORD08415,CUST03155,2026-02-03,503000,DISC10
ORD08416,CUST05097,2026-06-13,875000,NONE
ORD08417,CUST04917,2026-03-10,883000,DISC 50
ORD08418,CUST00915,2026-02-17,545000,DISCC20
ORD08419,CUST01247,2026-07-17,708000,DISC10
ORD08420,CUST03271,2026-01-14,350000,NONE
ORD08421,CUST04378,2026-06-13,210000,NONE
ORD08422,CUST00578,2026-03-31,674000,DISCC20
ORD08423,CUST07869,2026-05-04,416000,NONE
ORD08424,CUST07091,2026-07-15,622000,NONE
ORD08425,CUST09830,2026-08-05,202000,DISCC20
ORD08426,CUST03830,2026-06-27,262000,NONE
ORD08427,CUST01529,2026-07-16,607000,DISC 50
ORD08428,CUST01072,2026-02-17,665000,NONE
ORD08429,CUST09976,2026-04-09,718000,DISC10
ORD08430,CUST05007,2026-04-29,154000,DISC 50
ORD08431,CUST04818,2026-03-18,27000,NONE
ORD08432,CUST02912,2026-08-06,549000,NONE
ORD08433,CUST04427,2026-04-07,444000,DISCC20
ORD08434,CUST04914,2026-04-14,715000,NONE
ORD08435,CUST03902,2026-04-28,288000,DISCC20
ORD08436,CUST06078,2026-08-30,129000,NONE
ORD08437,CUST06247,2026-09-27,471000,NONE
ORD08438,CUST00611,2026-05-11,544000,NONE
ORD08439,CUST04719,2026-07-05,204000,DISC 50
ORD08440,CUST09209,2026-05-08,205000,NONE
ORD08441,CUST09085,2026-03-10,362000,DISC 50
ORD08442,CUST07369,2026-01-11,300000,DISCC20
ORD08443,CUST00356,2026-06-24,616000,DISC 50
ORD08444,CUST09166,2026-03-25,673000,NONE
ORD08445,CUST09975,2026-07-11,303000,NONE
ORD08446,CUST04076,2026-01-05,607000,NONE
ORD08447,CUST04643,2026-08-05,359000,DISCC20
ORD08448,CUST09846,2026-06-15,123000,NONE
ORD08449,CUST05377,2026-07-27,70000,DISC 50
ORD08450,CUST02042,2026-08-23,846000,NONE
ORD08451,CUST03300,2026-09-25,29000,DISC10
ORD08452,CUST04489,2026-06-24,164000,NONE
ORD08453,CUST07461,2026-09-18,242000,DISC 50
ORD08454,CUST06586,2026-05-26,707000,NONE
ORD08455,CUST07105,2026-09-22,465000,NONE
ORD08456,CUST07488,2026-05-13,41000,NONE
ORD08457,CUST07497,2026-02-24,742000,NONE
ORD08458,CUST07099,2026-01-12,623000,DISC10
ORD08459,CUST04274,2026-02-13,661000,NONE
ORD08460,CUST01324,2026-02-12,51000,DISCC20
ORD08461,CUST04272,2026-09-26,840000,NONE
ORD08462,CUST01682,2026-08-18,369000,NONE
ORD08463,CUST05874,2026-09-03,453000,NONE
ORD08464,CUST00001,2026-06-16,693000,DISC 50
ORD08465,CUST08894,2026-02-09,770000,NONE
ORD08466,CUST00328,2026-08-05,727000,DISC10
ORD08467,CUST08052,2026-07-16,703000,DISC 50
ORD08468,CUST09224,2026-05-14,933000,NONE
ORD08469,CUST03350,2026-04-03,315000,NONE
ORD08470,CUST06029,2026-04-17,650000,NONE
ORD08471,CUST09429,2026-08-11,554000,DISC 50
ORD08472,CUST04559,2026-01-10,356000,DISC10
ORD08473,CUST06701,2026-06-21,443000,NONE
ORD08474,CUST07938,2026-04-28,376000,DISC 50
ORD08475,CUST02224,2026-01-24,869000,NONE
ORD08476,CUST02916,2026-05-16,839000,NONE
ORD08477,CUST01182,2026-08-11,507000,NONE
ORD08478,CUST05426,2026-03-27,845000,NONE
ORD08479,CUST04927,2026-03-05,59000,DISCC20
ORD08480,CUST00913,2026-06-19,907000,NONE
ORD08481,CUST08830,2026-05-04,356000,NONE
ORD08482,CUST07010,2026-09-09,787000,DISCC20
ORD08483,CUST04930,2026-07-12,551000,DISC10
ORD08484,CUST04086,2026-07-30,554000,NONE
ORD08485,CUST09388,2026-05-28,275000,NONE
ORD08486,CUST09164,2026-07-28,914000,DISC10
ORD08487,CUST03210,2026-07-17,355000,NONE
ORD08488,CUST03617,2026-06-29,44000,NONE
ORD08489,CUST00357,2026-02-13,813000,DISC10
ORD08490,CUST07198,2026-03-14,587000,NONE
ORD08491,CUST09849,2026-07-13,366000,DISC10
ORD08492,CUST00026,2026-04-17,802000,DISC 50
ORD08493,CUST06044,2026-09-15,175000,NONE
ORD08494,CUST07532,2026-09-08,383000,NONE
ORD08495,CUST07780,2026-07-12,74000,DISCC20
ORD08496,CUST05367,2026-07-18,449000,DISCC20
ORD08497,CUST03184,2026-01-27,790000,NONE
ORD08498,CUST04158,2026-04-21,336000,NONE
ORD08499,CUST03462,2026-05-25,668000,NONE
ORD08500,CUST06603,2026-05-13,545000,NONE
ORD08501,CUST04008,2026-07-13,263000,DISC10
ORD08502,CUST02467,2026-02-06,225000,DISCC20
ORD08503,CUST07205,2026-07-09,720000,NONE
ORD08504,CUST07812,2026-02-15,756000,NONE
ORD08505,CUST07349,2026-01-25,928000,DISCC20
ORD08506,CUST07316,2026-03-05,333000,DISC 50
ORD08507,CUST07553,2026-07-02,497000,NONE
ORD08508,CUST06775,2026-03-30,936000,DISCC20
ORD08509,CUST04015,2026-07-18,990000,NONE
ORD08510,CUST08818,2026-08-16,345000,NONE
ORD08511,CUST08347,2026-01-22,653000,NONE
ORD08512,CUST08125,2026-09-08,296000,NONE
ORD08513,CUST04467,2026-07-11,725000,DISC 50
ORD08514,CUST04674,2026-05-03,884000,NONE
ORD08515,CUST02267,2026-06-21,626000,DISC 50
ORD08516,CUST07310,2026-04-08,792000,NONE
ORD08517,CUST00451,2026-05-10,796000,DISCC20
ORD08518,CUST06379,2026-09-01,501000,NONE
ORD08519,CUST04611,2026-09-01,50000,DISC 50
ORD08520,CUST00370,2026-03-18,912000,NONE
ORD08521,CUST07656,2026-08-04,388000,DISC10
ORD08522,CUST09778,2026-06-07,480000,DISC 50
ORD08523,CUST04884,2026-04-13,115000,DISC10
ORD08524,CUST07720,2026-06-12,809000,DISCC20
ORD08525,CUST00974,2026-04-17,661000,NONE
ORD08526,CUST00530,2026-01-30,683000,NONE
ORD08527,CUST09355,2026-01-24,896000,DISC 50
ORD08528,CUST06702,2026-01-18,406000,NONE
ORD08529,CUST08295,2026-07-02,178000,DISCC20
ORD08530,CUST04316,2026-05-29,376000,DISCC20
ORD08531,CUST05465,2026-09-26,695000,NONE
ORD08532,CUST05988,2026-08-05,276000,DISC 50
ORD08533,CUST03282,2026-04-03,910000,NONE
ORD08534,CUST06744,2026-03-08,465000,DISC10
ORD08535,CUST00604,2026-01-07,291000,NONE
ORD08536,CUST09350,2026-01-15,779000,DISC10
ORD08537,CUST00982,2026-02-05,778000,DISCC20
ORD08538,CUST09584,2026-06-07,796000,NONE
ORD08539,CUST06905,2026-07-05,104000,DISC10
ORD08540,CUST09302,2026-09-14,630000,NONE
ORD08541,CUST05151,2026-07-24,107000,DISC10
ORD08542,CUST05215,2026-02-22,539000,DISCC20
ORD08543,CUST04534,2026-08-18,436000,NONE
ORD08544,CUST05112,2026-02-09,772000,DISC 50
ORD08545,CUST07352,2026-08-29,460000,DISC10
ORD08546,CUST06691,2026-09-19,548000,NONE
ORD08547,CUST04599,2026-01-01,762000,NONE
ORD08548,CUST06552,2026-07-30,712000,NONE
ORD08549,CUST08972,2026-07-16,931000,DISCC20
ORD08550,CUST06110,2026-01-09,754000,DISCC20
ORD08551,CUST06622,2026-07-08,376000,NONE
ORD08552,CUST00275,2026-07-11,564000,NONE
ORD08553,CUST04526,2026-02-04,760000,DISCC20
ORD08554,CUST03794,2026-04-30,28000,NONE
ORD08555,CUST09409,2026-04-03,746000,DISCC20
ORD08556,CUST06928,2026-09-12,955000,DISC 50
ORD08557,CUST05170,2026-01-09,309000,NONE
ORD08558,CUST08766,2026-05-04,457000,DISCC20
ORD08559,CUST01100,2026-03-21,284000,DISC10
ORD08560,CUST01102,2026-07-01,246000,DISC10
ORD08561,CUST06366,2026-09-30,410000,DISC10
ORD08562,CUST07939,2026-06-07,339000,NONE
ORD08563,CUST03494,2026-05-05,590000,NONE
ORD08564,CUST04151,2026-02-16,489000,NONE
ORD08565,CUST05564,2026-09-14,196000,DISC 50
ORD08566,CUST04903,2026-08-22,910000,DISC 50
ORD08567,CUST00044,2026-03-07,217000,DISC 50
ORD08568,CUST04621,2026-05-15,130000,DISC10
ORD08569,CUST03702,2026-03-27,826000,NONE
ORD08570,CUST03698,2026-09-04,883000,DISC 50
ORD08571,CUST08803,2026-02-12,962000,NONE
ORD08572,CUST06777,2026-07-28,342000,NONE
ORD08573,CUST04956,2026-09-03,122000,DISCC20
ORD08574,CUST03336,2026-02-16,965000,DISC 50
ORD08575,CUST08282,2026-02-09,715000,DISCC20
ORD08576,CUST02316,2026-01-05,388000,NONE
ORD08577,CUST03205,2026-07-11,298000,NONE
ORD08578,CUST08758,2026-06-12,859000,DISC10
ORD08579,CUST03442,2026-06-28,998000,NONE
ORD08580,CUST08815,2026-09-27,398000,NONE
ORD08581,CUST01949,2026-03-27,525000,NONE
ORD08582,CUST05632,2026-06-17,922000,NONE
ORD08583,CUST09460,2026-01-30,560000,DISC 50
ORD08584,CUST02799,2026-02-08,592000,NONE
ORD08585,CUST05915,2026-06-19,852000,NONE
ORD08586,CUST06174,2026-02-26,496000,DISC 50
ORD08587,CUST03525,2026-04-02,575000,DISCC20
ORD08588,CUST09628,2026-02-19,250000,DISC 50
ORD08589,CUST09371,2026-09-30,118000,NONE
ORD08590,CUST00910,2026-01-22,225000,NONE
ORD08591,CUST04231,2026-02-03,911000,NONE
ORD08592,CUST04246,2026-04-07,155000,NONE
ORD08593,CUST05108,2026-03-30,961000,DISCC20
ORD08594,CUST09966,2026-02-22,922000,DISC 50
ORD08595,CUST03968,2026-08-26,806000,DISC10
ORD08596,CUST02841,2026-02-22,89000,NONE
ORD08597,CUST02536,2026-06-10,508000,DISCC20
ORD08598,CUST01486,2026-06-01,114000,DISC 50
ORD08599,CUST01444,2026-07-25,226000,DISCC20
ORD08600,CUST05446,2026-02-12,928000,NONE
ORD08601,CUST05939,2026-07-02,225000,DISC10
ORD08602,CUST05255,2026-02-02,253000,DISC10
ORD08603,CUST00965,2026-04-08,852000,DISC 50
ORD08604,CUST00169,2026-06-01,485000,NONE
ORD08605,CUST01441,2026-09-30,712000,NONE
ORD08606,CUST00778,2026-02-21,656000,NONE
ORD08607,CUST05908,2026-07-28,653000,NONE
ORD08608,CUST05126,2026-06-05,352000,NONE
ORD08609,CUST07081,2026-07-28,268000,NONE
ORD08610,CUST05334,2026-06-06,932000,DISC 50
ORD08611,CUST09149,2026-03-03,784000,DISCC20
ORD08612,CUST02317,2026-02-20,441000,NONE
ORD08613,CUST05591,2026-05-17,181000,DISC10
ORD08614,CUST05027,2026-08-02,725000,DISC10
ORD08615,CUST00376,2026-02-22,454000,DISC10
ORD08616,CUST06235,2026-07-15,731000,NONE
ORD08617,CUST00283,2026-02-17,85000,NONE
ORD08618,CUST02170,2026-09-27,188000,NONE
ORD08619,CUST02196,2026-05-09,844000,NONE
ORD08620,CUST06628,2026-03-05,573000,DISCC20
ORD08621,CUST08249,2026-08-02,972000,DISCC20
ORD08622,CUST01372,2026-03-19,673000,NONE
ORD08623,CUST06589,2026-07-02,199000,NONE
ORD08624,CUST09314,2026-07-15,822000,NONE
ORD08625,CUST00500,2026-03-16,566000,DISCC20
ORD08626,CUST08136,2026-05-19,611000,NONE
ORD08627,CUST00064,2026-02-14,36000,DISC 50
ORD08628,CUST02280,2026-04-28,702000,NONE
ORD08629,CUST08066,2026-06-30,157000,DISCC20
ORD08630,CUST00806,2026-08-22,745000,DISCC20
ORD08631,CUST02389,2026-03-22,56000,DISC10
ORD08632,CUST04380,2026-08-26,597000,DISC 50
ORD08633,CUST02111,2026-09-10,285000,DISCC20
ORD08634,CUST02001,2026-08-26,173000,NONE
ORD08635,CUST01448,2026-06-29,327000,DISC 50
ORD08636,CUST00733,2026-04-06,364000,NONE
ORD08637,CUST00378,2026-09-20,748000,DISCC20
ORD08638,CUST06545,2026-09-22,41000,NONE
ORD08639,CUST04720,2026-01-23,590000,DISC10
ORD08640,CUST02981,2026-03-30,293000,DISC10
ORD08641,CUST05876,2026-08-03,892000,DISC 50
ORD08642,CUST04318,2026-09-02,486000,NONE
ORD08643,CUST00683,2026-06-24,760000,NONE
ORD08644,CUST04214,2026-01-12,916000,DISC10
ORD08645,CUST09576,2026-09-15,542000,DISC 50
ORD08646,CUST06425,2026-08-12,729000,DISC 50
ORD08647,CUST00578,2026-04-15,121000,NONE
ORD08648,CUST05807,2026-06-18,466000,DISCC20
ORD08649,CUST08435,2026-04-23,597000,NONE
ORD08650,CUST08334,2026-09-29,973000,NONE
ORD08651,CUST06241,2026-08-15,380000,NONE
ORD08652,CUST01214,2026-05-02,235000,NONE
ORD08653,CUST06828,2026-01-27,687000,DISCC20
ORD08654,CUST09693,2026-03-12,48000,DISC10
ORD08655,CUST03171,2026-02-20,594000,NONE
ORD08656,CUST04579,2026-01-05,518000,NONE
ORD08657,CUST07328,2026-05-22,949000,DISC10
ORD08658,CUST03512,2026-01-08,546000,DISC10
ORD08659,CUST05395,2026-04-17,149000,NONE
ORD08660,CUST08537,2026-05-12,625000,DISC 50
ORD08661,CUST09177,2026-05-06,197000,NONE
ORD08662,CUST05047,2026-05-29,100000,NONE
ORD08663,CUST04254,2026-03-04,495000,NONE
ORD08664,CUST05926,2026-01-25,263000,DISC 50
ORD08665,CUST02100,2026-08-14,599000,DISCC20
ORD08666,CUST01524,2026-07-03,778000,NONE
ORD08667,CUST03524,2026-08-31,679000,DISC10
ORD08668,CUST03622,2026-06-19,154000,NONE
ORD08669,CUST08085,2026-07-21,33000,NONE
ORD08670,CUST08365,2026-05-11,802000,NONE
ORD08671,CUST08663,2026-07-26,791000,NONE
ORD08672,CUST06226,2026-06-19,730000,NONE
ORD08673,CUST09716,2026-03-18,937000,DISCC20
ORD08674,CUST08763,2026-07-08,704000,DISCC20
ORD08675,CUST08611,2026-03-23,952000,DISCC20
ORD08676,CUST01816,2026-01-01,564000,DISCC20
ORD08677,CUST04022,2026-03-20,407000,DISCC20
ORD08678,CUST07157,2026-01-22,944000,NONE
ORD08679,CUST05618,2026-09-21,462000,NONE
ORD08680,CUST06921,2026-06-02,521000,NONE
ORD08681,CUST08232,2026-09-11,43000,NONE
ORD08682,CUST04564,2026-07-24,356000,NONE
ORD08683,CUST07859,2026-04-23,300000,NONE
ORD08684,CUST09414,2026-05-24,358000,NONE
ORD08685,CUST05485,2026-09-01,175000,DISC10
ORD08686,CUST05856,2026-04-29,676000,DISCC20
ORD08687,CUST07825,2026-02-11,355000,DISC 50
ORD08688,CUST09826,2026-06-18,668000,DISCC20
ORD08689,CUST08005,2026-09-15,306000,NONE
ORD08690,CUST04530,2026-08-23,114000,NONE
ORD08691,CUST04770,2026-02-02,564000,NONE
ORD08692,CUST07022,2026-03-22,479000,DISC 50
ORD08693,CUST01931,2026-03-03,833000,NONE
ORD08694,CUST06954,2026-09-10,288000,DISC 50
ORD08695,CUST04395,2026-04-25,652000,NONE
ORD08696,CUST05215,2026-07-02,98000,DISC 50
ORD08697,CUST05091,2026-08-12,933000,DISC10
ORD08698,CUST07219,2026-07-26,567000,NONE
ORD08699,CUST03893,2026-08-07,982000,NONE
ORD08700,CUST00817,2026-01-05,604000,DISCC20
ORD08701,CUST08263,2026-06-29,862000,DISCC20
ORD08702,CUST01807,2026-02-01,430000,DISCC20
ORD08703,CUST01407,2026-01-20,801000,NONE
ORD08704,CUST09431,2026-06-17,511000,NONE
ORD08705,CUST02828,2026-03-21,969000,DISC 50
ORD08706,CUST02069,2026-03-16,561000,DISC 50
ORD08707,CUST05003,2026-04-21,815000,NONE
ORD08708,CUST07858,2026-03-27,415000,NONE
ORD08709,CUST09302,2026-01-25,668000,NONE
ORD08710,CUST07142,2026-05-11,695000,NONE
ORD08711,CUST01357,2026-01-26,848000,NONE
ORD08712,CUST00551,2026-09-17,306000,DISC10
ORD08713,CUST03221,2026-04-15,956000,DISC 50
ORD08714,CUST01180,2026-01-03,883000,DISC 50
ORD08715,CUST07187,2026-04-23,790000,DISCC20
ORD08716,CUST08635,2026-07-11,433000,NONE
ORD08717,CUST01710,2026-09-06,975000,DISC 50
ORD08718,CUST04280,2026-06-17,304000,NONE
ORD08719,CUST05654,2026-01-09,275000,NONE
ORD08720,CUST06439,2026-03-20,66000,NONE
ORD08721,CUST07939,2026-08-12,901000,DISC 50
ORD08722,CUST02258,2026-07-26,532000,DISCC20
ORD08723,CUST05452,2026-01-25,792000,DISCC20
ORD08724,CUST04898,2026-07-22,664000,NONE
ORD08725,CUST01755,2026-02-02,638000,NONE
ORD08726,CUST08696,2026-03-20,865000,DISC 50
ORD08727,CUST07282,2026-07-29,781000,NONE
ORD08728,CUST08214,2026-03-20,398000,NONE
ORD08729,CUST02797,2026-01-22,112000,DISC 50
ORD08730,CUST03564,2026-06-14,595000,DISCC20
ORD08731,CUST08145,2026-01-11,489000,DISC 50
ORD08732,CUST08996,2026-06-13,167000,DISC10
ORD08733,CUST06329,2026-03-23,211000,NONE
ORD08734,CUST03565,2026-05-14,990000,NONE
ORD08735,CUST06516,2026-07-09,514000,NONE
ORD08736,CUST04375,2026-09-20,320000,NONE
ORD08737,CUST00042,2026-07-22,481000,NONE
ORD08738,CUST07873,2026-01-12,875000,DISC 50
ORD08739,CUST09218,2026-02-12,738000,NONE
ORD08740,CUST09948,2026-02-21,541000,DISC10
ORD08741,CUST07918,2026-08-22,408000,DISC 50
ORD08742,CUST02510,2026-02-05,611000,NONE
ORD08743,CUST04898,2026-05-22,123000,DISC 50
ORD08744,CUST05556,2026-03-26,235000,NONE
ORD08745,CUST07037,2026-02-21,964000,DISC 50
ORD08746,CUST08520,2026-04-02,802000,NONE
ORD08747,CUST08477,2026-05-06,824000,NONE
ORD08748,CUST09345,2026-06-22,512000,DISC 50
ORD08749,CUST07290,2026-08-14,469000,DISC 50
ORD08750,CUST05231,2026-07-14,621000,DISC10
ORD08751,CUST00308,2026-09-04,395000,DISC 50
ORD08752,CUST04315,2026-06-05,689000,NONE
ORD08753,CUST05013,2026-04-18,252000,NONE
ORD08754,CUST08072,2026-08-30,129000,DISC 50
ORD08755,CUST09236,2026-07-30,203000,DISCC20
ORD08756,CUST09540,2026-01-02,297000,NONE
ORD08757,CUST07977,2026-01-28,439000,NONE
ORD08758,CUST04890,2026-05-04,910000,DISC10
ORD08759,CUST03449,2026-06-27,393000,NONE
ORD08760,CUST07646,2026-08-26,152000,DISC10
ORD08761,CUST01799,2026-01-25,151000,DISC 50
ORD08762,CUST07576,2026-05-10,490000,DISCC20
ORD08763,CUST04307,2026-05-28,271000,NONE
ORD08764,CUST04300,2026-02-06,735000,NONE
ORD08765,CUST02188,2026-09-05,202000,DISC 50
ORD08766,CUST07673,2026-07-07,537000,DISC 50
ORD08767,CUST04171,2026-07-25,131000,DISCC20
ORD08768,CUST04430,2026-06-25,688000,NONE
ORD08769,CUST05063,2026-09-07,122000,NONE
ORD08770,CUST05388,2026-10-01,921000,NONE
ORD08771,CUST07662,2026-07-11,244000,NONE
ORD08772,CUST02485,2026-06-10,268000,DISCC20
ORD08773,CUST06110,2026-07-07,382000,NONE
ORD08774,CUST09537,2026-01-10,829000,DISC 50
ORD08775,CUST09795,2026-09-06,333000,NONE
ORD08776,CUST08218,2026-07-05,125000,NONE
ORD08777,CUST06594,2026-07-29,70000,DISCC20
ORD08778,CUST04301,2026-09-29,668000,NONE
ORD08779,CUST03169,2026-03-02,445000,DISCC20
ORD08780,CUST03497,2026-05-03,784000,NONE
ORD08781,CUST07276,2026-06-04,26000,DISC 50
ORD08782,CUST07619,2026-01-10,129000,DISC 50
ORD08783,CUST09715,2026-07-25,480000,NONE
ORD08784,CUST04170,2026-02-19,772000,NONE
ORD08785,CUST04024,2026-09-08,322000,DISC10
ORD08786,CUST05233,2026-06-28,610000,DISC 50
ORD08787,CUST08491,2026-01-22,754000,DISCC20
ORD08788,CUST04644,2026-09-13,406000,NONE
ORD08789,CUST00608,2026-07-26,150000,NONE
ORD08790,CUST03129,2026-01-14,648000,NONE
ORD08791,CUST00317,2026-02-21,104000,NONE
ORD08792,CUST00512,2026-06-28,699000,DISC10
ORD08793,CUST07182,2026-02-23,792000,DISC10
ORD08794,CUST07537,2026-07-16,611000,NONE
ORD08795,CUST09415,2026-05-19,59000,NONE
ORD08796,CUST09788,2026-08-10,207000,NONE
ORD08797,CUST05142,2026-06-10,721000,DISC10
ORD08798,CUST02558,2026-07-23,137000,NONE
ORD08799,CUST09475,2026-07-06,854000,DISCC20
ORD08800,CUST07294,2026-08-06,436000,NONE
ORD08801,CUST05783,2026-05-08,227000,NONE
ORD08802,CUST03935,2026-09-07,401000,NONE
ORD08803,CUST08638,2026-07-02,633000,NONE
ORD08804,CUST08013,2026-01-24,84000,NONE
ORD08805,CUST02177,2026-03-07,571000,NONE
ORD08806,CUST04426,2026-04-20,822000,DISC10
ORD08807,CUST03777,2026-04-20,845000,DISC 50
ORD08808,CUST03177,2026-02-24,651000,DISC10
ORD08809,CUST04459,2026-02-08,219000,DISC10
ORD08810,CUST05078,2026-08-28,193000,NONE
ORD08811,CUST03715,2026-06-08,467000,NONE
ORD08812,CUST05139,2026-04-26,516000,NONE
ORD08813,CUST07236,2026-07-31,812000,DISC10
ORD08814,CUST08523,2026-05-18,47000,DISCC20
ORD08815,CUST00845,2026-01-06,961000,NONE
ORD08816,CUST05968,2026-04-27,817000,NONE
ORD08817,CUST05977,2026-08-12,599000,DISCC20
ORD08818,CUST00413,2026-07-19,550000,DISCC20
ORD08819,CUST02974,2026-06-25,996000,NONE
ORD08820,CUST03888,2026-08-01,943000,NONE
ORD08821,CUST09688,2026-08-30,993000,DISC 50
ORD08822,CUST02319,2026-02-04,932000,NONE
ORD08823,CUST06396,2026-09-25,464000,NONE
ORD08824,CUST01450,2026-02-23,854000,DISCC20
ORD08825,CUST03214,2026-03-07,840000,DISCC20
ORD08826,CUST04323,2026-02-08,666000,NONE
ORD08827,CUST05281,2026-03-27,912000,DISCC20
ORD08828,CUST01354,2026-07-13,970000,DISC10
ORD08829,CUST08955,2026-09-08,606000,DISCC20
ORD08830,CUST05016,2026-06-20,428000,DISC 50
ORD08831,CUST04328,2026-08-20,669000,NONE
ORD08832,CUST06186,2026-05-20,961000,DISC 50
ORD08833,CUST02964,2026-04-20,408000,NONE
ORD08834,CUST04591,2026-06-12,318000,DISC10
ORD08835,CUST08533,2026-02-26,124000,NONE
ORD08836,CUST05614,2026-09-30,112000,DISCC20
ORD08837,CUST07376,2026-07-15,217000,NONE
ORD08838,CUST05540,2026-01-10,172000,DISC10
ORD08839,CUST09055,2026-04-16,870000,NONE
ORD08840,CUST09718,2026-02-21,246000,NONE
ORD08841,CUST08405,2026-08-08,333000,DISC10
ORD08842,CUST08138,2026-05-24,986000,DISC10
ORD08843,CUST06259,2026-05-14,711000,DISCC20
ORD08844,CUST00458,2026-03-26,993000,DISC10
ORD08845,CUST08557,2026-05-14,274000,DISCC20
ORD08846,CUST05303,2026-05-05,298000,DISC10
ORD08847,CUST01824,2026-02-19,214000,NONE
ORD08848,CUST08876,2026-03-28,237000,NONE
ORD08849,CUST03205,2026-01-06,26000,NONE
ORD08850,CUST06470,2026-09-04,967000,DISC 50
ORD08851,CUST07912,2026-08-28,72000,NONE
ORD08852,CUST06911,2026-01-06,702000,NONE
ORD08853,CUST07136,2026-09-05,136000,NONE
ORD08854,CUST07620,2026-05-02,411000,DISCC20
ORD08855,CUST00043,2026-07-11,519000,NONE
ORD08856,CUST01077,2026-09-05,676000,NONE
ORD08857,CUST01537,2026-04-05,535000,DISCC20
ORD08858,CUST04620,2026-01-22,583000,NONE
ORD08859,CUST06468,2026-09-22,599000,DISC10
ORD08860,CUST01688,2026-06-03,538000,NONE
ORD08861,CUST00733,2026-04-24,256000,NONE
ORD08862,CUST06343,2026-03-24,890000,DISC 50
ORD08863,CUST06564,2026-06-18,287000,NONE
ORD08864,CUST07656,2026-08-08,330000,DISC10
ORD08865,CUST06575,2026-02-12,62000,DISC 50
ORD08866,CUST09982,2026-04-29,723000,DISC10
ORD08867,CUST04099,2026-07-18,840000,NONE
ORD08868,CUST09250,2026-01-17,761000,NONE
ORD08869,CUST00254,2026-09-07,259000,DISC 50
ORD08870,CUST05510,2026-03-08,858000,NONE
ORD08871,CUST09768,2026-02-28,486000,NONE
ORD08872,CUST02022,2026-01-28,590000,DISC10
ORD08873,CUST09153,2026-07-11,612000,DISC10
ORD08874,CUST06507,2026-04-07,582000,DISCC20
ORD08875,CUST07612,2026-07-20,36000,NONE
ORD08876,CUST02870,2026-05-22,145000,DISC 50
ORD08877,CUST01098,2026-05-07,637000,DISCC20
ORD08878,CUST02270,2026-07-23,824000,DISC 50
ORD08879,CUST06579,2026-03-29,839000,DISC10
ORD08880,CUST02855,2026-03-13,140000,NONE
ORD08881,CUST09018,2026-01-13,749000,NONE
ORD08882,CUST06011,2026-08-22,836000,DISC 50
ORD08883,CUST00172,2026-09-21,169000,NONE
ORD08884,CUST03261,2026-04-29,816000,DISC 50
ORD08885,CUST08250,2026-04-29,872000,DISC 50
ORD08886,CUST01355,2026-04-09,29000,NONE
ORD08887,CUST07351,2026-07-05,270000,DISC 50
ORD08888,CUST07865,2026-02-13,343000,DISC 50
ORD08889,CUST06184,2026-05-10,612000,DISCC20
ORD08890,CUST02001,2026-06-26,51000,DISCC20
ORD08891,CUST04985,2026-02-11,73000,DISC10
ORD08892,CUST08898,2026-03-19,275000,DISCC20
ORD08893,CUST09362,2026-02-14,363000,DISC 50
ORD08894,CUST09551,2026-09-20,748000,NONE
ORD08895,CUST03614,2026-01-07,372000,NONE
ORD08896,CUST01638,2026-08-21,529000,NONE
ORD08897,CUST07962,2026-02-11,741000,DISC10
ORD08898,CUST00536,2026-04-09,378000,NONE
ORD08899,CUST07404,2026-09-14,954000,DISC10
ORD08900,CUST01208,2026-06-05,157000,DISC 50
ORD08901,CUST00079,2026-07-15,362000,DISC10
ORD08902,CUST04152,2026-07-20,578000,DISCC20
ORD08903,CUST03422,2026-06-14,269000,NONE
ORD08904,CUST09153,2026-07-17,290000,DISC10
ORD08905,CUST06615,2026-08-21,493000,NONE
ORD08906,CUST00994,2026-08-12,34000,NONE
ORD08907,CUST03678,2026-05-24,342000,DISC 50
ORD08908,CUST03821,2026-08-21,887000,DISC10
ORD08909,CUST03873,2026-08-30,70000,DISCC20
ORD08910,CUST02901,2026-04-26,295000,NONE
ORD08911,CUST07393,2026-08-04,366000,NONE
ORD08912,CUST05576,2026-05-16,144000,DISC10
ORD08913,CUST08894,2026-06-04,312000,NONE
ORD08914,CUST09612,2026-01-23,335000,NONE
ORD08915,CUST03559,2026-08-13,888000,DISC10
ORD08916,CUST05644,2026-02-17,421000,DISC10
ORD08917,CUST04744,2026-06-24,191000,NONE
ORD08918,CUST07455,2026-01-27,633000,NONE
ORD08919,CUST09499,2026-07-04,760000,DISC 50
ORD08920,CUST06776,2026-09-02,876000,DISC10
ORD08921,CUST01762,2026-02-23,77000,NONE
ORD08922,CUST06426,2026-08-31,339000,NONE
ORD08923,CUST04751,2026-07-05,714000,NONE
ORD08924,CUST06854,2026-06-29,374000,NONE
ORD08925,CUST08385,2026-03-18,603000,NONE
ORD08926,CUST02727,2026-03-19,421000,NONE
ORD08927,CUST04851,2026-04-18,544000,DISC 50
ORD08928,CUST00406,2026-05-18,801000,DISCC20
ORD08929,CUST09976,2026-01-06,544000,DISC 50
ORD08930,CUST08658,2026-07-14,903000,DISC 50
ORD08931,CUST00187,2026-08-02,888000,NONE
ORD08932,CUST09669,2026-07-14,771000,NONE
ORD08933,CUST06681,2026-04-04,94000,DISCC20
ORD08934,CUST02167,2026-09-23,978000,NONE
ORD08935,CUST00554,2026-09-01,664000,NONE
ORD08936,CUST07475,2026-08-14,474000,NONE
ORD08937,CUST07675,2026-07-11,66000,NONE
ORD08938,CUST09331,2026-04-16,603000,NONE
ORD08939,CUST06165,2026-03-15,253000,NONE
ORD08940,CUST09655,2026-08-28,213000,NONE
ORD08941,CUST01143,2026-08-16,711000,DISC10
ORD08942,CUST07173,2026-01-29,802000,DISCC20
ORD08943,CUST02019,2026-07-03,158000,NONE
ORD08944,CUST02825,2026-08-03,216000,NONE
ORD08945,CUST06667,2026-01-17,577000,NONE
ORD08946,CUST04710,2026-03-27,231000,DISCC20
ORD08947,CUST03156,2026-04-29,725000,DISCC20
ORD08948,CUST02345,2026-01-27,245000,NONE
ORD08949,CUST04133,2026-04-28,311000,NONE
ORD08950,CUST06573,2026-01-12,858000,NONE
ORD08951,CUST06191,2026-01-15,604000,DISC 50
ORD08952,CUST00038,2026-04-27,433000,NONE
ORD08953,CUST02139,2026-06-26,220000,DISC 50
ORD08954,CUST08810,2026-08-13,926000,NONE
ORD08955,CUST02304,2026-06-15,638000,DISC 50
ORD08956,CUST02238,2026-02-16,542000,DISC 50
ORD08957,CUST07904,2026-05-05,757000,DISC10
ORD08958,CUST06268,2026-01-17,907000,DISC 50
ORD08959,CUST08701,2026-05-10,932000,NONE
ORD08960,CUST04707,2026-06-22,569000,NONE
ORD08961,CUST04021,2026-06-24,134000,DISC10
ORD08962,CUST00161,2026-09-24,287000,DISCC20
ORD08963,CUST05736,2026-07-05,343000,DISCC20
ORD08964,CUST00106,2026-09-29,356000,DISCC20
ORD08965,CUST06721,2026-08-16,803000,DISC 50
ORD08966,CUST05983,2026-03-09,366000,DISC10
ORD08967,CUST09129,2026-09-03,905000,NONE
ORD08968,CUST07318,2026-09-29,582000,NONE
ORD08969,CUST02957,2026-01-15,68000,DISCC20
ORD08970,CUST02766,2026-03-08,150000,DISCC20
ORD08971,CUST07874,2026-02-08,60000,DISC10
ORD08972,CUST09179,2026-06-16,435000,NONE
ORD08973,CUST09698,2026-04-17,819000,NONE
ORD08974,CUST08847,2026-03-09,855000,NONE
ORD08975,CUST07931,2026-09-26,188000,NONE
ORD08976,CUST03326,2026-09-12,871000,NONE
ORD08977,CUST04123,2026-02-09,845000,DISCC20
ORD08978,CUST09297,2026-06-08,395000,NONE
ORD08979,CUST09442,2026-03-30,862000,DISC10
ORD08980,CUST09461,2026-08-31,426000,DISC 50
ORD08981,CUST01882,2026-06-03,462000,DISC10
ORD08982,CUST03190,2026-05-01,803000,DISCC20
ORD08983,CUST00109,2026-09-17,507000,DISC10
ORD08984,CUST05312,2026-01-10,105000,NONE
ORD08985,CUST02930,2026-01-22,564000,NONE
ORD08986,CUST05546,2026-06-09,726000,DISC10
ORD08987,CUST00348,2026-03-18,175000,NONE
ORD08988,CUST00060,2026-03-23,109000,NONE
ORD08989,CUST05913,2026-09-08,329000,DISC 50
ORD08990,CUST01095,2026-05-20,432000,DISC 50
ORD08991,CUST08164,2026-09-29,659000,DISCC20
ORD08992,CUST00911,2026-02-04,914000,DISC 50
ORD08993,CUST06801,2026-07-27,159000,NONE
ORD08994,CUST00294,2026-06-13,823000,DISC10
ORD08995,CUST02804,2026-07-02,440000,NONE
ORD08996,CUST04143,2026-08-18,307000,DISCC20
ORD08997,CUST03766,2026-01-27,913000,NONE
ORD08998,CUST00908,2026-07-23,517000,NONE
ORD08999,CUST04790,2026-06-24,777000,NONE
ORD09000,CUST03305,2026-04-07,38000,NONE
ORD09001,CUST08318,2026-07-10,1000000,NONE
ORD09002,CUST03898,2026-03-14,730000,NONE
ORD09003,CUST06520,2026-04-21,572000,NONE
ORD09004,CUST06984,2026-01-06,75000,DISC10
ORD09005,CUST05499,2026-05-13,481000,NONE
ORD09006,CUST03754,2026-03-20,162000,NONE
ORD09007,CUST01237,2026-09-06,299000,NONE
ORD09008,CUST05608,2026-09-30,537000,NONE
ORD09009,CUST07542,2026-02-21,32000,DISC10
ORD09010,CUST00726,2026-07-06,764000,DISC10
ORD09011,CUST08133,2026-08-10,648000,NONE
ORD09012,CUST00454,2026-03-09,657000,DISCC20
ORD09013,CUST01207,2026-06-29,610000,DISCC20
ORD09014,CUST01953,2026-01-24,893000,NONE
ORD09015,CUST09007,2026-03-21,766000,NONE
ORD09016,CUST02070,2026-06-30,268000,DISCC20
ORD09017,CUST09259,2026-03-18,485000,DISC10
ORD09018,CUST09427,2026-05-18,687000,DISCC20
ORD09019,CUST09593,2026-09-02,373000,NONE
ORD09020,CUST09723,2026-03-24,956000,DISC10
ORD09021,CUST08775,2026-06-25,985000,NONE
ORD09022,CUST05288,2026-07-10,855000,DISC10
ORD09023,CUST07035,2026-02-09,887000,DISCC20
ORD09024,CUST01365,2026-08-16,314000,NONE
ORD09025,CUST00318,2026-03-26,950000,NONE
ORD09026,CUST07529,2026-06-21,334000,NONE
ORD09027,CUST05076,2026-02-26,961000,DISCC20
ORD09028,CUST09197,2026-06-03,855000,NONE
ORD09029,CUST09549,2026-05-02,446000,DISCC20
ORD09030,CUST02135,2026-07-17,379000,NONE
ORD09031,CUST08473,2026-02-10,972000,NONE
ORD09032,CUST01149,2026-05-02,207000,DISC 50
ORD09033,CUST07366,2026-08-29,266000,NONE
ORD09034,CUST07555,2026-08-11,516000,DISCC20
ORD09035,CUST04868,2026-05-13,220000,NONE
ORD09036,CUST03237,2026-06-06,669000,DISC 50
ORD09037,CUST07577,2026-06-05,556000,NONE
ORD09038,CUST09890,2026-03-26,912000,NONE
ORD09039,CUST07808,2026-07-05,137000,DISC 50
ORD09040,CUST05037,2026-07-27,253000,NONE
ORD09041,CUST02568,2026-01-23,653000,NONE
ORD09042,CUST03710,2026-01-25,301000,NONE
ORD09043,CUST04864,2026-01-10,153000,DISC 50
ORD09044,CUST09523,2026-08-30,909000,NONE
ORD09045,CUST00501,2026-01-26,763000,DISC10
ORD09046,CUST00156,2026-05-27,640000,DISC10
ORD09047,CUST05806,2026-08-03,519000,DISCC20
ORD09048,CUST06803,2026-09-02,155000,DISC 50
ORD09049,CUST06644,2026-03-27,416000,NONE
ORD09050,CUST02063,2026-03-12,399000,DISC 50
ORD09051,CUST00542,2026-03-20,251000,NONE
ORD09052,CUST00870,2026-04-29,634000,DISC10
ORD09053,CUST00961,2026-05-18,959000,DISC10
ORD09054,CUST02430,2026-06-20,502000,DISCC20
ORD09055,CUST01863,2026-02-25,795000,NONE
ORD09056,CUST02987,2026-04-05,430000,DISC 50
ORD09057,CUST04238,2026-02-03,528000,DISC 50
ORD09058,CUST09365,2026-08-04,831000,DISC10
ORD09059,CUST01078,2026-01-06,559000,DISC 50
ORD09060,CUST03650,2026-03-06,247000,DISC 50
ORD09061,CUST04472,2026-09-28,484000,DISC 50
ORD09062,CUST02588,2026-03-25,614000,NONE
ORD09063,CUST05293,2026-05-05,656000,NONE
ORD09064,CUST07886,2026-08-01,831000,NONE
ORD09065,CUST05783,2026-02-12,280000,NONE
ORD09066,CUST02766,2026-01-11,195000,NONE
ORD09067,CUST04935,2026-03-25,501000,NONE
ORD09068,CUST06598,2026-05-01,357000,DISC10
ORD09069,CUST03323,2026-01-22,171000,NONE
ORD09070,CUST09416,2026-01-09,63000,NONE
ORD09071,CUST07084,2026-01-29,332000,NONE
ORD09072,CUST01107,2026-07-28,910000,NONE
ORD09073,CUST04934,2026-06-09,174000,NONE
ORD09074,CUST08010,2026-09-15,280000,NONE
ORD09075,CUST05212,2026-06-16,291000,NONE
ORD09076,CUST04656,2026-01-27,205000,NONE
ORD09077,CUST02048,2026-05-08,435000,NONE
ORD09078,CUST09809,2026-09-10,172000,NONE
ORD09079,CUST07093,2026-02-01,478000,DISC 50
ORD09080,CUST09354,2026-05-18,255000,NONE
ORD09081,CUST05010,2026-04-11,261000,NONE
ORD09082,CUST09626,2026-07-24,44000,DISC 50
ORD09083,CUST03474,2026-06-13,782000,NONE
ORD09084,CUST05682,2026-04-04,203000,NONE
ORD09085,CUST09142,2026-08-29,735000,DISCC20
ORD09086,CUST07483,2026-06-21,227000,DISCC20
ORD09087,CUST01616,2026-09-19,938000,DISCC20
ORD09088,CUST00323,2026-05-07,981000,NONE
ORD09089,CUST04543,2026-04-30,373000,DISCC20
ORD09090,CUST00827,2026-04-17,210000,DISCC20
ORD09091,CUST05083,2026-08-05,128000,DISCC20
ORD09092,CUST04803,2026-03-20,801000,NONE
ORD09093,CUST00355,2026-05-10,673000,NONE
ORD09094,CUST03128,2026-07-11,756000,NONE
ORD09095,CUST00901,2026-03-22,272000,DISCC20
ORD09096,CUST00735,2026-06-27,356000,DISC10
ORD09097,CUST00790,2026-07-24,153000,DISCC20
ORD09098,CUST05352,2026-03-09,123000,DISC10
ORD09099,CUST01471,2026-09-07,399000,DISC 50
ORD09100,CUST08755,2026-06-16,904000,NONE
ORD09101,CUST09630,2026-01-28,298000,NONE
ORD09102,CUST04480,2026-01-27,180000,DISCC20
ORD09103,CUST05586,2026-06-03,427000,DISC 50
ORD09104,CUST01290,2026-02-06,632000,NONE
ORD09105,CUST06084,2026-03-22,857000,DISC 50
ORD09106,CUST02157,2026-02-14,353000,DISCC20
ORD09107,CUST00584,2026-09-19,988000,NONE
ORD09108,CUST01235,2026-09-22,625000,DISC10
ORD09109,CUST05657,2026-05-08,950000,DISC10
ORD09110,CUST03658,2026-06-28,771000,NONE
ORD09111,CUST04161,2026-06-08,978000,DISC10
ORD09112,CUST01804,2026-08-29,366000,NONE
ORD09113,CUST05146,2026-09-12,391000,NONE
ORD09114,CUST06428,2026-03-04,467000,DISCC20
ORD09115,CUST08437,2026-03-30,671000,NONE
ORD09116,CUST04550,2026-03-09,444000,DISCC20
ORD09117,CUST07055,2026-01-09,148000,NONE
ORD09118,CUST02198,2026-07-30,890000,DISC10
ORD09119,CUST07088,2026-07-06,268000,DISC 50
ORD09120,CUST00152,2026-03-09,919000,DISC10
ORD09121,CUST07141,2026-08-23,987000,DISC10
ORD09122,CUST00681,2026-06-10,321000,DISCC20
ORD09123,CUST05152,2026-01-29,646000,NONE
ORD09124,CUST08208,2026-07-17,853000,DISC 50
ORD09125,CUST09760,2026-08-04,481000,NONE
ORD09126,CUST05015,2026-02-09,219000,NONE
ORD09127,CUST06922,2026-04-21,49000,NONE
ORD09128,CUST09714,2026-01-22,63000,DISC10
ORD09129,CUST01289,2026-01-23,963000,DISC 50
ORD09130,CUST01574,2026-08-02,894000,DISC10
ORD09131,CUST09829,2026-04-21,177000,NONE
ORD09132,CUST08593,2026-09-20,537000,NONE
ORD09133,CUST08814,2026-02-20,633000,DISCC20
ORD09134,CUST04605,2026-01-20,843000,NONE
ORD09135,CUST06323,2026-02-28,985000,DISCC20
ORD09136,CUST01866,2026-09-25,442000,NONE
ORD09137,CUST08777,2026-08-31,776000,DISC 50
ORD09138,CUST08642,2026-02-15,861000,NONE
ORD09139,CUST06889,2026-06-30,978000,NONE
ORD09140,CUST05743,2026-01-24,667000,DISC10
ORD09141,CUST05474,2026-07-15,434000,NONE
ORD09142,CUST06230,2026-03-24,515000,DISCC20
ORD09143,CUST00562,2026-09-26,37000,NONE
ORD09144,CUST08000,2026-03-21,185000,DISC10
ORD09145,CUST04758,2026-02-27,483000,DISCC20
ORD09146,CUST07506,2026-04-09,240000,DISC 50
ORD09147,CUST04633,2026-08-04,43000,NONE
ORD09148,CUST03659,2026-09-22,769000,NONE
ORD09149,CUST08741,2026-01-15,252000,DISC10
ORD09150,CUST09891,2026-07-24,479000,NONE
ORD09151,CUST01692,2026-07-10,681000,DISC 50
ORD09152,CUST04654,2026-06-27,647000,NONE
ORD09153,CUST06745,2026-04-15,497000,DISC10
ORD09154,CUST06350,2026-05-14,517000,DISC 50
ORD09155,CUST07124,2026-01-19,413000,NONE
ORD09156,CUST06847,2026-09-21,485000,DISC 50
ORD09157,CUST09195,2026-02-05,370000,NONE
ORD09158,CUST01377,2026-02-21,460000,DISC 50
ORD09159,CUST07064,2026-07-01,71000,DISC 50
ORD09160,CUST06590,2026-07-07,237000,DISC 50
ORD09161,CUST01465,2026-05-08,540000,DISC10
ORD09162,CUST03433,2026-08-13,627000,DISCC20
ORD09163,CUST00531,2026-01-09,162000,DISC 50
ORD09164,CUST05671,2026-09-28,463000,DISC 50
ORD09165,CUST03936,2026-04-20,814000,NONE
ORD09166,CUST07899,2026-09-02,838000,DISCC20
ORD09167,CUST03278,2026-01-10,126000,NONE
ORD09168,CUST09130,2026-09-11,517000,DISC10
ORD09169,CUST06811,2026-03-24,135000,DISC 50
ORD09170,CUST08971,2026-05-25,517000,NONE
ORD09171,CUST00207,2026-03-20,897000,DISC10
ORD09172,CUST04303,2026-03-15,705000,DISC10
ORD09173,CUST06144,2026-03-12,862000,DISC 50
ORD09174,CUST05264,2026-06-22,49000,NONE
ORD09175,CUST05605,2026-01-30,327000,NONE
ORD09176,CUST08312,2026-01-17,787000,NONE
ORD09177,CUST09234,2026-01-19,625000,NONE
ORD09178,CUST09307,2026-04-17,891000,NONE
ORD09179,CUST07508,2026-07-25,267000,NONE
ORD09180,CUST07837,2026-09-19,163000,DISC 50
ORD09181,CUST01596,2026-07-13,426000,DISCC20
ORD09182,CUST03313,2026-01-07,842000,DISC 50
ORD09183,CUST08621,2026-05-08,250000,NONE
ORD09184,CUST00451,2026-01-31,55000,NONE
ORD09185,CUST04769,2026-02-10,253000,DISC 50
ORD09186,CUST05034,2026-03-22,658000,DISCC20
ORD09187,CUST08057,2026-01-10,733000,NONE
ORD09188,CUST01743,2026-05-23,473000,NONE
ORD09189,CUST05147,2026-07-31,302000,NONE
ORD09190,CUST02501,2026-07-18,549000,NONE
ORD09191,CUST03190,2026-09-12,392000,DISC10
ORD09192,CUST09923,2026-09-25,842000,NONE
ORD09193,CUST02381,2026-03-22,369000,DISCC20
ORD09194,CUST05363,2026-08-20,672000,NONE
ORD09195,CUST00069,2026-01-29,194000,DISCC20
ORD09196,CUST00613,2026-05-08,157000,DISCC20
ORD09197,CUST00639,2026-05-27,406000,NONE
ORD09198,CUST07400,2026-08-28,898000,DISC10
ORD09199,CUST05889,2026-04-05,105000,NONE
ORD09200,CUST08498,2026-07-08,602000,NONE
ORD09201,CUST04300,2026-01-23,129000,NONE
ORD09202,CUST08305,2026-03-26,928000,DISC10
ORD09203,CUST01138,2026-06-22,447000,NONE
ORD09204,CUST00712,2026-08-09,751000,NONE
ORD09205,CUST02945,2026-02-28,247000,NONE
ORD09206,CUST07993,2026-03-07,564000,NONE
ORD09207,CUST04513,2026-05-31,522000,NONE
ORD09208,CUST09564,2026-01-18,595000,NONE
ORD09209,CUST06821,2026-04-10,109000,DISC 50
ORD09210,CUST07761,2026-03-13,425000,NONE
ORD09211,CUST09039,2026-06-15,854000,DISC 50
ORD09212,CUST04964,2026-06-05,184000,DISC10
ORD09213,CUST02623,2026-03-16,843000,DISC 50
ORD09214,CUST04114,2026-03-18,574000,NONE
ORD09215,CUST03136,2026-07-21,766000,DISC10
ORD09216,CUST07562,2026-05-06,265000,NONE
ORD09217,CUST04919,2026-02-09,400000,DISC10
ORD09218,CUST01208,2026-04-26,882000,DISC10
ORD09219,CUST00518,2026-09-30,737000,DISCC20
ORD09220,CUST06237,2026-07-14,671000,NONE
ORD09221,CUST04319,2026-03-04,831000,DISC10
ORD09222,CUST09401,2026-05-08,443000,DISC10
ORD09223,CUST01398,2026-07-16,50000,DISC 50
ORD09224,CUST01516,2026-08-21,919000,NONE
ORD09225,CUST01671,2026-03-05,859000,NONE
ORD09226,CUST05167,2026-03-06,892000,NONE
ORD09227,CUST04978,2026-03-15,768000,NONE
ORD09228,CUST09179,2026-07-29,590000,NONE
ORD09229,CUST04743,2026-04-19,89000,DISC10
ORD09230,CUST04290,2026-04-23,105000,DISC 50
ORD09231,CUST03245,2026-02-17,798000,DISC10
ORD09232,CUST01699,2026-09-22,138000,NONE
ORD09233,CUST05113,2026-02-23,34000,DISC 50
ORD09234,CUST03793,2026-02-13,185000,DISC 50
ORD09235,CUST07290,2026-03-01,919000,NONE
ORD09236,CUST05075,2026-01-02,344000,NONE
ORD09237,CUST08231,2026-01-20,394000,NONE
ORD09238,CUST09381,2026-01-01,787000,DISC 50
ORD09239,CUST06331,2026-01-25,489000,DISC10
ORD09240,CUST08247,2026-06-01,494000,NONE
ORD09241,CUST01134,2026-04-19,47000,DISCC20
ORD09242,CUST04304,2026-02-23,853000,DISC 50
ORD09243,CUST04453,2026-07-19,347000,NONE
ORD09244,CUST02499,2026-03-06,493000,DISC 50
ORD09245,CUST09825,2026-08-30,300000,DISC10
ORD09246,CUST04387,2026-08-21,52000,DISCC20
ORD09247,CUST07369,2026-04-20,296000,DISC 50
ORD09248,CUST07370,2026-09-26,28000,NONE
ORD09249,CUST04046,2026-04-28,648000,DISC10
ORD09250,CUST06442,2026-04-28,790000,NONE
ORD09251,CUST01458,2026-05-28,215000,NONE
ORD09252,CUST04923,2026-07-27,97000,DISC10
ORD09253,CUST00278,2026-07-17,254000,DISCC20
ORD09254,CUST07388,2026-08-07,384000,DISCC20
ORD09255,CUST09119,2026-02-03,71000,DISC 50
ORD09256,CUST06498,2026-09-08,272000,DISC10
ORD09257,CUST01331,2026-01-19,52000,NONE
ORD09258,CUST05445,2026-07-27,327000,NONE
ORD09259,CUST02716,2026-02-18,354000,DISCC20
ORD09260,CUST00614,2026-07-22,422000,DISC 50
ORD09261,CUST01007,2026-01-11,312000,NONE
ORD09262,CUST08537,2026-05-29,434000,NONE
ORD09263,CUST09199,2026-06-03,412000,NONE
ORD09264,CUST09682,2026-09-23,303000,NONE
ORD09265,CUST08467,2026-05-10,96000,NONE
ORD09266,CUST04038,2026-01-07,440000,DISC10
ORD09267,CUST00878,2026-01-13,968000,NONE
ORD09268,CUST00065,2026-08-28,796000,DISC10
ORD09269,CUST07968,2026-08-16,997000,DISCC20
ORD09270,CUST05132,2026-09-04,612000,DISC 50
ORD09271,CUST03310,2026-04-12,860000,DISC10
ORD09272,CUST08648,2026-08-16,130000,DISC10
ORD09273,CUST07248,2026-02-07,134000,NONE
ORD09274,CUST00854,2026-08-05,62000,DISC 50
ORD09275,CUST02789,2026-01-13,969000,DISC10
ORD09276,CUST04696,2026-05-18,325000,DISC10
ORD09277,CUST05476,2026-07-02,894000,NONE
ORD09278,CUST07336,2026-08-05,311000,DISCC20
ORD09279,CUST03823,2026-04-29,706000,NONE
ORD09280,CUST04965,2026-09-23,704000,NONE
ORD09281,CUST05611,2026-07-28,408000,DISCC20
ORD09282,CUST09299,2026-04-28,136000,NONE
ORD09283,CUST03459,2026-01-14,769000,DISCC20
ORD09284,CUST03995,2026-07-04,953000,DISC10
ORD09285,CUST05098,2026-01-29,657000,NONE
ORD09286,CUST06304,2026-04-03,666000,NONE
ORD09287,CUST03514,2026-06-28,761000,NONE
ORD09288,CUST07826,2026-02-27,688000,NONE
ORD09289,CUST01701,2026-05-01,490000,DISCC20
ORD09290,CUST07006,2026-06-05,736000,DISCC20
ORD09291,CUST08300,2026-05-20,532000,NONE
ORD09292,CUST03213,2026-03-19,836000,NONE
ORD09293,CUST08619,2026-06-28,410000,DISC 50
ORD09294,CUST02514,2026-05-05,911000,NONE
ORD09295,CUST09068,2026-07-18,489000,NONE
ORD09296,CUST04273,2026-02-17,743000,DISC10
ORD09297,CUST04481,2026-05-04,615000,DISCC20
ORD09298,CUST07891,2026-03-05,964000,NONE
ORD09299,CUST07215,2026-07-19,984000,DISC10
ORD09300,CUST00097,2026-08-09,399000,DISC 50
ORD09301,CUST07827,2026-02-21,918000,DISCC20
ORD09302,CUST07578,2026-06-13,647000,DISCC20
ORD09303,CUST01990,2026-03-02,422000,DISCC20
ORD09304,CUST00402,2026-06-23,427000,NONE
ORD09305,CUST06079,2026-04-07,793000,DISC 50
ORD09306,CUST04953,2026-07-21,435000,DISCC20
ORD09307,CUST09765,2026-10-01,483000,DISC10
ORD09308,CUST04850,2026-02-22,703000,NONE
ORD09309,CUST05909,2026-06-17,522000,DISC10
ORD09310,CUST09819,2026-04-29,759000,DISCC20
ORD09311,CUST02168,2026-05-09,511000,NONE
ORD09312,CUST08864,2026-02-20,429000,NONE
ORD09313,CUST05933,2026-03-19,354000,DISCC20
ORD09314,CUST05395,2026-01-29,49000,NONE
ORD09315,CUST06381,2026-03-30,79000,DISC10
ORD09316,CUST01315,2026-01-25,827000,DISC10
ORD09317,CUST01363,2026-01-29,862000,DISC 50
ORD09318,CUST01210,2026-08-06,450000,DISC10
ORD09319,CUST03155,2026-08-24,600000,DISC 50
ORD09320,CUST08426,2026-05-10,108000,DISCC20
ORD09321,CUST03785,2026-02-14,26000,DISC10
ORD09322,CUST02293,2026-09-20,695000,DISCC20
ORD09323,CUST04964,2026-09-29,706000,NONE
ORD09324,CUST09187,2026-01-27,898000,NONE
ORD09325,CUST02095,2026-09-02,226000,NONE
ORD09326,CUST01206,2026-04-22,87000,DISC 50
ORD09327,CUST08671,2026-05-15,152000,NONE
ORD09328,CUST04015,2026-08-27,668000,NONE
ORD09329,CUST05194,2026-07-05,767000,NONE
ORD09330,CUST09928,2026-02-05,166000,DISCC20
ORD09331,CUST08689,2026-02-06,585000,DISCC20
ORD09332,CUST00344,2026-03-13,445000,DISCC20
ORD09333,CUST08623,2026-02-11,769000,NONE
ORD09334,CUST01992,2026-05-28,517000,NONE
ORD09335,CUST03660,2026-02-02,873000,DISC10
ORD09336,CUST03107,2026-03-21,448000,DISC 50
ORD09337,CUST07150,2026-03-01,647000,DISCC20
ORD09338,CUST08303,2026-08-05,218000,DISC 50
ORD09339,CUST06781,2026-02-03,892000,NONE
ORD09340,CUST04488,2026-08-11,40000,DISCC20
ORD09341,CUST03692,2026-03-17,825000,NONE
ORD09342,CUST09365,2026-02-04,776000,DISCC20
ORD09343,CUST05625,2026-04-02,168000,NONE
ORD09344,CUST06592,2026-03-18,849000,NONE
ORD09345,CUST02865,2026-02-22,414000,NONE
ORD09346,CUST07555,2026-05-04,622000,DISC 50
ORD09347,CUST02711,2026-06-14,983000,DISCC20
ORD09348,CUST03032,2026-06-10,953000,NONE
ORD09349,CUST04215,2026-08-01,289000,DISC 50
ORD09350,CUST04562,2026-09-24,803000,DISCC20
ORD09351,CUST08883,2026-08-08,470000,NONE
ORD09352,CUST01903,2026-02-27,101000,DISC 50
ORD09353,CUST03618,2026-04-24,72000,NONE
ORD09354,CUST00399,2026-05-12,644000,NONE
ORD09355,CUST00402,2026-09-24,353000,NONE
ORD09356,CUST07847,2026-09-13,112000,DISC 50
ORD09357,CUST05698,2026-06-12,633000,NONE
ORD09358,CUST06368,2026-01-29,740000,DISCC20
ORD09359,CUST08695,2026-09-04,515000,NONE
ORD09360,CUST02814,2026-01-27,969000,DISC 50
ORD09361,CUST02490,2026-02-20,41000,NONE
ORD09362,CUST06393,2026-05-17,266000,NONE
ORD09363,CUST01905,2026-03-28,447000,DISCC20
ORD09364,CUST06477,2026-07-23,767000,DISC10
ORD09365,CUST02389,2026-04-21,219000,DISC 50
ORD09366,CUST04866,2026-09-18,99000,NONE
ORD09367,CUST02871,2026-01-04,662000,DISC 50
ORD09368,CUST09658,2026-06-26,606000,NONE
ORD09369,CUST03726,2026-08-28,763000,NONE
ORD09370,CUST09858,2026-04-11,875000,DISC 50
ORD09371,CUST09485,2026-09-08,348000,DISC 50
ORD09372,CUST09246,2026-02-04,683000,DISCC20
ORD09373,CUST07397,2026-05-11,300000,NONE
ORD09374,CUST01205,2026-02-13,90000,NONE
ORD09375,CUST06415,2026-04-21,969000,NONE
ORD09376,CUST03579,2026-01-07,752000,NONE
ORD09377,CUST02432,2026-08-06,388000,NONE
ORD09378,CUST07063,2026-08-26,131000,DISC10
ORD09379,CUST05977,2026-03-24,995000,NONE
ORD09380,CUST02628,2026-05-30,235000,DISCC20
ORD09381,CUST00237,2026-01-16,581000,DISC10
ORD09382,CUST06520,2026-07-05,280000,DISC10
ORD09383,CUST02395,2026-09-18,616000,DISCC20
ORD09384,CUST09153,2026-05-10,167000,NONE
ORD09385,CUST03657,2026-08-27,955000,DISCC20
ORD09386,CUST00645,2026-02-26,934000,NONE
ORD09387,CUST08598,2026-09-25,232000,DISC10
ORD09388,CUST07232,2026-03-29,260000,NONE
ORD09389,CUST05786,2026-08-07,805000,DISC 50
ORD09390,CUST02447,2026-06-28,213000,DISC10
ORD09391,CUST02192,2026-08-30,31000,DISC10
ORD09392,CUST00369,2026-08-18,588000,DISC 50
ORD09393,CUST08926,2026-03-12,506000,DISC 50
ORD09394,CUST07158,2026-02-05,723000,NONE
ORD09395,CUST08030,2026-03-24,652000,NONE
ORD09396,CUST03430,2026-08-09,669000,NONE
ORD09397,CUST01085,2026-06-17,185000,NONE
ORD09398,CUST05792,2026-06-17,364000,DISC10
ORD09399,CUST00301,2026-01-10,397000,DISC10
ORD09400,CUST08410,2026-01-17,142000,NONE
ORD09401,CUST08811,2026-06-05,812000,DISC 50
ORD09402,CUST02111,2026-03-07,464000,DISCC20
ORD09403,CUST00781,2026-04-17,38000,DISCC20
ORD09404,CUST00176,2026-08-03,487000,DISCC20
ORD09405,CUST03943,2026-03-08,354000,DISC10
ORD09406,CUST08667,2026-03-20,261000,DISC10
ORD09407,CUST04452,2026-04-08,724000,DISCC20
ORD09408,CUST03236,2026-05-21,492000,DISC 50
ORD09409,CUST09410,2026-04-15,142000,NONE
ORD09410,CUST09180,2026-03-14,55000,NONE
ORD09411,CUST06809,2026-02-27,751000,NONE
ORD09412,CUST02032,2026-04-24,457000,NONE
ORD09413,CUST09145,2026-07-17,507000,NONE
ORD09414,CUST00152,2026-06-06,279000,DISCC20
ORD09415,CUST04166,2026-01-01,407000,DISC 50
ORD09416,CUST01054,2026-05-10,990000,DISC10
ORD09417,CUST01632,2026-07-19,471000,NONE
ORD09418,CUST09508,2026-05-16,500000,DISC10
ORD09419,CUST08956,2026-01-16,319000,DISC 50
ORD09420,CUST09050,2026-06-19,53000,DISC10
ORD09421,CUST01557,2026-06-18,526000,NONE
ORD09422,CUST02339,2026-06-03,619000,NONE
ORD09423,CUST08450,2026-03-29,28000,NONE
ORD09424,CUST04846,2026-03-08,123000,DISC10
ORD09425,CUST00100,2026-07-03,350000,DISC10
ORD09426,CUST09391,2026-07-28,747000,NONE
ORD09427,CUST03198,2026-02-20,150000,DISC 50
ORD09428,CUST05430,2026-03-25,406000,DISCC20
ORD09429,CUST02665,2026-05-06,161000,NONE
ORD09430,CUST05315,2026-01-25,540000,NONE
ORD09431,CUST07472,2026-04-09,688000,NONE
ORD09432,CUST03851,2026-06-05,383000,DISC 50
ORD09433,CUST05015,2026-01-30,533000,NONE
ORD09434,CUST05569,2026-03-31,789000,NONE
ORD09435,CUST09762,2026-04-12,397000,DISC10
ORD09436,CUST01425,2026-02-24,143000,DISC 50
ORD09437,CUST05319,2026-03-23,352000,NONE
ORD09438,CUST02975,2026-08-11,499000,NONE
ORD09439,CUST06585,2026-04-01,66000,DISCC20
ORD09440,CUST07294,2026-02-12,307000,NONE
ORD09441,CUST03899,2026-01-10,45000,DISC 50
ORD09442,CUST08744,2026-07-03,937000,NONE
ORD09443,CUST09716,2026-01-04,507000,DISC10
ORD09444,CUST01105,2026-08-10,843000,DISC 50
ORD09445,CUST02918,2026-03-09,648000,DISCC20
ORD09446,CUST05382,2026-07-08,733000,DISC 50
ORD09447,CUST09770,2026-07-06,925000,DISCC20
ORD09448,CUST05341,2026-01-24,779000,DISC 50
ORD09449,CUST07258,2026-07-28,353000,NONE
ORD09450,CUST09824,2026-09-11,646000,DISC10
ORD09451,CUST03087,2026-02-24,829000,NONE
ORD09452,CUST00301,2026-04-25,750000,DISC 50
ORD09453,CUST07664,2026-06-19,446000,DISCC20
ORD09454,CUST04098,2026-08-15,357000,NONE
ORD09455,CUST01438,2026-02-23,423000,DISC10
ORD09456,CUST08694,2026-07-02,609000,NONE
ORD09457,CUST01787,2026-01-20,924000,DISC 50
ORD09458,CUST02975,2026-03-27,144000,DISCC20
ORD09459,CUST06209,2026-04-14,751000,NONE
ORD09460,CUST00996,2026-07-12,32000,NONE
ORD09461,CUST04462,2026-04-11,494000,NONE
ORD09462,CUST02129,2026-02-06,712000,NONE
ORD09463,CUST09613,2026-09-22,657000,NONE
ORD09464,CUST00116,2026-04-27,728000,NONE
ORD09465,CUST06397,2026-05-24,949000,DISC10
ORD09466,CUST04038,2026-03-01,773000,NONE
ORD09467,CUST09459,2026-09-03,930000,NONE
ORD09468,CUST07644,2026-03-06,132000,NONE
ORD09469,CUST06455,2026-06-18,982000,DISC10
ORD09470,CUST03462,2026-04-23,558000,NONE
ORD09471,CUST08864,2026-09-06,928000,NONE
ORD09472,CUST02385,2026-06-30,550000,DISC 50
ORD09473,CUST06498,2026-09-20,549000,NONE
ORD09474,CUST08948,2026-02-23,816000,DISC 50
ORD09475,CUST09428,2026-05-01,503000,NONE
ORD09476,CUST00839,2026-05-05,753000,NONE
ORD09477,CUST00067,2026-01-05,506000,DISCC20
ORD09478,CUST09624,2026-09-12,316000,NONE
ORD09479,CUST04534,2026-06-02,345000,NONE
ORD09480,CUST05075,2026-05-10,308000,DISC10
ORD09481,CUST07404,2026-01-23,437000,NONE
ORD09482,CUST06981,2026-03-29,163000,NONE
ORD09483,CUST04667,2026-06-25,694000,DISCC20
ORD09484,CUST07405,2026-06-02,875000,DISC 50
ORD09485,CUST06407,2026-02-25,56000,NONE
ORD09486,CUST04088,2026-05-13,374000,NONE
ORD09487,CUST03430,2026-09-21,968000,NONE
ORD09488,CUST05397,2026-09-22,666000,NONE
ORD09489,CUST07571,2026-01-28,856000,NONE
ORD09490,CUST05962,2026-08-08,543000,DISC 50
ORD09491,CUST08313,2026-08-19,799000,DISCC20
ORD09492,CUST05405,2026-09-12,451000,NONE
ORD09493,CUST06200,2026-02-06,513000,NONE
ORD09494,CUST03574,2026-06-08,338000,NONE
ORD09495,CUST08009,2026-01-20,886000,NONE
ORD09496,CUST00931,2026-04-18,478000,NONE
ORD09497,CUST07635,2026-02-20,501000,NONE
ORD09498,CUST03168,2026-02-18,348000,NONE
ORD09499,CUST00043,2026-01-14,528000,NONE
ORD09500,CUST03571,2026-10-01,422000,NONE
ORD09501,CUST02435,2026-03-22,220000,DISCC20
ORD09502,CUST05269,2026-09-14,314000,DISC10
ORD09503,CUST03099,2026-05-01,443000,NONE
ORD09504,CUST02129,2026-06-24,592000,DISC 50
ORD09505,CUST03069,2026-01-23,254000,DISC10
ORD09506,CUST06433,2026-03-12,347000,DISCC20
ORD09507,CUST07514,2026-03-23,268000,DISC 50
ORD09508,CUST01948,2026-06-19,316000,NONE
ORD09509,CUST02554,2026-08-19,293000,NONE
ORD09510,CUST03087,2026-01-28,168000,DISCC20
ORD09511,CUST04389,2026-05-06,518000,NONE
ORD09512,CUST04785,2026-02-08,459000,NONE
ORD09513,CUST00547,2026-06-18,624000,DISCC20
ORD09514,CUST05144,2026-07-02,401000,DISC 50
ORD09515,CUST00687,2026-08-20,960000,DISCC20
ORD09516,CUST00671,2026-01-19,445000,DISC10
ORD09517,CUST04121,2026-08-29,100000,DISCC20
ORD09518,CUST05066,2026-08-03,296000,DISC 50
ORD09519,CUST07703,2026-05-21,843000,NONE
ORD09520,CUST02624,2026-02-26,135000,NONE
ORD09521,CUST09783,2026-05-08,120000,NONE
ORD09522,CUST07826,2026-03-17,718000,NONE
ORD09523,CUST06857,2026-01-08,357000,DISC10
ORD09524,CUST06640,2026-08-13,130000,DISCC20
ORD09525,CUST02449,2026-03-28,953000,NONE
ORD09526,CUST00433,2026-05-02,398000,NONE
ORD09527,CUST04642,2026-06-01,454000,NONE
ORD09528,CUST04069,2026-06-30,712000,DISC10
ORD09529,CUST06079,2026-05-12,403000,DISC 50
ORD09530,CUST09514,2026-06-24,365000,DISC10
ORD09531,CUST06683,2026-03-06,242000,NONE
ORD09532,CUST07024,2026-06-20,31000,NONE
ORD09533,CUST07984,2026-09-13,811000,NONE
ORD09534,CUST03546,2026-06-09,262000,NONE
ORD09535,CUST07998,2026-03-12,444000,DISCC20
ORD09536,CUST04307,2026-02-01,719000,NONE
ORD09537,CUST00479,2026-01-19,557000,DISCC20
ORD09538,CUST06559,2026-05-06,604000,NONE
ORD09539,CUST06949,2026-03-14,936000,NONE
ORD09540,CUST03011,2026-01-09,994000,NONE
ORD09541,CUST02453,2026-04-05,88000,NONE
ORD09542,CUST06137,2026-08-16,996000,DISC 50
ORD09543,CUST06561,2026-01-12,131000,NONE
ORD09544,CUST07073,2026-01-20,683000,NONE
ORD09545,CUST01100,2026-01-13,373000,NONE
ORD09546,CUST02829,2026-02-25,64000,DISC10
ORD09547,CUST09569,2026-04-17,893000,DISCC20
ORD09548,CUST05069,2026-05-10,651000,DISC10
ORD09549,CUST07151,2026-08-23,638000,NONE
ORD09550,CUST01877,2026-03-25,416000,DISCC20
ORD09551,CUST09032,2026-02-07,689000,DISCC20
ORD09552,CUST03789,2026-05-02,627000,NONE
ORD09553,CUST09770,2026-02-07,186000,NONE
ORD09554,CUST09985,2026-07-13,175000,DISC10
ORD09555,CUST05525,2026-01-02,254000,DISC10
ORD09556,CUST01394,2026-09-03,188000,DISCC20
ORD09557,CUST00691,2026-08-02,911000,DISC10
ORD09558,CUST02381,2026-03-06,548000,DISCC20
ORD09559,CUST07283,2026-08-26,791000,DISC 50
ORD09560,CUST07439,2026-04-04,823000,DISC10
ORD09561,CUST04688,2026-06-11,660000,NONE
ORD09562,CUST08045,2026-06-15,777000,NONE
ORD09563,CUST02729,2026-08-16,937000,NONE
ORD09564,CUST01019,2026-03-16,434000,DISCC20
ORD09565,CUST02602,2026-03-19,734000,NONE
ORD09566,CUST00423,2026-09-23,106000,DISCC20
ORD09567,CUST09453,2026-08-04,591000,DISC10
ORD09568,CUST04239,2026-05-30,450000,NONE
ORD09569,CUST05992,2026-08-03,540000,NONE
ORD09570,CUST02251,2026-06-15,783000,DISC 50
ORD09571,CUST06691,2026-09-09,38000,NONE
ORD09572,CUST00319,2026-08-02,687000,NONE
ORD09573,CUST07209,2026-05-16,184000,NONE
ORD09574,CUST05614,2026-05-12,206000,DISC 50
ORD09575,CUST03564,2026-08-25,488000,NONE
ORD09576,CUST04106,2026-08-27,505000,NONE
ORD09577,CUST00231,2026-05-14,477000,DISC10
ORD09578,CUST06826,2026-05-20,350000,NONE
ORD09579,CUST07507,2026-08-28,819000,DISC10
ORD09580,CUST01416,2026-08-11,170000,NONE
ORD09581,CUST08195,2026-09-21,646000,NONE
ORD09582,CUST08942,2026-03-20,338000,DISCC20
ORD09583,CUST08560,2026-07-24,87000,NONE
ORD09584,CUST08400,2026-03-11,840000,DISCC20
ORD09585,CUST01167,2026-07-25,749000,NONE
ORD09586,CUST04214,2026-07-13,147000,NONE
ORD09587,CUST00022,2026-01-14,374000,DISCC20
ORD09588,CUST01222,2026-09-10,685000,NONE
ORD09589,CUST00546,2026-08-06,367000,NONE
ORD09590,CUST08893,2026-07-23,552000,DISC10
ORD09591,CUST01217,2026-04-14,731000,NONE
ORD09592,CUST06194,2026-07-25,337000,NONE
ORD09593,CUST01051,2026-07-08,172000,NONE
ORD09594,CUST03128,2026-09-26,944000,DISC10
ORD09595,CUST04301,2026-03-31,161000,NONE
ORD09596,CUST03904,2026-07-04,407000,NONE
ORD09597,CUST01364,2026-05-19,883000,NONE
ORD09598,CUST01389,2026-01-10,615000,NONE
ORD09599,CUST09116,2026-02-13,722000,DISC 50
ORD09600,CUST08558,2026-01-11,475000,DISC10
ORD09601,CUST07722,2026-03-02,26000,NONE
ORD09602,CUST06560,2026-09-21,522000,DISC10
ORD09603,CUST02795,2026-07-07,65000,NONE
ORD09604,CUST01696,2026-08-28,766000,DISC10
ORD09605,CUST04674,2026-08-30,84000,DISC 50
ORD09606,CUST03686,2026-04-26,459000,NONE
ORD09607,CUST07253,2026-07-10,636000,NONE
ORD09608,CUST02485,2026-08-20,688000,DISC 50
ORD09609,CUST01364,2026-07-31,710000,DISC10
ORD09610,CUST01104,2026-06-17,118000,DISC10
ORD09611,CUST00840,2026-01-01,717000,NONE
ORD09612,CUST01739,2026-01-27,533000,NONE
ORD09613,CUST00461,2026-07-05,768000,DISCC20
ORD09614,CUST06099,2026-01-07,74000,DISCC20
ORD09615,CUST04736,2026-06-28,603000,NONE
ORD09616,CUST03763,2026-03-25,745000,NONE
ORD09617,CUST00537,2026-03-31,108000,DISC10
ORD09618,CUST07712,2026-03-30,398000,NONE
ORD09619,CUST04408,2026-08-31,688000,NONE
ORD09620,CUST03770,2026-06-20,913000,NONE
ORD09621,CUST05265,2026-08-05,634000,NONE
ORD09622,CUST05067,2026-08-20,285000,DISCC20
ORD09623,CUST02480,2026-06-27,417000,NONE
ORD09624,CUST02716,2026-05-13,82000,DISC 50
ORD09625,CUST06627,2026-02-12,316000,DISC10
ORD09626,CUST03461,2026-06-28,476000,DISC 50
ORD09627,CUST06003,2026-01-21,120000,DISCC20
ORD09628,CUST07514,2026-05-03,984000,NONE
ORD09629,CUST07277,2026-04-28,833000,NONE
ORD09630,CUST09396,2026-07-22,814000,NONE
ORD09631,CUST06215,2026-08-18,571000,DISC10
ORD09632,CUST00079,2026-07-12,882000,NONE
ORD09633,CUST05628,2026-06-13,533000,DISC10
ORD09634,CUST04935,2026-08-23,638000,NONE
ORD09635,CUST05951,2026-01-24,558000,DISC 50
ORD09636,CUST08458,2026-07-20,546000,DISC10
ORD09637,CUST04471,2026-05-21,627000,NONE
ORD09638,CUST08447,2026-01-18,84000,DISCC20
ORD09639,CUST08247,2026-06-22,435000,DISCC20
ORD09640,CUST00740,2026-05-26,715000,DISC 50
ORD09641,CUST04186,2026-08-16,296000,DISC 50
ORD09642,CUST09256,2026-01-14,657000,NONE
ORD09643,CUST03426,2026-08-12,212000,DISC 50
ORD09644,CUST03990,2026-07-11,349000,DISCC20
ORD09645,CUST09686,2026-08-14,136000,DISC10
ORD09646,CUST01484,2026-03-01,733000,DISC10
ORD09647,CUST06094,2026-09-23,844000,NONE
ORD09648,CUST08753,2026-02-06,281000,NONE
ORD09649,CUST08384,2026-08-06,649000,NONE
ORD09650,CUST09773,2026-06-14,252000,DISCC20
ORD09651,CUST03978,2026-02-09,390000,NONE
ORD09652,CUST01930,2026-07-30,537000,NONE
ORD09653,CUST00858,2026-04-18,863000,NONE
ORD09654,CUST03254,2026-08-21,691000,DISC 50
ORD09655,CUST00137,2026-09-30,923000,DISC10
ORD09656,CUST02422,2026-03-21,697000,NONE
ORD09657,CUST02538,2026-05-16,379000,NONE
ORD09658,CUST02200,2026-09-11,33000,DISC 50
ORD09659,CUST04858,2026-06-19,584000,DISCC20
ORD09660,CUST07935,2026-09-22,968000,NONE
ORD09661,CUST09991,2026-02-22,169000,DISC10
ORD09662,CUST07709,2026-05-25,724000,DISC 50
ORD09663,CUST07322,2026-05-24,337000,NONE
ORD09664,CUST04829,2026-01-03,203000,NONE
ORD09665,CUST07466,2026-05-07,131000,NONE
ORD09666,CUST07774,2026-05-10,838000,DISCC20
ORD09667,CUST04297,2026-02-11,465000,DISC10
ORD09668,CUST03001,2026-08-23,536000,DISC 50
ORD09669,CUST04448,2026-01-25,377000,DISCC20
ORD09670,CUST06944,2026-04-03,481000,NONE
ORD09671,CUST08495,2026-09-15,689000,NONE
ORD09672,CUST09662,2026-08-21,579000,NONE
ORD09673,CUST07711,2026-08-25,363000,DISC 50
ORD09674,CUST05397,2026-05-23,550000,DISC 50
ORD09675,CUST04832,2026-08-20,95000,DISCC20
ORD09676,CUST00070,2026-05-23,143000,NONE
ORD09677,CUST09524,2026-03-11,733000,DISCC20
ORD09678,CUST00054,2026-08-01,732000,DISC 50
ORD09679,CUST02982,2026-08-11,737000,NONE
ORD09680,CUST01049,2026-06-20,740000,NONE
ORD09681,CUST04116,2026-04-17,410000,DISCC20
ORD09682,CUST09877,2026-09-22,52000,DISC10
ORD09683,CUST04568,2026-03-20,886000,NONE
ORD09684,CUST04827,2026-05-27,515000,NONE
ORD09685,CUST06913,2026-05-05,761000,NONE
ORD09686,CUST06671,2026-06-28,146000,DISC10
ORD09687,CUST06711,2026-07-04,592000,NONE
ORD09688,CUST02168,2026-03-11,743000,DISCC20
ORD09689,CUST07625,2026-02-01,53000,NONE
ORD09690,CUST05494,2026-08-03,653000,DISC 50
ORD09691,CUST00496,2026-09-23,912000,DISC 50
ORD09692,CUST01674,2026-04-29,412000,DISC10
ORD09693,CUST02139,2026-03-09,485000,NONE
ORD09694,CUST03954,2026-06-03,279000,DISC10
ORD09695,CUST07209,2026-04-20,716000,DISCC20
ORD09696,CUST01105,2026-09-09,574000,NONE
ORD09697,CUST04658,2026-03-24,330000,NONE
ORD09698,CUST06855,2026-06-30,217000,DISC10
ORD09699,CUST02131,2026-02-23,665000,DISC10
ORD09700,CUST08907,2026-04-18,740000,DISC10
ORD09701,CUST08922,2026-09-09,892000,DISCC20
ORD09702,CUST08841,2026-09-07,801000,DISC10
ORD09703,CUST06819,2026-07-22,104000,DISC 50
ORD09704,CUST05681,2026-06-02,662000,NONE
ORD09705,CUST08415,2026-06-19,435000,NONE
ORD09706,CUST05795,2026-04-29,468000,DISC 50
ORD09707,CUST01310,2026-06-01,560000,DISC10
ORD09708,CUST09028,2026-03-26,721000,NONE
ORD09709,CUST05548,2026-04-01,167000,DISC10
ORD09710,CUST08574,2026-03-29,746000,NONE
ORD09711,CUST07091,2026-07-15,623000,DISC10
ORD09712,CUST04465,2026-06-11,424000,NONE
ORD09713,CUST05082,2026-09-27,204000,NONE
ORD09714,CUST02562,2026-09-14,734000,NONE
ORD09715,CUST07357,2026-05-27,929000,DISC10
ORD09716,CUST02526,2026-06-18,70000,DISCC20
ORD09717,CUST03609,2026-02-10,884000,NONE
ORD09718,CUST08854,2026-03-27,593000,NONE
ORD09719,CUST02746,2026-02-16,239000,NONE
ORD09720,CUST00275,2026-03-23,237000,NONE
ORD09721,CUST08569,2026-07-15,471000,DISC 50
ORD09722,CUST07251,2026-03-06,976000,NONE
ORD09723,CUST08932,2026-09-04,423000,DISCC20
ORD09724,CUST08874,2026-08-07,744000,NONE
ORD09725,CUST03050,2026-06-23,507000,DISCC20
ORD09726,CUST07582,2026-09-28,781000,NONE
ORD09727,CUST03985,2026-01-15,178000,DISC10
ORD09728,CUST07916,2026-09-16,484000,NONE
ORD09729,CUST04402,2026-04-26,473000,DISC10
ORD09730,CUST06664,2026-01-04,211000,NONE
ORD09731,CUST03636,2026-04-27,297000,NONE
ORD09732,CUST06034,2026-06-27,516000,DISCC20
ORD09733,CUST06968,2026-06-25,202000,DISCC20
ORD09734,CUST07421,2026-03-08,536000,NONE
ORD09735,CUST00917,2026-01-19,285000,DISC 50
ORD09736,CUST05565,2026-04-20,568000,DISC 50
ORD09737,CUST03578,2026-08-29,87000,DISCC20
ORD09738,CUST03615,2026-08-25,788000,NONE
ORD09739,CUST02789,2026-03-06,588000,DISC 50
ORD09740,CUST00372,2026-08-18,344000,NONE
ORD09741,CUST04171,2026-03-25,67000,NONE
ORD09742,CUST05425,2026-03-20,375000,DISC 50
ORD09743,CUST06727,2026-05-29,558000,NONE
ORD09744,CUST09484,2026-04-25,839000,NONE
ORD09745,CUST00634,2026-08-23,325000,DISC10
ORD09746,CUST06809,2026-02-23,513000,NONE
ORD09747,CUST05894,2026-02-05,832000,NONE
ORD09748,CUST04678,2026-08-04,434000,NONE
ORD09749,CUST03815,2026-08-24,565000,NONE
ORD09750,CUST06228,2026-06-25,648000,DISC10
ORD09751,CUST04564,2026-06-02,552000,NONE
ORD09752,CUST07066,2026-05-16,536000,NONE
ORD09753,CUST03396,2026-04-27,216000,NONE
ORD09754,CUST01156,2026-04-02,731000,DISCC20
ORD09755,CUST08919,2026-05-26,641000,DISC 50
ORD09756,CUST08760,2026-06-30,501000,NONE
ORD09757,CUST00476,2026-08-13,35000,NONE
ORD09758,CUST02649,2026-08-05,269000,NONE
ORD09759,CUST05125,2026-05-15,621000,NONE
ORD09760,CUST02616,2026-05-23,456000,DISC 50
ORD09761,CUST07999,2026-01-17,447000,DISC10
ORD09762,CUST03381,2026-06-15,85000,DISC10
ORD09763,CUST00774,2026-03-07,255000,DISCC20
ORD09764,CUST00475,2026-09-19,735000,DISC10
ORD09765,CUST08267,2026-05-04,535000,DISC10
ORD09766,CUST02356,2026-07-12,582000,DISCC20
ORD09767,CUST05831,2026-05-07,459000,NONE
ORD09768,CUST05251,2026-01-28,937000,NONE
ORD09769,CUST00626,2026-02-08,578000,NONE
ORD09770,CUST01917,2026-01-09,399000,DISCC20
ORD09771,CUST07489,2026-04-16,311000,DISCC20
ORD09772,CUST06615,2026-06-16,494000,DISC10
ORD09773,CUST07371,2026-03-08,527000,DISCC20
ORD09774,CUST07550,2026-09-19,97000,DISC 50
ORD09775,CUST05994,2026-07-15,647000,NONE
ORD09776,CUST07581,2026-07-08,738000,NONE
ORD09777,CUST05791,2026-06-01,531000,DISC 50
ORD09778,CUST09340,2026-06-25,404000,DISC 50
ORD09779,CUST05614,2026-01-14,356000,NONE
ORD09780,CUST06337,2026-05-03,162000,NONE
ORD09781,CUST07260,2026-02-12,142000,DISC 50
ORD09782,CUST05973,2026-09-21,921000,DISC 50
ORD09783,CUST09162,2026-02-08,254000,NONE
ORD09784,CUST02629,2026-06-26,731000,DISC 50
ORD09785,CUST06013,2026-03-09,171000,DISC10
ORD09786,CUST08677,2026-08-21,685000,NONE
ORD09787,CUST01218,2026-03-25,428000,NONE
ORD09788,CUST01578,2026-06-10,919000,DISC10
ORD09789,CUST01517,2026-04-05,331000,DISC 50
ORD09790,CUST04840,2026-09-09,752000,DISC 50
ORD09791,CUST02441,2026-06-13,86000,DISCC20
ORD09792,CUST02221,2026-01-21,509000,NONE
ORD09793,CUST04294,2026-07-17,499000,DISCC20
ORD09794,CUST08404,2026-01-14,773000,NONE
ORD09795,CUST04919,2026-03-14,998000,DISC10
ORD09796,CUST05938,2026-04-07,724000,DISCC20
ORD09797,CUST01501,2026-03-30,829000,DISCC20
ORD09798,CUST04682,2026-05-26,34000,NONE
ORD09799,CUST09548,2026-03-30,230000,NONE
ORD09800,CUST04745,2026-04-30,684000,DISC10
ORD09801,CUST01479,2026-05-09,205000,NONE
ORD09802,CUST09039,2026-02-15,947000,DISC10
ORD09803,CUST02700,2026-07-05,387000,NONE
ORD09804,CUST09552,2026-06-12,606000,DISC10
ORD09805,CUST04626,2026-01-14,972000,NONE
ORD09806,CUST01451,2026-05-10,164000,NONE
ORD09807,CUST02521,2026-05-02,357000,DISC 50
ORD09808,CUST00134,2026-07-28,113000,NONE
ORD09809,CUST01866,2026-02-14,233000,DISC 50
ORD09810,CUST04293,2026-04-30,845000,NONE
ORD09811,CUST07750,2026-07-07,95000,DISCC20
ORD09812,CUST09844,2026-04-20,810000,NONE
ORD09813,CUST02882,2026-08-10,938000,NONE
ORD09814,CUST08960,2026-08-07,450000,DISC10
ORD09815,CUST08087,2026-04-06,269000,DISC 50
ORD09816,CUST01901,2026-03-07,811000,DISC10
ORD09817,CUST00425,2026-03-19,816000,DISCC20
ORD09818,CUST03340,2026-02-14,539000,DISC10
ORD09819,CUST00647,2026-04-25,119000,DISC 50
ORD09820,CUST09183,2026-06-06,60000,DISCC20
ORD09821,CUST09869,2026-09-27,76000,NONE
ORD09822,CUST01151,2026-09-28,617000,NONE
ORD09823,CUST04949,2026-07-31,853000,DISC 50
ORD09824,CUST03085,2026-03-22,144000,NONE
ORD09825,CUST09433,2026-02-25,914000,NONE
ORD09826,CUST08408,2026-01-19,182000,DISC10
ORD09827,CUST03149,2026-04-22,353000,NONE
ORD09828,CUST01542,2026-04-16,477000,DISCC20
ORD09829,CUST07063,2026-04-30,927000,NONE
ORD09830,CUST08013,2026-07-24,80000,DISC 50
ORD09831,CUST07935,2026-02-05,112000,DISC10
ORD09832,CUST08977,2026-04-22,948000,NONE
ORD09833,CUST01887,2026-02-17,934000,NONE
ORD09834,CUST04761,2026-09-03,61000,DISC 50
ORD09835,CUST01836,2026-01-16,269000,NONE
ORD09836,CUST02604,2026-04-16,48000,DISCC20
ORD09837,CUST04318,2026-05-20,631000,DISC 50
ORD09838,CUST00456,2026-08-09,529000,DISC10
ORD09839,CUST08508,2026-05-12,511000,NONE
ORD09840,CUST00951,2026-06-26,871000,NONE
ORD09841,CUST07435,2026-09-11,380000,NONE
ORD09842,CUST05868,2026-03-20,749000,NONE
ORD09843,CUST02491,2026-08-24,256000,DISC10
ORD09844,CUST03424,2026-07-13,145000,NONE
ORD09845,CUST03209,2026-01-14,703000,NONE
ORD09846,CUST01259,2026-09-15,120000,NONE
ORD09847,CUST05169,2026-01-29,814000,NONE
ORD09848,CUST00508,2026-08-14,217000,NONE
ORD09849,CUST03372,2026-07-14,86000,NONE
ORD09850,CUST07564,2026-07-24,48000,DISC10
ORD09851,CUST09729,2026-06-26,647000,DISC 50
ORD09852,CUST09785,2026-07-26,908000,NONE
ORD09853,CUST09906,2026-07-23,276000,NONE
ORD09854,CUST04061,2026-03-12,248000,NONE
ORD09855,CUST00972,2026-08-25,54000,NONE
ORD09856,CUST05215,2026-02-25,560000,DISC10
ORD09857,CUST09503,2026-01-14,532000,DISC10
ORD09858,CUST00796,2026-05-21,597000,NONE
ORD09859,CUST04091,2026-04-12,211000,DISCC20
ORD09860,CUST03531,2026-06-02,889000,DISC10
ORD09861,CUST05532,2026-07-27,935000,NONE
ORD09862,CUST04804,2026-09-09,317000,NONE
ORD09863,CUST09045,2026-09-27,222000,NONE
ORD09864,CUST03988,2026-03-29,504000,DISC 50
ORD09865,CUST09467,2026-01-03,529000,DISCC20
ORD09866,CUST08596,2026-03-14,896000,DISC 50
ORD09867,CUST06125,2026-03-14,588000,DISC 50
ORD09868,CUST05834,2026-05-21,348000,DISC10
ORD09869,CUST01874,2026-04-19,940000,NONE
ORD09870,CUST00393,2026-08-04,244000,DISC 50
ORD09871,CUST02705,2026-09-23,821000,DISCC20
ORD09872,CUST08121,2026-08-08,580000,NONE
ORD09873,CUST08976,2026-04-16,752000,NONE
ORD09874,CUST06495,2026-04-11,924000,NONE
ORD09875,CUST02382,2026-04-09,1000000,DISCC20
ORD09876,CUST00279,2026-09-30,58000,DISC 50
ORD09877,CUST06738,2026-05-01,286000,NONE
ORD09878,CUST08502,2026-07-06,343000,NONE
ORD09879,CUST04481,2026-08-04,554000,NONE
ORD09880,CUST04355,2026-09-03,125000,NONE
ORD09881,CUST08047,2026-04-29,810000,DISC10
ORD09882,CUST00633,2026-03-08,434000,DISCC20
ORD09883,CUST07494,2026-02-24,365000,DISC 50
ORD09884,CUST09423,2026-03-28,477000,NONE
ORD09885,CUST00612,2026-07-24,149000,DISC 50
ORD09886,CUST08412,2026-07-03,334000,DISC10
ORD09887,CUST01695,2026-09-20,138000,NONE
ORD09888,CUST04147,2026-05-18,843000,DISC10
ORD09889,CUST07200,2026-07-09,207000,NONE
ORD09890,CUST05106,2026-02-27,753000,DISCC20
ORD09891,CUST01122,2026-07-14,99000,NONE
ORD09892,CUST01938,2026-07-15,129000,DISC 50
ORD09893,CUST00509,2026-07-17,905000,DISCC20
ORD09894,CUST01248,2026-07-12,116000,NONE
ORD09895,CUST06549,2026-03-27,791000,NONE
ORD09896,CUST05454,2026-01-12,374000,DISC 50
ORD09897,CUST06211,2026-05-19,384000,DISC 50
ORD09898,CUST06525,2026-03-31,537000,DISCC20
ORD09899,CUST08300,2026-07-14,796000,DISC 50
ORD09900,CUST08190,2026-04-29,487000,DISC10
ORD09901,CUST00448,2026-05-17,228000,DISC 50
ORD09902,CUST05158,2026-05-20,312000,DISC 50
ORD09903,CUST06722,2026-07-01,831000,NONE
ORD09904,CUST00146,2026-01-15,261000,DISC10
ORD09905,CUST01520,2026-02-14,640000,NONE
ORD09906,CUST02494,2026-03-12,533000,DISCC20
ORD09907,CUST08564,2026-04-23,410000,NONE
ORD09908,CUST04376,2026-08-30,728000,DISCC20
ORD09909,CUST07292,2026-02-20,786000,DISCC20
ORD09910,CUST08690,2026-07-19,262000,NONE
ORD09911,CUST00907,2026-07-08,989000,NONE
ORD09912,CUST07389,2026-06-16,46000,NONE
ORD09913,CUST04238,2026-04-10,55000,NONE
ORD09914,CUST06659,2026-02-13,724000,DISC 50
ORD09915,CUST08907,2026-01-17,141000,DISC10
ORD09916,CUST06748,2026-04-07,847000,NONE
ORD09917,CUST00316,2026-05-13,271000,DISC 50
ORD09918,CUST04127,2026-09-28,600000,DISC 50
ORD09919,CUST07764,2026-04-07,857000,NONE
ORD09920,CUST00256,2026-01-18,732000,NONE
ORD09921,CUST07980,2026-03-30,975000,NONE
ORD09922,CUST09444,2026-06-19,368000,NONE
ORD09923,CUST04996,2026-03-05,855000,DISCC20
ORD09924,CUST04180,2026-07-01,316000,NONE
ORD09925,CUST07009,2026-07-18,614000,DISC 50
ORD09926,CUST02265,2026-05-31,880000,DISC10
ORD09927,CUST05796,2026-09-01,890000,NONE
ORD09928,CUST07777,2026-03-08,376000,DISCC20
ORD09929,CUST00128,2026-09-14,37000,DISC10
ORD09930,CUST01096,2026-08-01,688000,NONE
ORD09931,CUST04439,2026-04-15,338000,NONE
ORD09932,CUST05226,2026-05-26,624000,DISCC20
ORD09933,CUST05129,2026-04-30,715000,DISC10
ORD09934,CUST03488,2026-07-29,589000,DISCC20
ORD09935,CUST06924,2026-03-25,310000,NONE
ORD09936,CUST09930,2026-09-21,523000,NONE
ORD09937,CUST00757,2026-02-16,79000,DISC10
ORD09938,CUST00210,2026-08-16,501000,NONE
ORD09939,CUST02056,2026-02-22,724000,NONE
ORD09940,CUST05536,2026-05-26,484000,NONE
ORD09941,CUST03923,2026-02-08,66000,DISC 50
ORD09942,CUST09166,2026-06-04,313000,DISC10
ORD09943,CUST02847,2026-05-28,665000,NONE
ORD09944,CUST05135,2026-05-06,755000,DISC 50
ORD09945,CUST08878,2026-03-18,231000,NONE
ORD09946,CUST07920,2026-04-20,198000,NONE
ORD09947,CUST07732,2026-10-01,755000,DISC 50
ORD09948,CUST08060,2026-07-27,612000,NONE
ORD09949,CUST03410,2026-03-05,74000,DISCC20
ORD09950,CUST05337,2026-08-01,412000,DISC 50
ORD09951,CUST07740,2026-08-22,123000,DISC10
ORD09952,CUST08482,2026-06-24,598000,DISCC20
ORD09953,CUST08597,2026-02-03,911000,NONE
ORD09954,CUST08549,2026-01-20,834000,NONE
ORD09955,CUST01196,2026-05-23,979000,NONE
ORD09956,CUST07990,2026-01-02,770000,NONE
ORD09957,CUST01901,2026-03-03,451000,DISC10
ORD09958,CUST04927,2026-02-08,980000,NONE
ORD09959,CUST04172,2026-05-12,415000,NONE
ORD09960,CUST01689,2026-02-11,621000,NONE
ORD09961,CUST00989,2026-05-04,801000,NONE
ORD09962,CUST05952,2026-08-23,844000,DISC 50
ORD09963,CUST04948,2026-03-30,919000,NONE
ORD09964,CUST08458,2026-04-19,964000,NONE
ORD09965,CUST03027,2026-06-22,271000,NONE
ORD09966,CUST04791,2026-09-05,597000,NONE
ORD09967,CUST07512,2026-09-11,29000,DISC10
ORD09968,CUST09181,2026-08-29,598000,DISC10
ORD09969,CUST05581,2026-03-17,273000,DISCC20
ORD09970,CUST01554,2026-06-21,185000,DISC10
ORD09971,CUST09022,2026-01-16,192000,DISCC20
ORD09972,CUST07915,2026-07-27,610000,NONE
ORD09973,CUST06703,2026-01-31,706000,NONE
ORD09974,CUST00320,2026-07-30,176000,NONE
ORD09975,CUST05908,2026-08-09,957000,NONE
ORD09976,CUST09000,2026-04-15,245000,NONE
ORD09977,CUST07527,2026-07-04,89000,NONE
ORD09978,CUST06595,2026-06-07,801000,NONE
ORD09979,CUST02189,2026-09-29,136000,NONE
ORD09980,CUST00228,2026-01-01,218000,NONE
ORD09981,CUST00158,2026-08-30,876000,NONE
ORD09982,CUST07324,2026-01-11,72000,DISCC20
ORD09983,CUST08523,2026-09-07,820000,DISC10
ORD09984,CUST08391,2026-09-28,794000,NONE
ORD09985,CUST07122,2026-08-02,794000,NONE
ORD09986,CUST02691,2026-04-26,62000,NONE
ORD09987,CUST09350,2026-01-18,935000,NONE
ORD09988,CUST04473,2026-05-01,541000,DISC 50
ORD09989,CUST07131,2026-03-21,528000,NONE
ORD09990,CUST08861,2026-06-05,475000,NONE
ORD09991,CUST06715,2026-04-01,380000,DISC10
ORD09992,CUST04693,2026-09-01,714000,DISC 50
ORD09993,CUST06472,2026-06-24,349000,NONE
ORD09994,CUST06998,2026-03-10,507000,NONE
ORD09995,CUST04525,2026-07-04,116000,NONE
ORD09996,CUST02625,2026-09-19,539000,DISC10
ORD09997,CUST09601,2026-08-17,302000,NONE
ORD09998,CUST09461,2026-09-02,383000,DISC10
ORD09999,CUST03176,2026-01-21,339000,DISC 50
ORD10000,CUST02444,2026-03-09,87000,DISCC20
